parameter_id,leaf_path,scope,default_value,data_type,range_enum_or_formula,effect_step_category,permission,implementation_status,consumer_unit_ids,authoritative_source,notes
GP-001,global_parameters.GP-001.rule_version,match_global,"""CDMJ-AI-RULES 1.0.0""",string,"字符串与布尔值；`rule_version=""CDMJ-AI-RULES 1.0.0""`；`parameter_version=""CDMJ-AI-PARAMS 1.0.0""`；`locked=true`。不允许空值。",配置加载与整场初始化,READ_ONLY,IMPLEMENTED,ALGO-001|ALGO-003|ALGO-004|ALGO-005|ALGO-006|ALGO-008|ALGO-009|AUDIT-004|AUDIT-005|AUDIT-008|AUDIT-010|AUDIT-011|AUDIT-013|HEUR-003|HEUR-015|MODEL-001|MODEL-002|RULE-001|RULE-015|SCORE-002|SCORE-003|SCORE-004|SCORE-005|SCORE-006|STATE-001|STATE-004|STATE-007|STATE-008|STATE-010,default.json + config.py + Task 19 parameter_registry.csv,真实配置叶字段；具体字段校验以 config.py 为准。
GP-001,global_parameters.GP-001.parameter_version,match_global,"""CDMJ-AI-PARAMS 1.1.0""",string,"字符串与布尔值；`rule_version=""CDMJ-AI-RULES 1.0.0""`；`parameter_version=""CDMJ-AI-PARAMS 1.0.0""`；`locked=true`。不允许空值。",配置加载与整场初始化,READ_ONLY,IMPLEMENTED,ALGO-001|ALGO-003|ALGO-004|ALGO-005|ALGO-006|ALGO-008|ALGO-009|AUDIT-004|AUDIT-005|AUDIT-008|AUDIT-010|AUDIT-011|AUDIT-013|HEUR-003|HEUR-015|MODEL-001|MODEL-002|RULE-001|RULE-015|SCORE-002|SCORE-003|SCORE-004|SCORE-005|SCORE-006|STATE-001|STATE-004|STATE-007|STATE-008|STATE-010,default.json + config.py + Task 19 parameter_registry.csv,真实配置叶字段；具体字段校验以 config.py 为准。
GP-001,global_parameters.GP-001.locked,match_global,true,boolean,"字符串与布尔值；`rule_version=""CDMJ-AI-RULES 1.0.0""`；`parameter_version=""CDMJ-AI-PARAMS 1.0.0""`；`locked=true`。不允许空值。",配置加载与整场初始化,READ_ONLY,IMPLEMENTED,ALGO-001|ALGO-003|ALGO-004|ALGO-005|ALGO-006|ALGO-008|ALGO-009|AUDIT-004|AUDIT-005|AUDIT-008|AUDIT-010|AUDIT-011|AUDIT-013|HEUR-003|HEUR-015|MODEL-001|MODEL-002|RULE-001|RULE-015|SCORE-002|SCORE-003|SCORE-004|SCORE-005|SCORE-006|STATE-001|STATE-004|STATE-007|STATE-008|STATE-010,default.json + config.py + Task 19 parameter_registry.csv,真实配置叶字段；具体字段校验以 config.py 为准。
GP-002,global_parameters.GP-002.ruleset,match_global,"""chengdu_xuezhan_daodi""",string,"枚举与字符串；`ruleset=""chengdu_xuezhan_daodi""`为必选；`platform_ruleset_id`长度1—128字符；可选扩展列表长度0—64。",配置加载与整场初始化,READ_ONLY,IMPLEMENTED,ALGO-001|ALGO-003|ALGO-004|ALGO-005|ALGO-006|ALGO-008|ALGO-009|AUDIT-004|AUDIT-005|AUDIT-008|AUDIT-010|AUDIT-011|AUDIT-013|HEUR-003|HEUR-015|MODEL-001|MODEL-002|RULE-001|RULE-002|RULE-003|RULE-004|RULE-005|RULE-006|RULE-007|RULE-008|RULE-009|RULE-010|RULE-011|RULE-012|RULE-013|RULE-014|RULE-015|SCORE-002|SCORE-003|SCORE-004|SCORE-005|SCORE-006|STATE-001|STATE-004|STATE-008|STATE-010,default.json + config.py + Task 19 parameter_registry.csv,真实配置叶字段；具体字段校验以 config.py 为准。
GP-002,global_parameters.GP-002.platform_ruleset_id,match_global,"""default""",string,"枚举与字符串；`ruleset=""chengdu_xuezhan_daodi""`为必选；`platform_ruleset_id`长度1—128字符；可选扩展列表长度0—64。",配置加载与整场初始化,READ_ONLY,IMPLEMENTED,ALGO-001|ALGO-003|ALGO-004|ALGO-005|ALGO-006|ALGO-008|ALGO-009|AUDIT-004|AUDIT-005|AUDIT-008|AUDIT-010|AUDIT-011|AUDIT-013|HEUR-003|HEUR-015|MODEL-001|MODEL-002|RULE-001|RULE-002|RULE-003|RULE-004|RULE-005|RULE-006|RULE-007|RULE-008|RULE-009|RULE-010|RULE-011|RULE-012|RULE-013|RULE-014|RULE-015|SCORE-002|SCORE-003|SCORE-004|SCORE-005|SCORE-006|STATE-001|STATE-004|STATE-008|STATE-010,default.json + config.py + Task 19 parameter_registry.csv,真实配置叶字段；具体字段校验以 config.py 为准。
GP-002,global_parameters.GP-002.extensions[*],match_global,[],list,"枚举与字符串；`ruleset=""chengdu_xuezhan_daodi""`为必选；`platform_ruleset_id`长度1—128字符；可选扩展列表长度0—64。",配置加载与整场初始化,READ_ONLY,IMPLEMENTED,ALGO-001|ALGO-003|ALGO-004|ALGO-005|ALGO-006|ALGO-008|ALGO-009|AUDIT-004|AUDIT-005|AUDIT-008|AUDIT-010|AUDIT-011|AUDIT-013|HEUR-003|HEUR-015|MODEL-001|MODEL-002|RULE-001|RULE-002|RULE-003|RULE-004|RULE-005|RULE-006|RULE-007|RULE-008|RULE-009|RULE-010|RULE-011|RULE-012|RULE-013|RULE-014|RULE-015|SCORE-002|SCORE-003|SCORE-004|SCORE-005|SCORE-006|STATE-001|STATE-004|STATE-008|STATE-010,default.json + config.py + Task 19 parameter_registry.csv,真实配置叶字段；具体字段校验以 config.py 为准。
GP-003,global_parameters.GP-003.total_rounds,match_global,8,integer,"结构体；`total_rounds`整数1—10000；`starting_score`整数-1,000,000,000—1,000,000,000；排名方式为`total_score`、`rank_points`或`custom`；提前结束阈值可关闭，开启时与得分使用相同范围。",整场初始化与跨局控制,READ_ONLY,IMPLEMENTED,ALGO-001|ALGO-003|ALGO-004|ALGO-005|ALGO-006|ALGO-008|ALGO-009|AUDIT-004|AUDIT-005|AUDIT-008|AUDIT-010|AUDIT-011|AUDIT-013|HEUR-003|HEUR-015|MODEL-001|MODEL-002|RULE-001|RULE-002|RULE-003|RULE-004|RULE-005|RULE-006|RULE-007|RULE-008|RULE-009|RULE-010|RULE-011|RULE-012|RULE-013|RULE-014|RULE-015|SCORE-002|SCORE-003|SCORE-004|SCORE-005|SCORE-006|STATE-001|STATE-004|STATE-008|STATE-010|TRAIN-001|TRAIN-007,default.json + config.py + Task 19 parameter_registry.csv,真实配置叶字段；具体字段校验以 config.py 为准。
GP-003,global_parameters.GP-003.starting_score,match_global,0,integer,"结构体；`total_rounds`整数1—10000；`starting_score`整数-1,000,000,000—1,000,000,000；排名方式为`total_score`、`rank_points`或`custom`；提前结束阈值可关闭，开启时与得分使用相同范围。",整场初始化与跨局控制,READ_ONLY,IMPLEMENTED,ALGO-001|ALGO-003|ALGO-004|ALGO-005|ALGO-006|ALGO-008|ALGO-009|AUDIT-004|AUDIT-005|AUDIT-008|AUDIT-010|AUDIT-011|AUDIT-013|HEUR-003|HEUR-015|MODEL-001|MODEL-002|RULE-001|RULE-002|RULE-003|RULE-004|RULE-005|RULE-006|RULE-007|RULE-008|RULE-009|RULE-010|RULE-011|RULE-012|RULE-013|RULE-014|RULE-015|SCORE-002|SCORE-003|SCORE-004|SCORE-005|SCORE-006|STATE-001|STATE-004|STATE-008|STATE-010|TRAIN-001|TRAIN-007,default.json + config.py + Task 19 parameter_registry.csv,真实配置叶字段；具体字段校验以 config.py 为准。
GP-003,global_parameters.GP-003.ranking,match_global,"""total_score""",string,"结构体；`total_rounds`整数1—10000；`starting_score`整数-1,000,000,000—1,000,000,000；排名方式为`total_score`、`rank_points`或`custom`；提前结束阈值可关闭，开启时与得分使用相同范围。",整场初始化与跨局控制,READ_ONLY,IMPLEMENTED,ALGO-001|ALGO-003|ALGO-004|ALGO-005|ALGO-006|ALGO-008|ALGO-009|AUDIT-004|AUDIT-005|AUDIT-008|AUDIT-010|AUDIT-011|AUDIT-013|HEUR-003|HEUR-015|MODEL-001|MODEL-002|RULE-001|RULE-002|RULE-003|RULE-004|RULE-005|RULE-006|RULE-007|RULE-008|RULE-009|RULE-010|RULE-011|RULE-012|RULE-013|RULE-014|RULE-015|SCORE-002|SCORE-003|SCORE-004|SCORE-005|SCORE-006|STATE-001|STATE-004|STATE-008|STATE-010|TRAIN-001|TRAIN-007,default.json + config.py + Task 19 parameter_registry.csv,真实配置叶字段；具体字段校验以 config.py 为准。
GP-003,global_parameters.GP-003.early_end_score,match_global,null,null | integer,"结构体；`total_rounds`整数1—10000；`starting_score`整数-1,000,000,000—1,000,000,000；排名方式为`total_score`、`rank_points`或`custom`；提前结束阈值可关闭，开启时与得分使用相同范围。",整场初始化与跨局控制,READ_ONLY,IMPLEMENTED,ALGO-001|ALGO-003|ALGO-004|ALGO-005|ALGO-006|ALGO-008|ALGO-009|AUDIT-004|AUDIT-005|AUDIT-008|AUDIT-010|AUDIT-011|AUDIT-013|HEUR-003|HEUR-015|MODEL-001|MODEL-002|RULE-001|RULE-002|RULE-003|RULE-004|RULE-005|RULE-006|RULE-007|RULE-008|RULE-009|RULE-010|RULE-011|RULE-012|RULE-013|RULE-014|RULE-015|SCORE-002|SCORE-003|SCORE-004|SCORE-005|SCORE-006|STATE-001|STATE-004|STATE-008|STATE-010|TRAIN-001|TRAIN-007,default.json + config.py + Task 19 parameter_registry.csv,真实配置叶字段；具体字段校验以 config.py 为准。
GP-004,global_parameters.GP-004.suits[0],match_global,"""wan""",string,固定牌组结构；花色只能为`wan`、`tong`、`tiao`；点数1—9；每种牌4张；牌种27种；总牌数固定108。规则版本1.0.0不允许扩展牌。,牌墙构建与发牌,READ_ONLY,IMPLEMENTED,ALGO-001|ALGO-003|ALGO-004|ALGO-005|ALGO-006|ALGO-008|ALGO-009|AUDIT-001|AUDIT-002|AUDIT-003|AUDIT-004|AUDIT-005|AUDIT-008|AUDIT-010|AUDIT-011|AUDIT-013|HEUR-003|HEUR-015|MODEL-001|MODEL-002|RULE-001|RULE-002|RULE-003|RULE-004|RULE-005|RULE-006|RULE-007|RULE-008|RULE-009|RULE-010|RULE-011|RULE-012|RULE-013|RULE-014|RULE-015|SCORE-002|SCORE-003|SCORE-004|SCORE-005|SCORE-006|STATE-001|STATE-004|STATE-008|STATE-010,default.json + config.py + Task 19 parameter_registry.csv,真实配置叶字段；具体字段校验以 config.py 为准。
GP-004,global_parameters.GP-004.suits[1],match_global,"""tong""",string,固定牌组结构；花色只能为`wan`、`tong`、`tiao`；点数1—9；每种牌4张；牌种27种；总牌数固定108。规则版本1.0.0不允许扩展牌。,牌墙构建与发牌,READ_ONLY,IMPLEMENTED,ALGO-001|ALGO-003|ALGO-004|ALGO-005|ALGO-006|ALGO-008|ALGO-009|AUDIT-001|AUDIT-002|AUDIT-003|AUDIT-004|AUDIT-005|AUDIT-008|AUDIT-010|AUDIT-011|AUDIT-013|HEUR-003|HEUR-015|MODEL-001|MODEL-002|RULE-001|RULE-002|RULE-003|RULE-004|RULE-005|RULE-006|RULE-007|RULE-008|RULE-009|RULE-010|RULE-011|RULE-012|RULE-013|RULE-014|RULE-015|SCORE-002|SCORE-003|SCORE-004|SCORE-005|SCORE-006|STATE-001|STATE-004|STATE-008|STATE-010,default.json + config.py + Task 19 parameter_registry.csv,真实配置叶字段；具体字段校验以 config.py 为准。
GP-004,global_parameters.GP-004.suits[2],match_global,"""tiao""",string,固定牌组结构；花色只能为`wan`、`tong`、`tiao`；点数1—9；每种牌4张；牌种27种；总牌数固定108。规则版本1.0.0不允许扩展牌。,牌墙构建与发牌,READ_ONLY,IMPLEMENTED,ALGO-001|ALGO-003|ALGO-004|ALGO-005|ALGO-006|ALGO-008|ALGO-009|AUDIT-001|AUDIT-002|AUDIT-003|AUDIT-004|AUDIT-005|AUDIT-008|AUDIT-010|AUDIT-011|AUDIT-013|HEUR-003|HEUR-015|MODEL-001|MODEL-002|RULE-001|RULE-002|RULE-003|RULE-004|RULE-005|RULE-006|RULE-007|RULE-008|RULE-009|RULE-010|RULE-011|RULE-012|RULE-013|RULE-014|RULE-015|SCORE-002|SCORE-003|SCORE-004|SCORE-005|SCORE-006|STATE-001|STATE-004|STATE-008|STATE-010,default.json + config.py + Task 19 parameter_registry.csv,真实配置叶字段；具体字段校验以 config.py 为准。
GP-004,global_parameters.GP-004.ranks,match_global,9,integer,固定牌组结构；花色只能为`wan`、`tong`、`tiao`；点数1—9；每种牌4张；牌种27种；总牌数固定108。规则版本1.0.0不允许扩展牌。,牌墙构建与发牌,READ_ONLY,IMPLEMENTED,ALGO-001|ALGO-003|ALGO-004|ALGO-005|ALGO-006|ALGO-008|ALGO-009|AUDIT-001|AUDIT-002|AUDIT-003|AUDIT-004|AUDIT-005|AUDIT-008|AUDIT-010|AUDIT-011|AUDIT-013|HEUR-003|HEUR-015|MODEL-001|MODEL-002|RULE-001|RULE-002|RULE-003|RULE-004|RULE-005|RULE-006|RULE-007|RULE-008|RULE-009|RULE-010|RULE-011|RULE-012|RULE-013|RULE-014|RULE-015|SCORE-002|SCORE-003|SCORE-004|SCORE-005|SCORE-006|STATE-001|STATE-004|STATE-008|STATE-010,default.json + config.py + Task 19 parameter_registry.csv,真实配置叶字段；具体字段校验以 config.py 为准。
GP-004,global_parameters.GP-004.copies_per_type,match_global,4,integer,固定牌组结构；花色只能为`wan`、`tong`、`tiao`；点数1—9；每种牌4张；牌种27种；总牌数固定108。规则版本1.0.0不允许扩展牌。,牌墙构建与发牌,READ_ONLY,IMPLEMENTED,ALGO-001|ALGO-003|ALGO-004|ALGO-005|ALGO-006|ALGO-008|ALGO-009|AUDIT-001|AUDIT-002|AUDIT-003|AUDIT-004|AUDIT-005|AUDIT-008|AUDIT-010|AUDIT-011|AUDIT-013|HEUR-003|HEUR-015|MODEL-001|MODEL-002|RULE-001|RULE-002|RULE-003|RULE-004|RULE-005|RULE-006|RULE-007|RULE-008|RULE-009|RULE-010|RULE-011|RULE-012|RULE-013|RULE-014|RULE-015|SCORE-002|SCORE-003|SCORE-004|SCORE-005|SCORE-006|STATE-001|STATE-004|STATE-008|STATE-010,default.json + config.py + Task 19 parameter_registry.csv,真实配置叶字段；具体字段校验以 config.py 为准。
GP-004,global_parameters.GP-004.tile_types,match_global,27,integer,固定牌组结构；花色只能为`wan`、`tong`、`tiao`；点数1—9；每种牌4张；牌种27种；总牌数固定108。规则版本1.0.0不允许扩展牌。,牌墙构建与发牌,READ_ONLY,IMPLEMENTED,ALGO-001|ALGO-003|ALGO-004|ALGO-005|ALGO-006|ALGO-008|ALGO-009|AUDIT-001|AUDIT-002|AUDIT-003|AUDIT-004|AUDIT-005|AUDIT-008|AUDIT-010|AUDIT-011|AUDIT-013|HEUR-003|HEUR-015|MODEL-001|MODEL-002|RULE-001|RULE-002|RULE-003|RULE-004|RULE-005|RULE-006|RULE-007|RULE-008|RULE-009|RULE-010|RULE-011|RULE-012|RULE-013|RULE-014|RULE-015|SCORE-002|SCORE-003|SCORE-004|SCORE-005|SCORE-006|STATE-001|STATE-004|STATE-008|STATE-010,default.json + config.py + Task 19 parameter_registry.csv,真实配置叶字段；具体字段校验以 config.py 为准。
GP-004,global_parameters.GP-004.total_tiles,match_global,108,integer,固定牌组结构；花色只能为`wan`、`tong`、`tiao`；点数1—9；每种牌4张；牌种27种；总牌数固定108。规则版本1.0.0不允许扩展牌。,牌墙构建与发牌,READ_ONLY,IMPLEMENTED,ALGO-001|ALGO-003|ALGO-004|ALGO-005|ALGO-006|ALGO-008|ALGO-009|AUDIT-001|AUDIT-002|AUDIT-003|AUDIT-004|AUDIT-005|AUDIT-008|AUDIT-010|AUDIT-011|AUDIT-013|HEUR-003|HEUR-015|MODEL-001|MODEL-002|RULE-001|RULE-002|RULE-003|RULE-004|RULE-005|RULE-006|RULE-007|RULE-008|RULE-009|RULE-010|RULE-011|RULE-012|RULE-013|RULE-014|RULE-015|SCORE-002|SCORE-003|SCORE-004|SCORE-005|SCORE-006|STATE-001|STATE-004|STATE-008|STATE-010,default.json + config.py + Task 19 parameter_registry.csv,真实配置叶字段；具体字段校验以 config.py 为准。
GP-004,global_parameters.GP-004.extensions[*],match_global,[],list,固定牌组结构；花色只能为`wan`、`tong`、`tiao`；点数1—9；每种牌4张；牌种27种；总牌数固定108。规则版本1.0.0不允许扩展牌。,牌墙构建与发牌,READ_ONLY,IMPLEMENTED,ALGO-001|ALGO-003|ALGO-004|ALGO-005|ALGO-006|ALGO-008|ALGO-009|AUDIT-001|AUDIT-002|AUDIT-003|AUDIT-004|AUDIT-005|AUDIT-008|AUDIT-010|AUDIT-011|AUDIT-013|HEUR-003|HEUR-015|MODEL-001|MODEL-002|RULE-001|RULE-002|RULE-003|RULE-004|RULE-005|RULE-006|RULE-007|RULE-008|RULE-009|RULE-010|RULE-011|RULE-012|RULE-013|RULE-014|RULE-015|SCORE-002|SCORE-003|SCORE-004|SCORE-005|SCORE-006|STATE-001|STATE-004|STATE-008|STATE-010,default.json + config.py + Task 19 parameter_registry.csv,真实配置叶字段；具体字段校验以 config.py 为准。
GP-005,global_parameters.GP-005.enabled,match_global,true,boolean,布尔、整数和枚举；`enabled`为布尔值；启用时`exchange_count=3`、`same_suit_required=true`；方向为`left`、`right`、`opposite`、`dice`或`random`；来源可见性由[GP-021](#gp-021)控制。,换三张,READ_ONLY,IMPLEMENTED,ALGO-001|ALGO-003|ALGO-004|ALGO-005|ALGO-006|ALGO-008|ALGO-009|AUDIT-004|AUDIT-005|AUDIT-008|AUDIT-010|AUDIT-011|AUDIT-013|HEUR-003|HEUR-015|MODEL-001|MODEL-002|RULE-001|RULE-002|RULE-003|RULE-004|RULE-005|RULE-006|RULE-007|RULE-008|RULE-009|RULE-010|RULE-011|RULE-012|RULE-013|RULE-014|RULE-015|SCORE-002|SCORE-003|SCORE-004|SCORE-005|SCORE-006|STATE-001|STATE-004|STATE-008|STATE-010,default.json + config.py + Task 19 parameter_registry.csv,真实配置叶字段；具体字段校验以 config.py 为准。
GP-005,global_parameters.GP-005.exchange_count,match_global,3,integer,布尔、整数和枚举；`enabled`为布尔值；启用时`exchange_count=3`、`same_suit_required=true`；方向为`left`、`right`、`opposite`、`dice`或`random`；来源可见性由[GP-021](#gp-021)控制。,换三张,READ_ONLY,IMPLEMENTED,ALGO-001|ALGO-003|ALGO-004|ALGO-005|ALGO-006|ALGO-008|ALGO-009|AUDIT-004|AUDIT-005|AUDIT-008|AUDIT-010|AUDIT-011|AUDIT-013|HEUR-003|HEUR-015|MODEL-001|MODEL-002|RULE-001|RULE-002|RULE-003|RULE-004|RULE-005|RULE-006|RULE-007|RULE-008|RULE-009|RULE-010|RULE-011|RULE-012|RULE-013|RULE-014|RULE-015|SCORE-002|SCORE-003|SCORE-004|SCORE-005|SCORE-006|STATE-001|STATE-004|STATE-008|STATE-010,default.json + config.py + Task 19 parameter_registry.csv,真实配置叶字段；具体字段校验以 config.py 为准。
GP-005,global_parameters.GP-005.same_suit_required,match_global,true,boolean,布尔、整数和枚举；`enabled`为布尔值；启用时`exchange_count=3`、`same_suit_required=true`；方向为`left`、`right`、`opposite`、`dice`或`random`；来源可见性由[GP-021](#gp-021)控制。,换三张,READ_ONLY,IMPLEMENTED,ALGO-001|ALGO-003|ALGO-004|ALGO-005|ALGO-006|ALGO-008|ALGO-009|AUDIT-004|AUDIT-005|AUDIT-008|AUDIT-010|AUDIT-011|AUDIT-013|HEUR-003|HEUR-015|MODEL-001|MODEL-002|RULE-001|RULE-002|RULE-003|RULE-004|RULE-005|RULE-006|RULE-007|RULE-008|RULE-009|RULE-010|RULE-011|RULE-012|RULE-013|RULE-014|RULE-015|SCORE-002|SCORE-003|SCORE-004|SCORE-005|SCORE-006|STATE-001|STATE-004|STATE-008|STATE-010,default.json + config.py + Task 19 parameter_registry.csv,真实配置叶字段；具体字段校验以 config.py 为准。
GP-005,global_parameters.GP-005.direction,match_global,"""dice""",string,布尔、整数和枚举；`enabled`为布尔值；启用时`exchange_count=3`、`same_suit_required=true`；方向为`left`、`right`、`opposite`、`dice`或`random`；来源可见性由[GP-021](#gp-021)控制。,换三张,READ_ONLY,IMPLEMENTED,ALGO-001|ALGO-003|ALGO-004|ALGO-005|ALGO-006|ALGO-008|ALGO-009|AUDIT-004|AUDIT-005|AUDIT-008|AUDIT-010|AUDIT-011|AUDIT-013|HEUR-003|HEUR-015|MODEL-001|MODEL-002|RULE-001|RULE-002|RULE-003|RULE-004|RULE-005|RULE-006|RULE-007|RULE-008|RULE-009|RULE-010|RULE-011|RULE-012|RULE-013|RULE-014|RULE-015|SCORE-002|SCORE-003|SCORE-004|SCORE-005|SCORE-006|STATE-001|STATE-004|STATE-008|STATE-010,default.json + config.py + Task 19 parameter_registry.csv,真实配置叶字段；具体字段校验以 config.py 为准。
GP-006,global_parameters.GP-006.enabled,match_global,true,boolean,布尔和枚举；`enabled=true`；缺门只能为`wan`、`tong`、`tiao`；`force_discard_missing_suit`为布尔值；`allow_hu_before_cleared=false`；定缺提交时限服从[GP-022](#gp-022)。,定缺,READ_ONLY,IMPLEMENTED,ALGO-001|ALGO-003|ALGO-004|ALGO-005|ALGO-006|ALGO-008|ALGO-009|AUDIT-004|AUDIT-005|AUDIT-008|AUDIT-010|AUDIT-011|AUDIT-013|HEUR-003|HEUR-015|MODEL-001|MODEL-002|RULE-001|RULE-002|RULE-003|RULE-004|RULE-005|RULE-006|RULE-007|RULE-008|RULE-009|RULE-010|RULE-011|RULE-012|RULE-013|RULE-014|RULE-015|SCORE-002|SCORE-003|SCORE-004|SCORE-005|SCORE-006|STATE-001|STATE-004|STATE-008|STATE-010,default.json + config.py + Task 19 parameter_registry.csv,真实配置叶字段；具体字段校验以 config.py 为准。
GP-006,global_parameters.GP-006.force_discard_missing_suit,match_global,true,boolean,布尔和枚举；`enabled=true`；缺门只能为`wan`、`tong`、`tiao`；`force_discard_missing_suit`为布尔值；`allow_hu_before_cleared=false`；定缺提交时限服从[GP-022](#gp-022)。,定缺,READ_ONLY,IMPLEMENTED,ALGO-001|ALGO-003|ALGO-004|ALGO-005|ALGO-006|ALGO-008|ALGO-009|AUDIT-004|AUDIT-005|AUDIT-008|AUDIT-010|AUDIT-011|AUDIT-013|HEUR-003|HEUR-015|MODEL-001|MODEL-002|RULE-001|RULE-002|RULE-003|RULE-004|RULE-005|RULE-006|RULE-007|RULE-008|RULE-009|RULE-010|RULE-011|RULE-012|RULE-013|RULE-014|RULE-015|SCORE-002|SCORE-003|SCORE-004|SCORE-005|SCORE-006|STATE-001|STATE-004|STATE-008|STATE-010,default.json + config.py + Task 19 parameter_registry.csv,真实配置叶字段；具体字段校验以 config.py 为准。
GP-006,global_parameters.GP-006.allow_hu_before_cleared,match_global,false,boolean,布尔和枚举；`enabled=true`；缺门只能为`wan`、`tong`、`tiao`；`force_discard_missing_suit`为布尔值；`allow_hu_before_cleared=false`；定缺提交时限服从[GP-022](#gp-022)。,定缺,READ_ONLY,IMPLEMENTED,ALGO-001|ALGO-003|ALGO-004|ALGO-005|ALGO-006|ALGO-008|ALGO-009|AUDIT-004|AUDIT-005|AUDIT-008|AUDIT-010|AUDIT-011|AUDIT-013|HEUR-003|HEUR-015|MODEL-001|MODEL-002|RULE-001|RULE-002|RULE-003|RULE-004|RULE-005|RULE-006|RULE-007|RULE-008|RULE-009|RULE-010|RULE-011|RULE-012|RULE-013|RULE-014|RULE-015|SCORE-002|SCORE-003|SCORE-004|SCORE-005|SCORE-006|STATE-001|STATE-004|STATE-008|STATE-010,default.json + config.py + Task 19 parameter_registry.csv,真实配置叶字段；具体字段校验以 config.py 为准。
GP-007,global_parameters.GP-007.draw,match_global,true,boolean,动作开关集合；`draw`、`discard`、`peng`、`ming_gang`、`an_gang`、`bu_gang`、`qiang_gang_hu`取`true/false`；`chi=false`为锁定值。,行牌与合法动作,READ_ONLY,IMPLEMENTED,ALGO-001|ALGO-003|ALGO-004|ALGO-005|ALGO-006|ALGO-008|ALGO-009|AUDIT-004|AUDIT-005|AUDIT-008|AUDIT-010|AUDIT-011|AUDIT-013|HEUR-003|HEUR-015|MODEL-001|MODEL-002|RULE-001|RULE-002|RULE-003|RULE-004|RULE-005|RULE-006|RULE-007|RULE-008|RULE-009|RULE-010|RULE-011|RULE-012|RULE-013|RULE-014|RULE-015|SCORE-002|SCORE-003|SCORE-004|SCORE-005|SCORE-006|STATE-001|STATE-004|STATE-008|STATE-010,default.json + config.py + Task 19 parameter_registry.csv,真实配置叶字段；具体字段校验以 config.py 为准。
GP-007,global_parameters.GP-007.discard,match_global,true,boolean,动作开关集合；`draw`、`discard`、`peng`、`ming_gang`、`an_gang`、`bu_gang`、`qiang_gang_hu`取`true/false`；`chi=false`为锁定值。,行牌与合法动作,READ_ONLY,IMPLEMENTED,ALGO-001|ALGO-003|ALGO-004|ALGO-005|ALGO-006|ALGO-008|ALGO-009|AUDIT-004|AUDIT-005|AUDIT-008|AUDIT-010|AUDIT-011|AUDIT-013|HEUR-003|HEUR-015|MODEL-001|MODEL-002|RULE-001|RULE-002|RULE-003|RULE-004|RULE-005|RULE-006|RULE-007|RULE-008|RULE-009|RULE-010|RULE-011|RULE-012|RULE-013|RULE-014|RULE-015|SCORE-002|SCORE-003|SCORE-004|SCORE-005|SCORE-006|STATE-001|STATE-004|STATE-008|STATE-010,default.json + config.py + Task 19 parameter_registry.csv,真实配置叶字段；具体字段校验以 config.py 为准。
GP-007,global_parameters.GP-007.peng,match_global,true,boolean,动作开关集合；`draw`、`discard`、`peng`、`ming_gang`、`an_gang`、`bu_gang`、`qiang_gang_hu`取`true/false`；`chi=false`为锁定值。,行牌与合法动作,READ_ONLY,IMPLEMENTED,ALGO-001|ALGO-003|ALGO-004|ALGO-005|ALGO-006|ALGO-008|ALGO-009|AUDIT-004|AUDIT-005|AUDIT-008|AUDIT-010|AUDIT-011|AUDIT-013|HEUR-003|HEUR-015|MODEL-001|MODEL-002|RULE-001|RULE-002|RULE-003|RULE-004|RULE-005|RULE-006|RULE-007|RULE-008|RULE-009|RULE-010|RULE-011|RULE-012|RULE-013|RULE-014|RULE-015|SCORE-002|SCORE-003|SCORE-004|SCORE-005|SCORE-006|STATE-001|STATE-004|STATE-008|STATE-010,default.json + config.py + Task 19 parameter_registry.csv,真实配置叶字段；具体字段校验以 config.py 为准。
GP-007,global_parameters.GP-007.ming_gang,match_global,true,boolean,动作开关集合；`draw`、`discard`、`peng`、`ming_gang`、`an_gang`、`bu_gang`、`qiang_gang_hu`取`true/false`；`chi=false`为锁定值。,行牌与合法动作,READ_ONLY,IMPLEMENTED,ALGO-001|ALGO-003|ALGO-004|ALGO-005|ALGO-006|ALGO-008|ALGO-009|AUDIT-004|AUDIT-005|AUDIT-008|AUDIT-010|AUDIT-011|AUDIT-013|HEUR-003|HEUR-015|MODEL-001|MODEL-002|RULE-001|RULE-002|RULE-003|RULE-004|RULE-005|RULE-006|RULE-007|RULE-008|RULE-009|RULE-010|RULE-011|RULE-012|RULE-013|RULE-014|RULE-015|SCORE-002|SCORE-003|SCORE-004|SCORE-005|SCORE-006|STATE-001|STATE-004|STATE-008|STATE-010,default.json + config.py + Task 19 parameter_registry.csv,真实配置叶字段；具体字段校验以 config.py 为准。
GP-007,global_parameters.GP-007.an_gang,match_global,true,boolean,动作开关集合；`draw`、`discard`、`peng`、`ming_gang`、`an_gang`、`bu_gang`、`qiang_gang_hu`取`true/false`；`chi=false`为锁定值。,行牌与合法动作,READ_ONLY,IMPLEMENTED,ALGO-001|ALGO-003|ALGO-004|ALGO-005|ALGO-006|ALGO-008|ALGO-009|AUDIT-004|AUDIT-005|AUDIT-008|AUDIT-010|AUDIT-011|AUDIT-013|HEUR-003|HEUR-015|MODEL-001|MODEL-002|RULE-001|RULE-002|RULE-003|RULE-004|RULE-005|RULE-006|RULE-007|RULE-008|RULE-009|RULE-010|RULE-011|RULE-012|RULE-013|RULE-014|RULE-015|SCORE-002|SCORE-003|SCORE-004|SCORE-005|SCORE-006|STATE-001|STATE-004|STATE-008|STATE-010,default.json + config.py + Task 19 parameter_registry.csv,真实配置叶字段；具体字段校验以 config.py 为准。
GP-007,global_parameters.GP-007.bu_gang,match_global,true,boolean,动作开关集合；`draw`、`discard`、`peng`、`ming_gang`、`an_gang`、`bu_gang`、`qiang_gang_hu`取`true/false`；`chi=false`为锁定值。,行牌与合法动作,READ_ONLY,IMPLEMENTED,ALGO-001|ALGO-003|ALGO-004|ALGO-005|ALGO-006|ALGO-008|ALGO-009|AUDIT-004|AUDIT-005|AUDIT-008|AUDIT-010|AUDIT-011|AUDIT-013|HEUR-003|HEUR-015|MODEL-001|MODEL-002|RULE-001|RULE-002|RULE-003|RULE-004|RULE-005|RULE-006|RULE-007|RULE-008|RULE-009|RULE-010|RULE-011|RULE-012|RULE-013|RULE-014|RULE-015|SCORE-002|SCORE-003|SCORE-004|SCORE-005|SCORE-006|STATE-001|STATE-004|STATE-008|STATE-010,default.json + config.py + Task 19 parameter_registry.csv,真实配置叶字段；具体字段校验以 config.py 为准。
GP-007,global_parameters.GP-007.qiang_gang_hu,match_global,true,boolean,动作开关集合；`draw`、`discard`、`peng`、`ming_gang`、`an_gang`、`bu_gang`、`qiang_gang_hu`取`true/false`；`chi=false`为锁定值。,行牌与合法动作,READ_ONLY,IMPLEMENTED,ALGO-001|ALGO-003|ALGO-004|ALGO-005|ALGO-006|ALGO-008|ALGO-009|AUDIT-004|AUDIT-005|AUDIT-008|AUDIT-010|AUDIT-011|AUDIT-013|HEUR-003|HEUR-015|MODEL-001|MODEL-002|RULE-001|RULE-002|RULE-003|RULE-004|RULE-005|RULE-006|RULE-007|RULE-008|RULE-009|RULE-010|RULE-011|RULE-012|RULE-013|RULE-014|RULE-015|SCORE-002|SCORE-003|SCORE-004|SCORE-005|SCORE-006|STATE-001|STATE-004|STATE-008|STATE-010,default.json + config.py + Task 19 parameter_registry.csv,真实配置叶字段；具体字段校验以 config.py 为准。
GP-007,global_parameters.GP-007.chi,match_global,false,boolean,动作开关集合；`draw`、`discard`、`peng`、`ming_gang`、`an_gang`、`bu_gang`、`qiang_gang_hu`取`true/false`；`chi=false`为锁定值。,行牌与合法动作,READ_ONLY,IMPLEMENTED,ALGO-001|ALGO-003|ALGO-004|ALGO-005|ALGO-006|ALGO-008|ALGO-009|AUDIT-004|AUDIT-005|AUDIT-008|AUDIT-010|AUDIT-011|AUDIT-013|HEUR-003|HEUR-015|MODEL-001|MODEL-002|RULE-001|RULE-002|RULE-003|RULE-004|RULE-005|RULE-006|RULE-007|RULE-008|RULE-009|RULE-010|RULE-011|RULE-012|RULE-013|RULE-014|RULE-015|SCORE-002|SCORE-003|SCORE-004|SCORE-005|SCORE-006|STATE-001|STATE-004|STATE-008|STATE-010,default.json + config.py + Task 19 parameter_registry.csv,真实配置叶字段；具体字段校验以 config.py 为准。
GP-008,global_parameters.GP-008.priority_mode,match_global,"""hu_gang_peng_pass""",string,有序枚举；`hu`必须高于碰杠；`gang`与`peng`的先后由平台规则明确，允许`hu > gang > peng > pass`或`hu > peng/gang_by_seat > pass`；`multi_hu`取`true/false`；同级座位优先为`nearest_from_discarder`或平台确定性顺序。,多人响应解析,READ_ONLY,IMPLEMENTED,ALGO-001|ALGO-003|ALGO-004|ALGO-005|ALGO-006|ALGO-008|ALGO-009|AUDIT-004|AUDIT-005|AUDIT-008|AUDIT-010|AUDIT-011|AUDIT-013|HEUR-003|HEUR-012|HEUR-015|MODEL-001|MODEL-002|MODEL-004|RULE-001|RULE-002|RULE-003|RULE-004|RULE-005|RULE-006|RULE-007|RULE-008|RULE-009|RULE-010|RULE-011|RULE-012|RULE-013|RULE-014|RULE-015|SCORE-002|SCORE-003|SCORE-004|SCORE-005|SCORE-006|STATE-001|STATE-004|STATE-008|STATE-010|TRAIN-001|TRAIN-007|TRAIN-008|TRAIN-009,default.json + config.py + Task 19 parameter_registry.csv,真实配置叶字段；具体字段校验以 config.py 为准。
GP-008,global_parameters.GP-008.multi_hu,match_global,true,boolean,有序枚举；`hu`必须高于碰杠；`gang`与`peng`的先后由平台规则明确，允许`hu > gang > peng > pass`或`hu > peng/gang_by_seat > pass`；`multi_hu`取`true/false`；同级座位优先为`nearest_from_discarder`或平台确定性顺序。,多人响应解析,READ_ONLY,IMPLEMENTED,ALGO-001|ALGO-003|ALGO-004|ALGO-005|ALGO-006|ALGO-008|ALGO-009|AUDIT-004|AUDIT-005|AUDIT-008|AUDIT-010|AUDIT-011|AUDIT-013|HEUR-003|HEUR-012|HEUR-015|MODEL-001|MODEL-002|MODEL-004|RULE-001|RULE-002|RULE-003|RULE-004|RULE-005|RULE-006|RULE-007|RULE-008|RULE-009|RULE-010|RULE-011|RULE-012|RULE-013|RULE-014|RULE-015|SCORE-002|SCORE-003|SCORE-004|SCORE-005|SCORE-006|STATE-001|STATE-004|STATE-008|STATE-010|TRAIN-001|TRAIN-007|TRAIN-008|TRAIN-009,default.json + config.py + Task 19 parameter_registry.csv,真实配置叶字段；具体字段校验以 config.py 为准。
GP-008,global_parameters.GP-008.seat_priority,match_global,"""nearest_from_discarder""",string,有序枚举；`hu`必须高于碰杠；`gang`与`peng`的先后由平台规则明确，允许`hu > gang > peng > pass`或`hu > peng/gang_by_seat > pass`；`multi_hu`取`true/false`；同级座位优先为`nearest_from_discarder`或平台确定性顺序。,多人响应解析,READ_ONLY,IMPLEMENTED,ALGO-001|ALGO-003|ALGO-004|ALGO-005|ALGO-006|ALGO-008|ALGO-009|AUDIT-004|AUDIT-005|AUDIT-008|AUDIT-010|AUDIT-011|AUDIT-013|HEUR-003|HEUR-012|HEUR-015|MODEL-001|MODEL-002|MODEL-004|RULE-001|RULE-002|RULE-003|RULE-004|RULE-005|RULE-006|RULE-007|RULE-008|RULE-009|RULE-010|RULE-011|RULE-012|RULE-013|RULE-014|RULE-015|SCORE-002|SCORE-003|SCORE-004|SCORE-005|SCORE-006|STATE-001|STATE-004|STATE-008|STATE-010|TRAIN-001|TRAIN-007|TRAIN-008|TRAIN-009,default.json + config.py + Task 19 parameter_registry.csv,真实配置叶字段；具体字段校验以 config.py 为准。
GP-009,global_parameters.GP-009.pass_hu_mode,match_global,"""until_value_increase""",string,枚举和整数；过胡模式为`none`、`until_self_draw`、`until_value_increase`或`platform_custom`；点炮、自摸、抢杠胡可放弃开关为布尔值；强制胡牌剩余张阈值为整数0—4，0表示关闭。,胡牌资格与响应,READ_ONLY,IMPLEMENTED,ALGO-001|ALGO-003|ALGO-004|ALGO-005|ALGO-006|ALGO-008|ALGO-009|AUDIT-004|AUDIT-005|AUDIT-008|AUDIT-010|AUDIT-011|AUDIT-013|HEUR-003|HEUR-015|MODEL-001|MODEL-002|MODEL-004|RULE-001|RULE-002|RULE-003|RULE-004|RULE-005|RULE-006|RULE-007|RULE-008|RULE-009|RULE-010|RULE-011|RULE-012|RULE-013|RULE-014|RULE-015|SCORE-002|SCORE-003|SCORE-004|SCORE-005|SCORE-006|STATE-001|STATE-004|STATE-008|STATE-010|TRAIN-001|TRAIN-007|TRAIN-008|TRAIN-009,default.json + config.py + Task 19 parameter_registry.csv,真实配置叶字段；具体字段校验以 config.py 为准。
GP-009,global_parameters.GP-009.discard_hu_can_pass,match_global,true,boolean,枚举和整数；过胡模式为`none`、`until_self_draw`、`until_value_increase`或`platform_custom`；点炮、自摸、抢杠胡可放弃开关为布尔值；强制胡牌剩余张阈值为整数0—4，0表示关闭。,胡牌资格与响应,READ_ONLY,IMPLEMENTED,ALGO-001|ALGO-003|ALGO-004|ALGO-005|ALGO-006|ALGO-008|ALGO-009|AUDIT-004|AUDIT-005|AUDIT-008|AUDIT-010|AUDIT-011|AUDIT-013|HEUR-003|HEUR-015|MODEL-001|MODEL-002|MODEL-004|RULE-001|RULE-002|RULE-003|RULE-004|RULE-005|RULE-006|RULE-007|RULE-008|RULE-009|RULE-010|RULE-011|RULE-012|RULE-013|RULE-014|RULE-015|SCORE-002|SCORE-003|SCORE-004|SCORE-005|SCORE-006|STATE-001|STATE-004|STATE-008|STATE-010|TRAIN-001|TRAIN-007|TRAIN-008|TRAIN-009,default.json + config.py + Task 19 parameter_registry.csv,真实配置叶字段；具体字段校验以 config.py 为准。
GP-009,global_parameters.GP-009.self_draw_can_pass,match_global,false,boolean,枚举和整数；过胡模式为`none`、`until_self_draw`、`until_value_increase`或`platform_custom`；点炮、自摸、抢杠胡可放弃开关为布尔值；强制胡牌剩余张阈值为整数0—4，0表示关闭。,胡牌资格与响应,READ_ONLY,IMPLEMENTED,ALGO-001|ALGO-003|ALGO-004|ALGO-005|ALGO-006|ALGO-008|ALGO-009|AUDIT-004|AUDIT-005|AUDIT-008|AUDIT-010|AUDIT-011|AUDIT-013|HEUR-003|HEUR-015|MODEL-001|MODEL-002|MODEL-004|RULE-001|RULE-002|RULE-003|RULE-004|RULE-005|RULE-006|RULE-007|RULE-008|RULE-009|RULE-010|RULE-011|RULE-012|RULE-013|RULE-014|RULE-015|SCORE-002|SCORE-003|SCORE-004|SCORE-005|SCORE-006|STATE-001|STATE-004|STATE-008|STATE-010|TRAIN-001|TRAIN-007|TRAIN-008|TRAIN-009,default.json + config.py + Task 19 parameter_registry.csv,真实配置叶字段；具体字段校验以 config.py 为准。
GP-009,global_parameters.GP-009.qiang_gang_hu_can_pass,match_global,true,boolean,枚举和整数；过胡模式为`none`、`until_self_draw`、`until_value_increase`或`platform_custom`；点炮、自摸、抢杠胡可放弃开关为布尔值；强制胡牌剩余张阈值为整数0—4，0表示关闭。,胡牌资格与响应,READ_ONLY,IMPLEMENTED,ALGO-001|ALGO-003|ALGO-004|ALGO-005|ALGO-006|ALGO-008|ALGO-009|AUDIT-004|AUDIT-005|AUDIT-008|AUDIT-010|AUDIT-011|AUDIT-013|HEUR-003|HEUR-015|MODEL-001|MODEL-002|MODEL-004|RULE-001|RULE-002|RULE-003|RULE-004|RULE-005|RULE-006|RULE-007|RULE-008|RULE-009|RULE-010|RULE-011|RULE-012|RULE-013|RULE-014|RULE-015|SCORE-002|SCORE-003|SCORE-004|SCORE-005|SCORE-006|STATE-001|STATE-004|STATE-008|STATE-010|TRAIN-001|TRAIN-007|TRAIN-008|TRAIN-009,default.json + config.py + Task 19 parameter_registry.csv,真实配置叶字段；具体字段校验以 config.py 为准。
GP-009,global_parameters.GP-009.forced_hu_wall_threshold,match_global,0,integer,枚举和整数；过胡模式为`none`、`until_self_draw`、`until_value_increase`或`platform_custom`；点炮、自摸、抢杠胡可放弃开关为布尔值；强制胡牌剩余张阈值为整数0—4，0表示关闭。,胡牌资格与响应,READ_ONLY,IMPLEMENTED,ALGO-001|ALGO-003|ALGO-004|ALGO-005|ALGO-006|ALGO-008|ALGO-009|AUDIT-004|AUDIT-005|AUDIT-008|AUDIT-010|AUDIT-011|AUDIT-013|HEUR-003|HEUR-015|MODEL-001|MODEL-002|MODEL-004|RULE-001|RULE-002|RULE-003|RULE-004|RULE-005|RULE-006|RULE-007|RULE-008|RULE-009|RULE-010|RULE-011|RULE-012|RULE-013|RULE-014|RULE-015|SCORE-002|SCORE-003|SCORE-004|SCORE-005|SCORE-006|STATE-001|STATE-004|STATE-008|STATE-010|TRAIN-001|TRAIN-007|TRAIN-008|TRAIN-009,default.json + config.py + Task 19 parameter_registry.csv,真实配置叶字段；具体字段校验以 config.py 为准。
GP-010,global_parameters.GP-010.total_tiles,match_global,108,integer,整数和枚举；总牌数固定108；四家发牌共53张后，标准剩余牌墙为55张；终止胡牌家数固定3；保留尾牌数0—16；杠后补牌来源为`wall_tail`或平台指定位置。,牌墙推进与终局判定,READ_ONLY,IMPLEMENTED,ALGO-001|ALGO-003|ALGO-004|ALGO-005|ALGO-006|ALGO-008|ALGO-009|AUDIT-004|AUDIT-005|AUDIT-008|AUDIT-010|AUDIT-011|AUDIT-013|HEUR-003|HEUR-015|MODEL-001|MODEL-002|MODEL-004|RULE-001|RULE-002|RULE-003|RULE-004|RULE-005|RULE-006|RULE-007|RULE-008|RULE-009|RULE-010|RULE-011|RULE-012|RULE-013|RULE-014|RULE-015|SCORE-002|SCORE-003|SCORE-004|SCORE-005|SCORE-006|STATE-001|STATE-004|STATE-008|STATE-010|TRAIN-001|TRAIN-007|TRAIN-008|TRAIN-009,default.json + config.py + Task 19 parameter_registry.csv,真实配置叶字段；具体字段校验以 config.py 为准。
GP-010,global_parameters.GP-010.standard_wall_after_deal,match_global,55,integer,整数和枚举；总牌数固定108；四家发牌共53张后，标准剩余牌墙为55张；终止胡牌家数固定3；保留尾牌数0—16；杠后补牌来源为`wall_tail`或平台指定位置。,牌墙推进与终局判定,READ_ONLY,IMPLEMENTED,ALGO-001|ALGO-003|ALGO-004|ALGO-005|ALGO-006|ALGO-008|ALGO-009|AUDIT-004|AUDIT-005|AUDIT-008|AUDIT-010|AUDIT-011|AUDIT-013|HEUR-003|HEUR-015|MODEL-001|MODEL-002|MODEL-004|RULE-001|RULE-002|RULE-003|RULE-004|RULE-005|RULE-006|RULE-007|RULE-008|RULE-009|RULE-010|RULE-011|RULE-012|RULE-013|RULE-014|RULE-015|SCORE-002|SCORE-003|SCORE-004|SCORE-005|SCORE-006|STATE-001|STATE-004|STATE-008|STATE-010|TRAIN-001|TRAIN-007|TRAIN-008|TRAIN-009,default.json + config.py + Task 19 parameter_registry.csv,真实配置叶字段；具体字段校验以 config.py 为准。
GP-010,global_parameters.GP-010.terminal_winners,match_global,3,integer,整数和枚举；总牌数固定108；四家发牌共53张后，标准剩余牌墙为55张；终止胡牌家数固定3；保留尾牌数0—16；杠后补牌来源为`wall_tail`或平台指定位置。,牌墙推进与终局判定,READ_ONLY,IMPLEMENTED,ALGO-001|ALGO-003|ALGO-004|ALGO-005|ALGO-006|ALGO-008|ALGO-009|AUDIT-004|AUDIT-005|AUDIT-008|AUDIT-010|AUDIT-011|AUDIT-013|HEUR-003|HEUR-015|MODEL-001|MODEL-002|MODEL-004|RULE-001|RULE-002|RULE-003|RULE-004|RULE-005|RULE-006|RULE-007|RULE-008|RULE-009|RULE-010|RULE-011|RULE-012|RULE-013|RULE-014|RULE-015|SCORE-002|SCORE-003|SCORE-004|SCORE-005|SCORE-006|STATE-001|STATE-004|STATE-008|STATE-010|TRAIN-001|TRAIN-007|TRAIN-008|TRAIN-009,default.json + config.py + Task 19 parameter_registry.csv,真实配置叶字段；具体字段校验以 config.py 为准。
GP-010,global_parameters.GP-010.tail_reserved,match_global,0,integer,整数和枚举；总牌数固定108；四家发牌共53张后，标准剩余牌墙为55张；终止胡牌家数固定3；保留尾牌数0—16；杠后补牌来源为`wall_tail`或平台指定位置。,牌墙推进与终局判定,READ_ONLY,IMPLEMENTED,ALGO-001|ALGO-003|ALGO-004|ALGO-005|ALGO-006|ALGO-008|ALGO-009|AUDIT-004|AUDIT-005|AUDIT-008|AUDIT-010|AUDIT-011|AUDIT-013|HEUR-003|HEUR-015|MODEL-001|MODEL-002|MODEL-004|RULE-001|RULE-002|RULE-003|RULE-004|RULE-005|RULE-006|RULE-007|RULE-008|RULE-009|RULE-010|RULE-011|RULE-012|RULE-013|RULE-014|RULE-015|SCORE-002|SCORE-003|SCORE-004|SCORE-005|SCORE-006|STATE-001|STATE-004|STATE-008|STATE-010|TRAIN-001|TRAIN-007|TRAIN-008|TRAIN-009,default.json + config.py + Task 19 parameter_registry.csv,真实配置叶字段；具体字段校验以 config.py 为准。
GP-010,global_parameters.GP-010.gang_draw_source,match_global,"""wall_tail""",string,整数和枚举；总牌数固定108；四家发牌共53张后，标准剩余牌墙为55张；终止胡牌家数固定3；保留尾牌数0—16；杠后补牌来源为`wall_tail`或平台指定位置。,牌墙推进与终局判定,READ_ONLY,IMPLEMENTED,ALGO-001|ALGO-003|ALGO-004|ALGO-005|ALGO-006|ALGO-008|ALGO-009|AUDIT-004|AUDIT-005|AUDIT-008|AUDIT-010|AUDIT-011|AUDIT-013|HEUR-003|HEUR-015|MODEL-001|MODEL-002|MODEL-004|RULE-001|RULE-002|RULE-003|RULE-004|RULE-005|RULE-006|RULE-007|RULE-008|RULE-009|RULE-010|RULE-011|RULE-012|RULE-013|RULE-014|RULE-015|SCORE-002|SCORE-003|SCORE-004|SCORE-005|SCORE-006|STATE-001|STATE-004|STATE-008|STATE-010|TRAIN-001|TRAIN-007|TRAIN-008|TRAIN-009,default.json + config.py + Task 19 parameter_registry.csv,真实配置叶字段；具体字段校验以 config.py 为准。
GP-011,global_parameters.GP-011.patterns[0].id,match_global,"""standard""",string,番型数组；番型数量1—128；每个番型ID长度1—64字符且唯一；启用状态为布尔值；成立条件必须能由公开规则和手牌状态确定。,番型识别与结算,READ_ONLY,IMPLEMENTED,ALGO-001|ALGO-003|ALGO-004|ALGO-005|ALGO-006|ALGO-008|ALGO-009|AUDIT-004|AUDIT-005|AUDIT-008|AUDIT-010|AUDIT-011|AUDIT-013|HEUR-003|HEUR-011|HEUR-015|HEUR-020|MODEL-001|MODEL-002|RULE-001|RULE-002|RULE-003|RULE-004|RULE-005|RULE-006|RULE-007|RULE-008|RULE-009|RULE-010|RULE-011|RULE-012|RULE-013|RULE-014|RULE-015|SCORE-001|SCORE-002|SCORE-003|SCORE-004|SCORE-005|SCORE-006|STATE-001|STATE-003|STATE-004|STATE-008|STATE-010|TRAIN-002,default.json + config.py + Task 19 parameter_registry.csv,真实配置叶字段；具体字段校验以 config.py 为准。
GP-011,global_parameters.GP-011.patterns[0].enabled,match_global,true,boolean,番型数组；番型数量1—128；每个番型ID长度1—64字符且唯一；启用状态为布尔值；成立条件必须能由公开规则和手牌状态确定。,番型识别与结算,READ_ONLY,IMPLEMENTED,ALGO-001|ALGO-003|ALGO-004|ALGO-005|ALGO-006|ALGO-008|ALGO-009|AUDIT-004|AUDIT-005|AUDIT-008|AUDIT-010|AUDIT-011|AUDIT-013|HEUR-003|HEUR-011|HEUR-015|HEUR-020|MODEL-001|MODEL-002|RULE-001|RULE-002|RULE-003|RULE-004|RULE-005|RULE-006|RULE-007|RULE-008|RULE-009|RULE-010|RULE-011|RULE-012|RULE-013|RULE-014|RULE-015|SCORE-001|SCORE-002|SCORE-003|SCORE-004|SCORE-005|SCORE-006|STATE-001|STATE-003|STATE-004|STATE-008|STATE-010|TRAIN-002,default.json + config.py + Task 19 parameter_registry.csv,真实配置叶字段；具体字段校验以 config.py 为准。
GP-011,global_parameters.GP-011.patterns[1].id,match_global,"""qingyise""",string,番型数组；番型数量1—128；每个番型ID长度1—64字符且唯一；启用状态为布尔值；成立条件必须能由公开规则和手牌状态确定。,番型识别与结算,READ_ONLY,IMPLEMENTED,ALGO-001|ALGO-003|ALGO-004|ALGO-005|ALGO-006|ALGO-008|ALGO-009|AUDIT-004|AUDIT-005|AUDIT-008|AUDIT-010|AUDIT-011|AUDIT-013|HEUR-003|HEUR-011|HEUR-015|HEUR-020|MODEL-001|MODEL-002|RULE-001|RULE-002|RULE-003|RULE-004|RULE-005|RULE-006|RULE-007|RULE-008|RULE-009|RULE-010|RULE-011|RULE-012|RULE-013|RULE-014|RULE-015|SCORE-001|SCORE-002|SCORE-003|SCORE-004|SCORE-005|SCORE-006|STATE-001|STATE-003|STATE-004|STATE-008|STATE-010|TRAIN-002,default.json + config.py + Task 19 parameter_registry.csv,真实配置叶字段；具体字段校验以 config.py 为准。
GP-011,global_parameters.GP-011.patterns[1].enabled,match_global,true,boolean,番型数组；番型数量1—128；每个番型ID长度1—64字符且唯一；启用状态为布尔值；成立条件必须能由公开规则和手牌状态确定。,番型识别与结算,READ_ONLY,IMPLEMENTED,ALGO-001|ALGO-003|ALGO-004|ALGO-005|ALGO-006|ALGO-008|ALGO-009|AUDIT-004|AUDIT-005|AUDIT-008|AUDIT-010|AUDIT-011|AUDIT-013|HEUR-003|HEUR-011|HEUR-015|HEUR-020|MODEL-001|MODEL-002|RULE-001|RULE-002|RULE-003|RULE-004|RULE-005|RULE-006|RULE-007|RULE-008|RULE-009|RULE-010|RULE-011|RULE-012|RULE-013|RULE-014|RULE-015|SCORE-001|SCORE-002|SCORE-003|SCORE-004|SCORE-005|SCORE-006|STATE-001|STATE-003|STATE-004|STATE-008|STATE-010|TRAIN-002,default.json + config.py + Task 19 parameter_registry.csv,真实配置叶字段；具体字段校验以 config.py 为准。
GP-011,global_parameters.GP-011.patterns[2].id,match_global,"""qidui""",string,番型数组；番型数量1—128；每个番型ID长度1—64字符且唯一；启用状态为布尔值；成立条件必须能由公开规则和手牌状态确定。,番型识别与结算,READ_ONLY,IMPLEMENTED,ALGO-001|ALGO-003|ALGO-004|ALGO-005|ALGO-006|ALGO-008|ALGO-009|AUDIT-004|AUDIT-005|AUDIT-008|AUDIT-010|AUDIT-011|AUDIT-013|HEUR-003|HEUR-011|HEUR-015|HEUR-020|MODEL-001|MODEL-002|RULE-001|RULE-002|RULE-003|RULE-004|RULE-005|RULE-006|RULE-007|RULE-008|RULE-009|RULE-010|RULE-011|RULE-012|RULE-013|RULE-014|RULE-015|SCORE-001|SCORE-002|SCORE-003|SCORE-004|SCORE-005|SCORE-006|STATE-001|STATE-003|STATE-004|STATE-008|STATE-010|TRAIN-002,default.json + config.py + Task 19 parameter_registry.csv,真实配置叶字段；具体字段校验以 config.py 为准。
GP-011,global_parameters.GP-011.patterns[2].enabled,match_global,true,boolean,番型数组；番型数量1—128；每个番型ID长度1—64字符且唯一；启用状态为布尔值；成立条件必须能由公开规则和手牌状态确定。,番型识别与结算,READ_ONLY,IMPLEMENTED,ALGO-001|ALGO-003|ALGO-004|ALGO-005|ALGO-006|ALGO-008|ALGO-009|AUDIT-004|AUDIT-005|AUDIT-008|AUDIT-010|AUDIT-011|AUDIT-013|HEUR-003|HEUR-011|HEUR-015|HEUR-020|MODEL-001|MODEL-002|RULE-001|RULE-002|RULE-003|RULE-004|RULE-005|RULE-006|RULE-007|RULE-008|RULE-009|RULE-010|RULE-011|RULE-012|RULE-013|RULE-014|RULE-015|SCORE-001|SCORE-002|SCORE-003|SCORE-004|SCORE-005|SCORE-006|STATE-001|STATE-003|STATE-004|STATE-008|STATE-010|TRAIN-002,default.json + config.py + Task 19 parameter_registry.csv,真实配置叶字段；具体字段校验以 config.py 为准。
GP-011,global_parameters.GP-011.patterns[3].id,match_global,"""duiduihu""",string,番型数组；番型数量1—128；每个番型ID长度1—64字符且唯一；启用状态为布尔值；成立条件必须能由公开规则和手牌状态确定。,番型识别与结算,READ_ONLY,IMPLEMENTED,ALGO-001|ALGO-003|ALGO-004|ALGO-005|ALGO-006|ALGO-008|ALGO-009|AUDIT-004|AUDIT-005|AUDIT-008|AUDIT-010|AUDIT-011|AUDIT-013|HEUR-003|HEUR-011|HEUR-015|HEUR-020|MODEL-001|MODEL-002|RULE-001|RULE-002|RULE-003|RULE-004|RULE-005|RULE-006|RULE-007|RULE-008|RULE-009|RULE-010|RULE-011|RULE-012|RULE-013|RULE-014|RULE-015|SCORE-001|SCORE-002|SCORE-003|SCORE-004|SCORE-005|SCORE-006|STATE-001|STATE-003|STATE-004|STATE-008|STATE-010|TRAIN-002,default.json + config.py + Task 19 parameter_registry.csv,真实配置叶字段；具体字段校验以 config.py 为准。
GP-011,global_parameters.GP-011.patterns[3].enabled,match_global,true,boolean,番型数组；番型数量1—128；每个番型ID长度1—64字符且唯一；启用状态为布尔值；成立条件必须能由公开规则和手牌状态确定。,番型识别与结算,READ_ONLY,IMPLEMENTED,ALGO-001|ALGO-003|ALGO-004|ALGO-005|ALGO-006|ALGO-008|ALGO-009|AUDIT-004|AUDIT-005|AUDIT-008|AUDIT-010|AUDIT-011|AUDIT-013|HEUR-003|HEUR-011|HEUR-015|HEUR-020|MODEL-001|MODEL-002|RULE-001|RULE-002|RULE-003|RULE-004|RULE-005|RULE-006|RULE-007|RULE-008|RULE-009|RULE-010|RULE-011|RULE-012|RULE-013|RULE-014|RULE-015|SCORE-001|SCORE-002|SCORE-003|SCORE-004|SCORE-005|SCORE-006|STATE-001|STATE-003|STATE-004|STATE-008|STATE-010|TRAIN-002,default.json + config.py + Task 19 parameter_registry.csv,真实配置叶字段；具体字段校验以 config.py 为准。
GP-012,global_parameters.GP-012.relations[*],match_global,[],list,关系矩阵；任意番型对关系取`compatible`、`exclusive`、`contains`或`independent`；矩阵规模与[GP-011](#gp-011)一致；关系不得循环矛盾。,番型识别与结算,READ_ONLY,IMPLEMENTED,ALGO-001|ALGO-003|ALGO-004|ALGO-005|ALGO-006|ALGO-008|ALGO-009|AUDIT-004|AUDIT-005|AUDIT-008|AUDIT-010|AUDIT-011|AUDIT-013|HEUR-003|HEUR-011|HEUR-015|HEUR-020|MODEL-001|MODEL-002|RULE-001|RULE-002|RULE-003|RULE-004|RULE-005|RULE-006|RULE-007|RULE-008|RULE-009|RULE-010|RULE-011|RULE-012|RULE-013|RULE-014|RULE-015|SCORE-001|SCORE-002|SCORE-003|SCORE-004|SCORE-005|SCORE-006|STATE-001|STATE-003|STATE-004|STATE-008|STATE-010|TRAIN-002,default.json + config.py + Task 19 parameter_registry.csv,真实配置叶字段；具体字段校验以 config.py 为准。
GP-013,global_parameters.GP-013.base_score,match_global,1,integer,"整数结构体；单番值0—64；基础分1—1,000,000；封顶番0—64，0表示不按番封顶；单次结算绝对值不得超过1,000,000,000；封顶外杠分开关为布尔值。",番型识别与结算,READ_ONLY,IMPLEMENTED,ALGO-001|ALGO-003|ALGO-004|ALGO-005|ALGO-006|ALGO-008|ALGO-009|AUDIT-004|AUDIT-005|AUDIT-008|AUDIT-010|AUDIT-011|AUDIT-013|HEUR-003|HEUR-011|HEUR-015|HEUR-020|MODEL-001|MODEL-002|RULE-001|RULE-002|RULE-003|RULE-004|RULE-005|RULE-006|RULE-007|RULE-008|RULE-009|RULE-010|RULE-011|RULE-012|RULE-013|RULE-014|RULE-015|SCORE-001|SCORE-002|SCORE-003|SCORE-004|SCORE-005|SCORE-006|STATE-001|STATE-003|STATE-004|STATE-008|STATE-010|TRAIN-002,default.json + config.py + Task 19 parameter_registry.csv,真实配置叶字段；具体字段校验以 config.py 为准。
GP-013,global_parameters.GP-013.fan_cap,match_global,5,integer,"整数结构体；单番值0—64；基础分1—1,000,000；封顶番0—64，0表示不按番封顶；单次结算绝对值不得超过1,000,000,000；封顶外杠分开关为布尔值。",番型识别与结算,READ_ONLY,IMPLEMENTED,ALGO-001|ALGO-003|ALGO-004|ALGO-005|ALGO-006|ALGO-008|ALGO-009|AUDIT-004|AUDIT-005|AUDIT-008|AUDIT-010|AUDIT-011|AUDIT-013|HEUR-003|HEUR-011|HEUR-015|HEUR-020|MODEL-001|MODEL-002|RULE-001|RULE-002|RULE-003|RULE-004|RULE-005|RULE-006|RULE-007|RULE-008|RULE-009|RULE-010|RULE-011|RULE-012|RULE-013|RULE-014|RULE-015|SCORE-001|SCORE-002|SCORE-003|SCORE-004|SCORE-005|SCORE-006|STATE-001|STATE-003|STATE-004|STATE-008|STATE-010|TRAIN-002,default.json + config.py + Task 19 parameter_registry.csv,真实配置叶字段；具体字段校验以 config.py 为准。
GP-013,global_parameters.GP-013.gang_outside_cap,match_global,true,boolean,"整数结构体；单番值0—64；基础分1—1,000,000；封顶番0—64，0表示不按番封顶；单次结算绝对值不得超过1,000,000,000；封顶外杠分开关为布尔值。",番型识别与结算,READ_ONLY,IMPLEMENTED,ALGO-001|ALGO-003|ALGO-004|ALGO-005|ALGO-006|ALGO-008|ALGO-009|AUDIT-004|AUDIT-005|AUDIT-008|AUDIT-010|AUDIT-011|AUDIT-013|HEUR-003|HEUR-011|HEUR-015|HEUR-020|MODEL-001|MODEL-002|RULE-001|RULE-002|RULE-003|RULE-004|RULE-005|RULE-006|RULE-007|RULE-008|RULE-009|RULE-010|RULE-011|RULE-012|RULE-013|RULE-014|RULE-015|SCORE-001|SCORE-002|SCORE-003|SCORE-004|SCORE-005|SCORE-006|STATE-001|STATE-003|STATE-004|STATE-008|STATE-010|TRAIN-002,default.json + config.py + Task 19 parameter_registry.csv,真实配置叶字段；具体字段校验以 config.py 为准。
GP-014,global_parameters.GP-014.mode,match_global,"""add_base""",string,"枚举和整数；自摸模式为`add_base`、`add_fan`、`fixed_bonus`或`none`；附加番0—16；固定奖励0—1,000,000；支付范围为`all_active_opponents`或平台指定集合。",胡牌计分,READ_ONLY,IMPLEMENTED,ALGO-001|ALGO-003|ALGO-004|ALGO-005|ALGO-006|ALGO-008|ALGO-009|AUDIT-004|AUDIT-005|AUDIT-008|AUDIT-010|AUDIT-011|AUDIT-013|HEUR-003|HEUR-011|HEUR-013|HEUR-015|HEUR-020|MODEL-001|MODEL-002|RULE-001|RULE-002|RULE-003|RULE-004|RULE-005|RULE-006|RULE-007|RULE-008|RULE-009|RULE-010|RULE-011|RULE-012|RULE-013|RULE-014|RULE-015|SCORE-001|SCORE-002|SCORE-003|SCORE-004|SCORE-005|SCORE-006|STATE-001|STATE-003|STATE-004|STATE-008|STATE-010|TRAIN-002,default.json + config.py + Task 19 parameter_registry.csv,真实配置叶字段；具体字段校验以 config.py 为准。
GP-014,global_parameters.GP-014.bonus_fan,match_global,0,integer,"枚举和整数；自摸模式为`add_base`、`add_fan`、`fixed_bonus`或`none`；附加番0—16；固定奖励0—1,000,000；支付范围为`all_active_opponents`或平台指定集合。",胡牌计分,READ_ONLY,IMPLEMENTED,ALGO-001|ALGO-003|ALGO-004|ALGO-005|ALGO-006|ALGO-008|ALGO-009|AUDIT-004|AUDIT-005|AUDIT-008|AUDIT-010|AUDIT-011|AUDIT-013|HEUR-003|HEUR-011|HEUR-013|HEUR-015|HEUR-020|MODEL-001|MODEL-002|RULE-001|RULE-002|RULE-003|RULE-004|RULE-005|RULE-006|RULE-007|RULE-008|RULE-009|RULE-010|RULE-011|RULE-012|RULE-013|RULE-014|RULE-015|SCORE-001|SCORE-002|SCORE-003|SCORE-004|SCORE-005|SCORE-006|STATE-001|STATE-003|STATE-004|STATE-008|STATE-010|TRAIN-002,default.json + config.py + Task 19 parameter_registry.csv,真实配置叶字段；具体字段校验以 config.py 为准。
GP-014,global_parameters.GP-014.fixed_bonus,match_global,1,integer,"枚举和整数；自摸模式为`add_base`、`add_fan`、`fixed_bonus`或`none`；附加番0—16；固定奖励0—1,000,000；支付范围为`all_active_opponents`或平台指定集合。",胡牌计分,READ_ONLY,IMPLEMENTED,ALGO-001|ALGO-003|ALGO-004|ALGO-005|ALGO-006|ALGO-008|ALGO-009|AUDIT-004|AUDIT-005|AUDIT-008|AUDIT-010|AUDIT-011|AUDIT-013|HEUR-003|HEUR-011|HEUR-013|HEUR-015|HEUR-020|MODEL-001|MODEL-002|RULE-001|RULE-002|RULE-003|RULE-004|RULE-005|RULE-006|RULE-007|RULE-008|RULE-009|RULE-010|RULE-011|RULE-012|RULE-013|RULE-014|RULE-015|SCORE-001|SCORE-002|SCORE-003|SCORE-004|SCORE-005|SCORE-006|STATE-001|STATE-003|STATE-004|STATE-008|STATE-010|TRAIN-002,default.json + config.py + Task 19 parameter_registry.csv,真实配置叶字段；具体字段校验以 config.py 为准。
GP-014,global_parameters.GP-014.payers,match_global,"""all_active_opponents""",string,"枚举和整数；自摸模式为`add_base`、`add_fan`、`fixed_bonus`或`none`；附加番0—16；固定奖励0—1,000,000；支付范围为`all_active_opponents`或平台指定集合。",胡牌计分,READ_ONLY,IMPLEMENTED,ALGO-001|ALGO-003|ALGO-004|ALGO-005|ALGO-006|ALGO-008|ALGO-009|AUDIT-004|AUDIT-005|AUDIT-008|AUDIT-010|AUDIT-011|AUDIT-013|HEUR-003|HEUR-011|HEUR-013|HEUR-015|HEUR-020|MODEL-001|MODEL-002|RULE-001|RULE-002|RULE-003|RULE-004|RULE-005|RULE-006|RULE-007|RULE-008|RULE-009|RULE-010|RULE-011|RULE-012|RULE-013|RULE-014|RULE-015|SCORE-001|SCORE-002|SCORE-003|SCORE-004|SCORE-005|SCORE-006|STATE-001|STATE-003|STATE-004|STATE-008|STATE-010|TRAIN-002,default.json + config.py + Task 19 parameter_registry.csv,真实配置叶字段；具体字段校验以 config.py 为准。
GP-015,global_parameters.GP-015.ming_gang_score,match_global,1,integer,"整数和枚举；明杠、暗杠、补杠单位分各为0—1,000,000；支付方式为`discarder_only`、`all_active_opponents`或`custom`；结算时点为`immediate`或`round_end`。",杠牌计分,READ_ONLY,IMPLEMENTED,ALGO-001|ALGO-003|ALGO-004|ALGO-005|ALGO-006|ALGO-008|ALGO-009|AUDIT-004|AUDIT-005|AUDIT-008|AUDIT-010|AUDIT-011|AUDIT-013|HEUR-003|HEUR-011|HEUR-013|HEUR-015|HEUR-020|MODEL-001|MODEL-002|RULE-001|RULE-002|RULE-003|RULE-004|RULE-005|RULE-006|RULE-007|RULE-008|RULE-009|RULE-010|RULE-011|RULE-012|RULE-013|RULE-014|RULE-015|SCORE-001|SCORE-002|SCORE-003|SCORE-004|SCORE-005|SCORE-006|STATE-001|STATE-003|STATE-004|STATE-008|STATE-010|TRAIN-002,default.json + config.py + Task 19 parameter_registry.csv,真实配置叶字段；具体字段校验以 config.py 为准。
GP-015,global_parameters.GP-015.an_gang_score,match_global,2,integer,"整数和枚举；明杠、暗杠、补杠单位分各为0—1,000,000；支付方式为`discarder_only`、`all_active_opponents`或`custom`；结算时点为`immediate`或`round_end`。",杠牌计分,READ_ONLY,IMPLEMENTED,ALGO-001|ALGO-003|ALGO-004|ALGO-005|ALGO-006|ALGO-008|ALGO-009|AUDIT-004|AUDIT-005|AUDIT-008|AUDIT-010|AUDIT-011|AUDIT-013|HEUR-003|HEUR-011|HEUR-013|HEUR-015|HEUR-020|MODEL-001|MODEL-002|RULE-001|RULE-002|RULE-003|RULE-004|RULE-005|RULE-006|RULE-007|RULE-008|RULE-009|RULE-010|RULE-011|RULE-012|RULE-013|RULE-014|RULE-015|SCORE-001|SCORE-002|SCORE-003|SCORE-004|SCORE-005|SCORE-006|STATE-001|STATE-003|STATE-004|STATE-008|STATE-010|TRAIN-002,default.json + config.py + Task 19 parameter_registry.csv,真实配置叶字段；具体字段校验以 config.py 为准。
GP-015,global_parameters.GP-015.bu_gang_score,match_global,1,integer,"整数和枚举；明杠、暗杠、补杠单位分各为0—1,000,000；支付方式为`discarder_only`、`all_active_opponents`或`custom`；结算时点为`immediate`或`round_end`。",杠牌计分,READ_ONLY,IMPLEMENTED,ALGO-001|ALGO-003|ALGO-004|ALGO-005|ALGO-006|ALGO-008|ALGO-009|AUDIT-004|AUDIT-005|AUDIT-008|AUDIT-010|AUDIT-011|AUDIT-013|HEUR-003|HEUR-011|HEUR-013|HEUR-015|HEUR-020|MODEL-001|MODEL-002|RULE-001|RULE-002|RULE-003|RULE-004|RULE-005|RULE-006|RULE-007|RULE-008|RULE-009|RULE-010|RULE-011|RULE-012|RULE-013|RULE-014|RULE-015|SCORE-001|SCORE-002|SCORE-003|SCORE-004|SCORE-005|SCORE-006|STATE-001|STATE-003|STATE-004|STATE-008|STATE-010|TRAIN-002,default.json + config.py + Task 19 parameter_registry.csv,真实配置叶字段；具体字段校验以 config.py 为准。
GP-015,global_parameters.GP-015.payment,match_global,"""all_active_opponents""",string,"整数和枚举；明杠、暗杠、补杠单位分各为0—1,000,000；支付方式为`discarder_only`、`all_active_opponents`或`custom`；结算时点为`immediate`或`round_end`。",杠牌计分,READ_ONLY,IMPLEMENTED,ALGO-001|ALGO-003|ALGO-004|ALGO-005|ALGO-006|ALGO-008|ALGO-009|AUDIT-004|AUDIT-005|AUDIT-008|AUDIT-010|AUDIT-011|AUDIT-013|HEUR-003|HEUR-011|HEUR-013|HEUR-015|HEUR-020|MODEL-001|MODEL-002|RULE-001|RULE-002|RULE-003|RULE-004|RULE-005|RULE-006|RULE-007|RULE-008|RULE-009|RULE-010|RULE-011|RULE-012|RULE-013|RULE-014|RULE-015|SCORE-001|SCORE-002|SCORE-003|SCORE-004|SCORE-005|SCORE-006|STATE-001|STATE-003|STATE-004|STATE-008|STATE-010|TRAIN-002,default.json + config.py + Task 19 parameter_registry.csv,真实配置叶字段；具体字段校验以 config.py 为准。
GP-015,global_parameters.GP-015.settlement,match_global,"""immediate""",string,"整数和枚举；明杠、暗杠、补杠单位分各为0—1,000,000；支付方式为`discarder_only`、`all_active_opponents`或`custom`；结算时点为`immediate`或`round_end`。",杠牌计分,READ_ONLY,IMPLEMENTED,ALGO-001|ALGO-003|ALGO-004|ALGO-005|ALGO-006|ALGO-008|ALGO-009|AUDIT-004|AUDIT-005|AUDIT-008|AUDIT-010|AUDIT-011|AUDIT-013|HEUR-003|HEUR-011|HEUR-013|HEUR-015|HEUR-020|MODEL-001|MODEL-002|RULE-001|RULE-002|RULE-003|RULE-004|RULE-005|RULE-006|RULE-007|RULE-008|RULE-009|RULE-010|RULE-011|RULE-012|RULE-013|RULE-014|RULE-015|SCORE-001|SCORE-002|SCORE-003|SCORE-004|SCORE-005|SCORE-006|STATE-001|STATE-003|STATE-004|STATE-008|STATE-010|TRAIN-002,default.json + config.py + Task 19 parameter_registry.csv,真实配置叶字段；具体字段校验以 config.py 为准。
GP-016,global_parameters.GP-016.enabled,match_global,true,boolean,布尔和枚举；`enabled`为布尔值；转移范围为`latest_gang_only`、`all_related_gang_score`或`custom`；一炮多响方式为`copy_to_each_winner`、`split`或`custom`。,呼叫转移结算,READ_ONLY,IMPLEMENTED,ALGO-001|ALGO-003|ALGO-004|ALGO-005|ALGO-006|ALGO-008|ALGO-009|AUDIT-004|AUDIT-005|AUDIT-008|AUDIT-010|AUDIT-011|AUDIT-013|HEUR-003|HEUR-011|HEUR-013|HEUR-015|HEUR-020|MODEL-001|MODEL-002|RULE-001|RULE-002|RULE-003|RULE-004|RULE-005|RULE-006|RULE-007|RULE-008|RULE-009|RULE-010|RULE-011|RULE-012|RULE-013|RULE-014|RULE-015|SCORE-001|SCORE-002|SCORE-003|SCORE-004|SCORE-005|SCORE-006|STATE-001|STATE-003|STATE-004|STATE-008|STATE-010|TRAIN-002,default.json + config.py + Task 19 parameter_registry.csv,真实配置叶字段；具体字段校验以 config.py 为准。
GP-016,global_parameters.GP-016.scope,match_global,"""latest_gang_only""",string,布尔和枚举；`enabled`为布尔值；转移范围为`latest_gang_only`、`all_related_gang_score`或`custom`；一炮多响方式为`copy_to_each_winner`、`split`或`custom`。,呼叫转移结算,READ_ONLY,IMPLEMENTED,ALGO-001|ALGO-003|ALGO-004|ALGO-005|ALGO-006|ALGO-008|ALGO-009|AUDIT-004|AUDIT-005|AUDIT-008|AUDIT-010|AUDIT-011|AUDIT-013|HEUR-003|HEUR-011|HEUR-013|HEUR-015|HEUR-020|MODEL-001|MODEL-002|RULE-001|RULE-002|RULE-003|RULE-004|RULE-005|RULE-006|RULE-007|RULE-008|RULE-009|RULE-010|RULE-011|RULE-012|RULE-013|RULE-014|RULE-015|SCORE-001|SCORE-002|SCORE-003|SCORE-004|SCORE-005|SCORE-006|STATE-001|STATE-003|STATE-004|STATE-008|STATE-010|TRAIN-002,default.json + config.py + Task 19 parameter_registry.csv,真实配置叶字段；具体字段校验以 config.py 为准。
GP-016,global_parameters.GP-016.multi_hu_mode,match_global,"""copy_to_each_winner""",string,布尔和枚举；`enabled`为布尔值；转移范围为`latest_gang_only`、`all_related_gang_score`或`custom`；一炮多响方式为`copy_to_each_winner`、`split`或`custom`。,呼叫转移结算,READ_ONLY,IMPLEMENTED,ALGO-001|ALGO-003|ALGO-004|ALGO-005|ALGO-006|ALGO-008|ALGO-009|AUDIT-004|AUDIT-005|AUDIT-008|AUDIT-010|AUDIT-011|AUDIT-013|HEUR-003|HEUR-011|HEUR-013|HEUR-015|HEUR-020|MODEL-001|MODEL-002|RULE-001|RULE-002|RULE-003|RULE-004|RULE-005|RULE-006|RULE-007|RULE-008|RULE-009|RULE-010|RULE-011|RULE-012|RULE-013|RULE-014|RULE-015|SCORE-001|SCORE-002|SCORE-003|SCORE-004|SCORE-005|SCORE-006|STATE-001|STATE-003|STATE-004|STATE-008|STATE-010|TRAIN-002,default.json + config.py + Task 19 parameter_registry.csv,真实配置叶字段；具体字段校验以 config.py 为准。
GP-017,global_parameters.GP-017.enabled,match_global,true,boolean,"布尔和整数；`enabled`为布尔值；花猪赔付番0—64或固定分0—1,000,000；支付对象为`all_non_hu_non_huazhu`、`all_eligible`或`custom`。",终局花猪结算,READ_ONLY,IMPLEMENTED,ALGO-001|ALGO-003|ALGO-004|ALGO-005|ALGO-006|ALGO-008|ALGO-009|AUDIT-004|AUDIT-005|AUDIT-008|AUDIT-010|AUDIT-011|AUDIT-013|HEUR-003|HEUR-011|HEUR-013|HEUR-015|HEUR-020|MODEL-001|MODEL-002|RULE-001|RULE-002|RULE-003|RULE-004|RULE-005|RULE-006|RULE-007|RULE-008|RULE-009|RULE-010|RULE-011|RULE-012|RULE-013|RULE-014|RULE-015|SCORE-001|SCORE-002|SCORE-003|SCORE-004|SCORE-005|SCORE-006|STATE-001|STATE-003|STATE-004|STATE-008|STATE-010|TRAIN-002,default.json + config.py + Task 19 parameter_registry.csv,真实配置叶字段；具体字段校验以 config.py 为准。
GP-017,global_parameters.GP-017.penalty_fan,match_global,0,integer,"布尔和整数；`enabled`为布尔值；花猪赔付番0—64或固定分0—1,000,000；支付对象为`all_non_hu_non_huazhu`、`all_eligible`或`custom`。",终局花猪结算,READ_ONLY,IMPLEMENTED,ALGO-001|ALGO-003|ALGO-004|ALGO-005|ALGO-006|ALGO-008|ALGO-009|AUDIT-004|AUDIT-005|AUDIT-008|AUDIT-010|AUDIT-011|AUDIT-013|HEUR-003|HEUR-011|HEUR-013|HEUR-015|HEUR-020|MODEL-001|MODEL-002|RULE-001|RULE-002|RULE-003|RULE-004|RULE-005|RULE-006|RULE-007|RULE-008|RULE-009|RULE-010|RULE-011|RULE-012|RULE-013|RULE-014|RULE-015|SCORE-001|SCORE-002|SCORE-003|SCORE-004|SCORE-005|SCORE-006|STATE-001|STATE-003|STATE-004|STATE-008|STATE-010|TRAIN-002,default.json + config.py + Task 19 parameter_registry.csv,真实配置叶字段；具体字段校验以 config.py 为准。
GP-017,global_parameters.GP-017.fixed_score,match_global,16,integer,"布尔和整数；`enabled`为布尔值；花猪赔付番0—64或固定分0—1,000,000；支付对象为`all_non_hu_non_huazhu`、`all_eligible`或`custom`。",终局花猪结算,READ_ONLY,IMPLEMENTED,ALGO-001|ALGO-003|ALGO-004|ALGO-005|ALGO-006|ALGO-008|ALGO-009|AUDIT-004|AUDIT-005|AUDIT-008|AUDIT-010|AUDIT-011|AUDIT-013|HEUR-003|HEUR-011|HEUR-013|HEUR-015|HEUR-020|MODEL-001|MODEL-002|RULE-001|RULE-002|RULE-003|RULE-004|RULE-005|RULE-006|RULE-007|RULE-008|RULE-009|RULE-010|RULE-011|RULE-012|RULE-013|RULE-014|RULE-015|SCORE-001|SCORE-002|SCORE-003|SCORE-004|SCORE-005|SCORE-006|STATE-001|STATE-003|STATE-004|STATE-008|STATE-010|TRAIN-002,default.json + config.py + Task 19 parameter_registry.csv,真实配置叶字段；具体字段校验以 config.py 为准。
GP-017,global_parameters.GP-017.payees,match_global,"""all_non_hu_non_huazhu""",string,"布尔和整数；`enabled`为布尔值；花猪赔付番0—64或固定分0—1,000,000；支付对象为`all_non_hu_non_huazhu`、`all_eligible`或`custom`。",终局花猪结算,READ_ONLY,IMPLEMENTED,ALGO-001|ALGO-003|ALGO-004|ALGO-005|ALGO-006|ALGO-008|ALGO-009|AUDIT-004|AUDIT-005|AUDIT-008|AUDIT-010|AUDIT-011|AUDIT-013|HEUR-003|HEUR-011|HEUR-013|HEUR-015|HEUR-020|MODEL-001|MODEL-002|RULE-001|RULE-002|RULE-003|RULE-004|RULE-005|RULE-006|RULE-007|RULE-008|RULE-009|RULE-010|RULE-011|RULE-012|RULE-013|RULE-014|RULE-015|SCORE-001|SCORE-002|SCORE-003|SCORE-004|SCORE-005|SCORE-006|STATE-001|STATE-003|STATE-004|STATE-008|STATE-010|TRAIN-002,default.json + config.py + Task 19 parameter_registry.csv,真实配置叶字段；具体字段校验以 config.py 为准。
GP-018,global_parameters.GP-018.enabled,match_global,true,boolean,布尔和枚举；`enabled`为布尔值；死叫处理为`valid`或`invalid`；估值方式为`actual_live_wait`、`maximum_possible_fan`或`custom`；赔付上限服从[GP-013](#gp-013)。,终局查大叫,READ_ONLY,IMPLEMENTED,ALGO-001|ALGO-003|ALGO-004|ALGO-005|ALGO-006|ALGO-008|ALGO-009|AUDIT-004|AUDIT-005|AUDIT-008|AUDIT-010|AUDIT-011|AUDIT-013|HEUR-003|HEUR-011|HEUR-013|HEUR-015|HEUR-020|MODEL-001|MODEL-002|RULE-001|RULE-002|RULE-003|RULE-004|RULE-005|RULE-006|RULE-007|RULE-008|RULE-009|RULE-010|RULE-011|RULE-012|RULE-013|RULE-014|RULE-015|SCORE-001|SCORE-002|SCORE-003|SCORE-004|SCORE-005|SCORE-006|STATE-001|STATE-003|STATE-004|STATE-008|STATE-010|TRAIN-002,default.json + config.py + Task 19 parameter_registry.csv,真实配置叶字段；具体字段校验以 config.py 为准。
GP-018,global_parameters.GP-018.dead_wait,match_global,"""invalid""",string,布尔和枚举；`enabled`为布尔值；死叫处理为`valid`或`invalid`；估值方式为`actual_live_wait`、`maximum_possible_fan`或`custom`；赔付上限服从[GP-013](#gp-013)。,终局查大叫,READ_ONLY,IMPLEMENTED,ALGO-001|ALGO-003|ALGO-004|ALGO-005|ALGO-006|ALGO-008|ALGO-009|AUDIT-004|AUDIT-005|AUDIT-008|AUDIT-010|AUDIT-011|AUDIT-013|HEUR-003|HEUR-011|HEUR-013|HEUR-015|HEUR-020|MODEL-001|MODEL-002|RULE-001|RULE-002|RULE-003|RULE-004|RULE-005|RULE-006|RULE-007|RULE-008|RULE-009|RULE-010|RULE-011|RULE-012|RULE-013|RULE-014|RULE-015|SCORE-001|SCORE-002|SCORE-003|SCORE-004|SCORE-005|SCORE-006|STATE-001|STATE-003|STATE-004|STATE-008|STATE-010|TRAIN-002,default.json + config.py + Task 19 parameter_registry.csv,真实配置叶字段；具体字段校验以 config.py 为准。
GP-018,global_parameters.GP-018.valuation,match_global,"""maximum_possible_fan""",string,布尔和枚举；`enabled`为布尔值；死叫处理为`valid`或`invalid`；估值方式为`actual_live_wait`、`maximum_possible_fan`或`custom`；赔付上限服从[GP-013](#gp-013)。,终局查大叫,READ_ONLY,IMPLEMENTED,ALGO-001|ALGO-003|ALGO-004|ALGO-005|ALGO-006|ALGO-008|ALGO-009|AUDIT-004|AUDIT-005|AUDIT-008|AUDIT-010|AUDIT-011|AUDIT-013|HEUR-003|HEUR-011|HEUR-013|HEUR-015|HEUR-020|MODEL-001|MODEL-002|RULE-001|RULE-002|RULE-003|RULE-004|RULE-005|RULE-006|RULE-007|RULE-008|RULE-009|RULE-010|RULE-011|RULE-012|RULE-013|RULE-014|RULE-015|SCORE-001|SCORE-002|SCORE-003|SCORE-004|SCORE-005|SCORE-006|STATE-001|STATE-003|STATE-004|STATE-008|STATE-010|TRAIN-002,default.json + config.py + Task 19 parameter_registry.csv,真实配置叶字段；具体字段校验以 config.py 为准。
GP-019,global_parameters.GP-019.enabled,match_global,true,boolean,布尔和枚举；`enabled`为布尔值；退回范围为`all_gang_income`、`untransferred_gang_income`、`selected_events`或`custom`；退回额不能超过对应已入账额。,终局退税,READ_ONLY,IMPLEMENTED,ALGO-001|ALGO-003|ALGO-004|ALGO-005|ALGO-006|ALGO-008|ALGO-009|AUDIT-004|AUDIT-005|AUDIT-008|AUDIT-010|AUDIT-011|AUDIT-013|HEUR-003|HEUR-011|HEUR-013|HEUR-015|HEUR-020|MODEL-001|MODEL-002|RULE-001|RULE-002|RULE-003|RULE-004|RULE-005|RULE-006|RULE-007|RULE-008|RULE-009|RULE-010|RULE-011|RULE-012|RULE-013|RULE-014|RULE-015|SCORE-001|SCORE-002|SCORE-003|SCORE-004|SCORE-005|SCORE-006|STATE-001|STATE-003|STATE-004|STATE-008|STATE-010|TRAIN-002,default.json + config.py + Task 19 parameter_registry.csv,真实配置叶字段；具体字段校验以 config.py 为准。
GP-019,global_parameters.GP-019.scope,match_global,"""untransferred_gang_income""",string,布尔和枚举；`enabled`为布尔值；退回范围为`all_gang_income`、`untransferred_gang_income`、`selected_events`或`custom`；退回额不能超过对应已入账额。,终局退税,READ_ONLY,IMPLEMENTED,ALGO-001|ALGO-003|ALGO-004|ALGO-005|ALGO-006|ALGO-008|ALGO-009|AUDIT-004|AUDIT-005|AUDIT-008|AUDIT-010|AUDIT-011|AUDIT-013|HEUR-003|HEUR-011|HEUR-013|HEUR-015|HEUR-020|MODEL-001|MODEL-002|RULE-001|RULE-002|RULE-003|RULE-004|RULE-005|RULE-006|RULE-007|RULE-008|RULE-009|RULE-010|RULE-011|RULE-012|RULE-013|RULE-014|RULE-015|SCORE-001|SCORE-002|SCORE-003|SCORE-004|SCORE-005|SCORE-006|STATE-001|STATE-003|STATE-004|STATE-008|STATE-010|TRAIN-002,default.json + config.py + Task 19 parameter_registry.csv,真实配置叶字段；具体字段校验以 config.py 为准。
GP-020,global_parameters.GP-020.dealer_mode,match_global,"""rotate""",string,"枚举和整数；定庄方式为`dice`、`rotate`、`winner`或`custom`；庄家加番0—16；庄家固定加分0—1,000,000；连庄次数0—10000，0表示不连庄。",庄家与座位管理,READ_ONLY,IMPLEMENTED,ALGO-001|ALGO-003|ALGO-004|ALGO-005|ALGO-006|ALGO-008|ALGO-009|AUDIT-004|AUDIT-005|AUDIT-008|AUDIT-010|AUDIT-011|AUDIT-013|HEUR-003|HEUR-011|HEUR-013|HEUR-015|HEUR-020|MODEL-001|MODEL-002|RULE-001|RULE-002|RULE-003|RULE-004|RULE-005|RULE-006|RULE-007|RULE-008|RULE-009|RULE-010|RULE-011|RULE-012|RULE-013|RULE-014|RULE-015|SCORE-001|SCORE-002|SCORE-003|SCORE-004|SCORE-005|SCORE-006|STATE-001|STATE-003|STATE-004|STATE-008|STATE-010|TRAIN-002,default.json + config.py + Task 19 parameter_registry.csv,真实配置叶字段；具体字段校验以 config.py 为准。
GP-020,global_parameters.GP-020.dealer_bonus_fan,match_global,0,integer,"枚举和整数；定庄方式为`dice`、`rotate`、`winner`或`custom`；庄家加番0—16；庄家固定加分0—1,000,000；连庄次数0—10000，0表示不连庄。",庄家与座位管理,READ_ONLY,IMPLEMENTED,ALGO-001|ALGO-003|ALGO-004|ALGO-005|ALGO-006|ALGO-008|ALGO-009|AUDIT-004|AUDIT-005|AUDIT-008|AUDIT-010|AUDIT-011|AUDIT-013|HEUR-003|HEUR-011|HEUR-013|HEUR-015|HEUR-020|MODEL-001|MODEL-002|RULE-001|RULE-002|RULE-003|RULE-004|RULE-005|RULE-006|RULE-007|RULE-008|RULE-009|RULE-010|RULE-011|RULE-012|RULE-013|RULE-014|RULE-015|SCORE-001|SCORE-002|SCORE-003|SCORE-004|SCORE-005|SCORE-006|STATE-001|STATE-003|STATE-004|STATE-008|STATE-010|TRAIN-002,default.json + config.py + Task 19 parameter_registry.csv,真实配置叶字段；具体字段校验以 config.py 为准。
GP-020,global_parameters.GP-020.dealer_fixed_bonus,match_global,0,integer,"枚举和整数；定庄方式为`dice`、`rotate`、`winner`或`custom`；庄家加番0—16；庄家固定加分0—1,000,000；连庄次数0—10000，0表示不连庄。",庄家与座位管理,READ_ONLY,IMPLEMENTED,ALGO-001|ALGO-003|ALGO-004|ALGO-005|ALGO-006|ALGO-008|ALGO-009|AUDIT-004|AUDIT-005|AUDIT-008|AUDIT-010|AUDIT-011|AUDIT-013|HEUR-003|HEUR-011|HEUR-013|HEUR-015|HEUR-020|MODEL-001|MODEL-002|RULE-001|RULE-002|RULE-003|RULE-004|RULE-005|RULE-006|RULE-007|RULE-008|RULE-009|RULE-010|RULE-011|RULE-012|RULE-013|RULE-014|RULE-015|SCORE-001|SCORE-002|SCORE-003|SCORE-004|SCORE-005|SCORE-006|STATE-001|STATE-003|STATE-004|STATE-008|STATE-010|TRAIN-002,default.json + config.py + Task 19 parameter_registry.csv,真实配置叶字段；具体字段校验以 config.py 为准。
GP-020,global_parameters.GP-020.continuations,match_global,0,integer,"枚举和整数；定庄方式为`dice`、`rotate`、`winner`或`custom`；庄家加番0—16；庄家固定加分0—1,000,000；连庄次数0—10000，0表示不连庄。",庄家与座位管理,READ_ONLY,IMPLEMENTED,ALGO-001|ALGO-003|ALGO-004|ALGO-005|ALGO-006|ALGO-008|ALGO-009|AUDIT-004|AUDIT-005|AUDIT-008|AUDIT-010|AUDIT-011|AUDIT-013|HEUR-003|HEUR-011|HEUR-013|HEUR-015|HEUR-020|MODEL-001|MODEL-002|RULE-001|RULE-002|RULE-003|RULE-004|RULE-005|RULE-006|RULE-007|RULE-008|RULE-009|RULE-010|RULE-011|RULE-012|RULE-013|RULE-014|RULE-015|SCORE-001|SCORE-002|SCORE-003|SCORE-004|SCORE-005|SCORE-006|STATE-001|STATE-003|STATE-004|STATE-008|STATE-010|TRAIN-002,default.json + config.py + Task 19 parameter_registry.csv,真实配置叶字段；具体字段校验以 config.py 为准。
GP-021,global_parameters.GP-021.wall_remaining,match_global,"""public_exact""",string,可见性开关集合；每个信息项取`hidden`、`public_exact`或`public_partial`；AI可见级别不得高于人类界面；部分可见项必须定义公开粒度。,PlayerView构建与信息隔离,READ_ONLY,IMPLEMENTED,ALGO-001|ALGO-003|ALGO-004|ALGO-005|ALGO-006|ALGO-007|ALGO-008|ALGO-009|ALGO-010|AUDIT-001|AUDIT-002|AUDIT-004|AUDIT-005|AUDIT-008|AUDIT-010|AUDIT-011|AUDIT-013|HEUR-003|HEUR-015|HEUR-019|HEUR-020|MODEL-001|MODEL-002|RULE-001|RULE-015|RULE-016|SCORE-002|SCORE-003|SCORE-004|SCORE-005|SCORE-006|STATE-001|STATE-004|STATE-005|STATE-008|STATE-010,default.json + config.py + Task 19 parameter_registry.csv,真实配置叶字段；具体字段校验以 config.py 为准。
GP-021,global_parameters.GP-021.draw_source,match_global,"""public_exact""",string,可见性开关集合；每个信息项取`hidden`、`public_exact`或`public_partial`；AI可见级别不得高于人类界面；部分可见项必须定义公开粒度。,PlayerView构建与信息隔离,READ_ONLY,IMPLEMENTED,ALGO-001|ALGO-003|ALGO-004|ALGO-005|ALGO-006|ALGO-007|ALGO-008|ALGO-009|ALGO-010|AUDIT-001|AUDIT-002|AUDIT-004|AUDIT-005|AUDIT-008|AUDIT-010|AUDIT-011|AUDIT-013|HEUR-003|HEUR-015|HEUR-019|HEUR-020|MODEL-001|MODEL-002|RULE-001|RULE-015|RULE-016|SCORE-002|SCORE-003|SCORE-004|SCORE-005|SCORE-006|STATE-001|STATE-004|STATE-005|STATE-008|STATE-010,default.json + config.py + Task 19 parameter_registry.csv,真实配置叶字段；具体字段校验以 config.py 为准。
GP-021,global_parameters.GP-021.exchange_source,match_global,"""public_exact""",string,可见性开关集合；每个信息项取`hidden`、`public_exact`或`public_partial`；AI可见级别不得高于人类界面；部分可见项必须定义公开粒度。,PlayerView构建与信息隔离,READ_ONLY,IMPLEMENTED,ALGO-001|ALGO-003|ALGO-004|ALGO-005|ALGO-006|ALGO-007|ALGO-008|ALGO-009|ALGO-010|AUDIT-001|AUDIT-002|AUDIT-004|AUDIT-005|AUDIT-008|AUDIT-010|AUDIT-011|AUDIT-013|HEUR-003|HEUR-015|HEUR-019|HEUR-020|MODEL-001|MODEL-002|RULE-001|RULE-015|RULE-016|SCORE-002|SCORE-003|SCORE-004|SCORE-005|SCORE-006|STATE-001|STATE-004|STATE-005|STATE-008|STATE-010,default.json + config.py + Task 19 parameter_registry.csv,真实配置叶字段；具体字段校验以 config.py 为准。
GP-021,global_parameters.GP-021.concealed_gang_tiles,match_global,"""hidden""",string,可见性开关集合；每个信息项取`hidden`、`public_exact`或`public_partial`；AI可见级别不得高于人类界面；部分可见项必须定义公开粒度。,PlayerView构建与信息隔离,READ_ONLY,IMPLEMENTED,ALGO-001|ALGO-003|ALGO-004|ALGO-005|ALGO-006|ALGO-007|ALGO-008|ALGO-009|ALGO-010|AUDIT-001|AUDIT-002|AUDIT-004|AUDIT-005|AUDIT-008|AUDIT-010|AUDIT-011|AUDIT-013|HEUR-003|HEUR-015|HEUR-019|HEUR-020|MODEL-001|MODEL-002|RULE-001|RULE-015|RULE-016|SCORE-002|SCORE-003|SCORE-004|SCORE-005|SCORE-006|STATE-001|STATE-004|STATE-005|STATE-008|STATE-010,default.json + config.py + Task 19 parameter_registry.csv,真实配置叶字段；具体字段校验以 config.py 为准。
GP-021,global_parameters.GP-021.hu_hand,match_global,"""public_exact""",string,可见性开关集合；每个信息项取`hidden`、`public_exact`或`public_partial`；AI可见级别不得高于人类界面；部分可见项必须定义公开粒度。,PlayerView构建与信息隔离,READ_ONLY,IMPLEMENTED,ALGO-001|ALGO-003|ALGO-004|ALGO-005|ALGO-006|ALGO-007|ALGO-008|ALGO-009|ALGO-010|AUDIT-001|AUDIT-002|AUDIT-004|AUDIT-005|AUDIT-008|AUDIT-010|AUDIT-011|AUDIT-013|HEUR-003|HEUR-015|HEUR-019|HEUR-020|MODEL-001|MODEL-002|RULE-001|RULE-015|RULE-016|SCORE-002|SCORE-003|SCORE-004|SCORE-005|SCORE-006|STATE-001|STATE-004|STATE-005|STATE-008|STATE-010,default.json + config.py + Task 19 parameter_registry.csv,真实配置叶字段；具体字段校验以 config.py 为准。
GP-021,global_parameters.GP-021.draw_round_hand,match_global,"""public_exact""",string,可见性开关集合；每个信息项取`hidden`、`public_exact`或`public_partial`；AI可见级别不得高于人类界面；部分可见项必须定义公开粒度。,PlayerView构建与信息隔离,READ_ONLY,IMPLEMENTED,ALGO-001|ALGO-003|ALGO-004|ALGO-005|ALGO-006|ALGO-007|ALGO-008|ALGO-009|ALGO-010|AUDIT-001|AUDIT-002|AUDIT-004|AUDIT-005|AUDIT-008|AUDIT-010|AUDIT-011|AUDIT-013|HEUR-003|HEUR-015|HEUR-019|HEUR-020|MODEL-001|MODEL-002|RULE-001|RULE-015|RULE-016|SCORE-002|SCORE-003|SCORE-004|SCORE-005|SCORE-006|STATE-001|STATE-004|STATE-005|STATE-008|STATE-010,default.json + config.py + Task 19 parameter_registry.csv,真实配置叶字段；具体字段校验以 config.py 为准。
GP-021,global_parameters.GP-021.thinking_time,match_global,"""public_partial""",string,可见性开关集合；每个信息项取`hidden`、`public_exact`或`public_partial`；AI可见级别不得高于人类界面；部分可见项必须定义公开粒度。,PlayerView构建与信息隔离,READ_ONLY,IMPLEMENTED,ALGO-001|ALGO-003|ALGO-004|ALGO-005|ALGO-006|ALGO-007|ALGO-008|ALGO-009|ALGO-010|AUDIT-001|AUDIT-002|AUDIT-004|AUDIT-005|AUDIT-008|AUDIT-010|AUDIT-011|AUDIT-013|HEUR-003|HEUR-015|HEUR-019|HEUR-020|MODEL-001|MODEL-002|RULE-001|RULE-015|RULE-016|SCORE-002|SCORE-003|SCORE-004|SCORE-005|SCORE-006|STATE-001|STATE-004|STATE-005|STATE-008|STATE-010,default.json + config.py + Task 19 parameter_registry.csv,真实配置叶字段；具体字段校验以 config.py 为准。
GP-021,global_parameters.GP-021.cancel_action,match_global,"""hidden""",string,可见性开关集合；每个信息项取`hidden`、`public_exact`或`public_partial`；AI可见级别不得高于人类界面；部分可见项必须定义公开粒度。,PlayerView构建与信息隔离,READ_ONLY,IMPLEMENTED,ALGO-001|ALGO-003|ALGO-004|ALGO-005|ALGO-006|ALGO-007|ALGO-008|ALGO-009|ALGO-010|AUDIT-001|AUDIT-002|AUDIT-004|AUDIT-005|AUDIT-008|AUDIT-010|AUDIT-011|AUDIT-013|HEUR-003|HEUR-015|HEUR-019|HEUR-020|MODEL-001|MODEL-002|RULE-001|RULE-015|RULE-016|SCORE-002|SCORE-003|SCORE-004|SCORE-005|SCORE-006|STATE-001|STATE-004|STATE-005|STATE-008|STATE-010,default.json + config.py + Task 19 parameter_registry.csv,真实配置叶字段；具体字段校验以 config.py 为准。
GP-022,global_parameters.GP-022.discard_timeout_ms,match_global,15000,integer,时间结构体；出牌时限250—600000毫秒；响应时限250—600000毫秒；表现延迟0—时限的80%；超时动作为`auto_pass`、`auto_hu`、`safe_discard`或平台合法默认值。,决策时间控制与超时回退,ADVANCED,IMPLEMENTED,ALGO-001|ALGO-003|ALGO-004|ALGO-005|ALGO-006|ALGO-008|ALGO-009|AUDIT-004|AUDIT-005|AUDIT-008|AUDIT-010|AUDIT-011|AUDIT-013|HEUR-003|HEUR-015|MODEL-001|MODEL-002|RULE-001|RULE-015|SCORE-002|SCORE-003|SCORE-004|SCORE-005|SCORE-006|STATE-001|STATE-004|STATE-008|STATE-010,default.json + config.py + Task 19 parameter_registry.csv,真实配置叶字段；具体字段校验以 config.py 为准。
GP-022,global_parameters.GP-022.response_timeout_ms,match_global,8000,integer,时间结构体；出牌时限250—600000毫秒；响应时限250—600000毫秒；表现延迟0—时限的80%；超时动作为`auto_pass`、`auto_hu`、`safe_discard`或平台合法默认值。,决策时间控制与超时回退,ADVANCED,IMPLEMENTED,ALGO-001|ALGO-003|ALGO-004|ALGO-005|ALGO-006|ALGO-008|ALGO-009|AUDIT-004|AUDIT-005|AUDIT-008|AUDIT-010|AUDIT-011|AUDIT-013|HEUR-003|HEUR-015|MODEL-001|MODEL-002|RULE-001|RULE-015|SCORE-002|SCORE-003|SCORE-004|SCORE-005|SCORE-006|STATE-001|STATE-004|STATE-008|STATE-010,default.json + config.py + Task 19 parameter_registry.csv,真实配置叶字段；具体字段校验以 config.py 为准。
GP-022,global_parameters.GP-022.max_performance_delay_ms,match_global,2000,integer,时间结构体；出牌时限250—600000毫秒；响应时限250—600000毫秒；表现延迟0—时限的80%；超时动作为`auto_pass`、`auto_hu`、`safe_discard`或平台合法默认值。,决策时间控制与超时回退,ADVANCED,IMPLEMENTED,ALGO-001|ALGO-003|ALGO-004|ALGO-005|ALGO-006|ALGO-008|ALGO-009|AUDIT-004|AUDIT-005|AUDIT-008|AUDIT-010|AUDIT-011|AUDIT-013|HEUR-003|HEUR-015|MODEL-001|MODEL-002|RULE-001|RULE-015|SCORE-002|SCORE-003|SCORE-004|SCORE-005|SCORE-006|STATE-001|STATE-004|STATE-008|STATE-010,default.json + config.py + Task 19 parameter_registry.csv,真实配置叶字段；具体字段校验以 config.py 为准。
GP-022,global_parameters.GP-022.timeout_action,match_global,"""auto_pass""",string,时间结构体；出牌时限250—600000毫秒；响应时限250—600000毫秒；表现延迟0—时限的80%；超时动作为`auto_pass`、`auto_hu`、`safe_discard`或平台合法默认值。,决策时间控制与超时回退,ADVANCED,IMPLEMENTED,ALGO-001|ALGO-003|ALGO-004|ALGO-005|ALGO-006|ALGO-008|ALGO-009|AUDIT-004|AUDIT-005|AUDIT-008|AUDIT-010|AUDIT-011|AUDIT-013|HEUR-003|HEUR-015|MODEL-001|MODEL-002|RULE-001|RULE-015|SCORE-002|SCORE-003|SCORE-004|SCORE-005|SCORE-006|STATE-001|STATE-004|STATE-008|STATE-010,default.json + config.py + Task 19 parameter_registry.csv,真实配置叶字段；具体字段校验以 config.py 为准。
GP-023,global_parameters.GP-023.profile_count,match_global,4,integer,AI档案结构体；水平为`novice`、`normal`、`skilled`、`expert`；风格为`conservative`、`balanced`、`aggressive`；所有连续特征取0—1；四名玩家档案数量固定4。,玩家初始化与人格策略,READ_ONLY,IMPLEMENTED,ALGO-001|ALGO-003|ALGO-004|ALGO-005|ALGO-006|ALGO-007|ALGO-008|ALGO-009|AUDIT-002|AUDIT-004|AUDIT-005|AUDIT-008|AUDIT-010|AUDIT-011|AUDIT-013|HEUR-001|HEUR-003|HEUR-004|HEUR-005|HEUR-012|HEUR-015|HEUR-019|HEUR-020|HEUR-021|HEUR-022|HEUR-023|MODEL-001|MODEL-002|MODEL-003|RULE-001|RULE-007|RULE-015|SCORE-002|SCORE-003|SCORE-004|SCORE-005|SCORE-006|STATE-001|STATE-004|STATE-008|STATE-009|STATE-010,default.json + config.py + Task 19 parameter_registry.csv,真实配置叶字段；具体字段校验以 config.py 为准。
GP-023,players[0].profile.name,seat_s0,"""normal_balanced_0""",string,非空字符串,玩家初始化与人格策略,EDITABLE,IMPLEMENTED,ALGO-001|ALGO-003|ALGO-004|ALGO-005|ALGO-006|ALGO-007|ALGO-008|ALGO-009|AUDIT-002|AUDIT-004|AUDIT-005|AUDIT-008|AUDIT-010|AUDIT-011|AUDIT-013|HEUR-001|HEUR-003|HEUR-004|HEUR-005|HEUR-012|HEUR-015|HEUR-019|HEUR-020|HEUR-021|HEUR-022|HEUR-023|MODEL-001|MODEL-002|MODEL-003|RULE-001|RULE-007|RULE-015|SCORE-002|SCORE-003|SCORE-004|SCORE-005|SCORE-006|STATE-001|STATE-004|STATE-008|STATE-009|STATE-010,default.json + PlayerProfile.from_dict,逐座 AI 基础档案字段。
GP-023,players[0].profile.level,seat_s0,"""normal""",string,novice | normal | skilled | expert,玩家初始化与人格策略,EDITABLE,IMPLEMENTED,ALGO-001|ALGO-003|ALGO-004|ALGO-005|ALGO-006|ALGO-007|ALGO-008|ALGO-009|AUDIT-002|AUDIT-004|AUDIT-005|AUDIT-008|AUDIT-010|AUDIT-011|AUDIT-013|HEUR-001|HEUR-003|HEUR-004|HEUR-005|HEUR-012|HEUR-015|HEUR-019|HEUR-020|HEUR-021|HEUR-022|HEUR-023|MODEL-001|MODEL-002|MODEL-003|RULE-001|RULE-007|RULE-015|SCORE-002|SCORE-003|SCORE-004|SCORE-005|SCORE-006|STATE-001|STATE-004|STATE-008|STATE-009|STATE-010,default.json + PlayerProfile.from_dict,逐座 AI 基础档案字段。
GP-023,players[0].profile.style,seat_s0,"""balanced""",string,conservative | balanced | aggressive,玩家初始化与人格策略,EDITABLE,IMPLEMENTED,ALGO-001|ALGO-003|ALGO-004|ALGO-005|ALGO-006|ALGO-007|ALGO-008|ALGO-009|AUDIT-002|AUDIT-004|AUDIT-005|AUDIT-008|AUDIT-010|AUDIT-011|AUDIT-013|HEUR-001|HEUR-003|HEUR-004|HEUR-005|HEUR-012|HEUR-015|HEUR-019|HEUR-020|HEUR-021|HEUR-022|HEUR-023|MODEL-001|MODEL-002|MODEL-003|RULE-001|RULE-007|RULE-015|SCORE-002|SCORE-003|SCORE-004|SCORE-005|SCORE-006|STATE-001|STATE-004|STATE-008|STATE-009|STATE-010,default.json + PlayerProfile.from_dict,逐座 AI 基础档案字段。
GP-023,players[0].profile.peng_preference,seat_s0,0.5,number,0..1,玩家初始化与人格策略,EDITABLE,IMPLEMENTED,ALGO-001|ALGO-003|ALGO-004|ALGO-005|ALGO-006|ALGO-007|ALGO-008|ALGO-009|AUDIT-002|AUDIT-004|AUDIT-005|AUDIT-008|AUDIT-010|AUDIT-011|AUDIT-013|HEUR-001|HEUR-003|HEUR-004|HEUR-005|HEUR-012|HEUR-015|HEUR-019|HEUR-020|HEUR-021|HEUR-022|HEUR-023|MODEL-001|MODEL-002|MODEL-003|RULE-001|RULE-007|RULE-015|SCORE-002|SCORE-003|SCORE-004|SCORE-005|SCORE-006|STATE-001|STATE-004|STATE-008|STATE-009|STATE-010,default.json + PlayerProfile.from_dict,逐座 AI 基础档案字段。
GP-023,players[0].profile.gang_preference,seat_s0,0.5,number,0..1,玩家初始化与人格策略,EDITABLE,IMPLEMENTED,ALGO-001|ALGO-003|ALGO-004|ALGO-005|ALGO-006|ALGO-007|ALGO-008|ALGO-009|AUDIT-002|AUDIT-004|AUDIT-005|AUDIT-008|AUDIT-010|AUDIT-011|AUDIT-013|HEUR-001|HEUR-003|HEUR-004|HEUR-005|HEUR-012|HEUR-015|HEUR-019|HEUR-020|HEUR-021|HEUR-022|HEUR-023|MODEL-001|MODEL-002|MODEL-003|RULE-001|RULE-007|RULE-015|SCORE-002|SCORE-003|SCORE-004|SCORE-005|SCORE-006|STATE-001|STATE-004|STATE-008|STATE-009|STATE-010,default.json + PlayerProfile.from_dict,逐座 AI 基础档案字段。
GP-023,players[0].profile.big_hand_preference,seat_s0,0.45,number,0..1,玩家初始化与人格策略,EDITABLE,IMPLEMENTED,ALGO-001|ALGO-003|ALGO-004|ALGO-005|ALGO-006|ALGO-007|ALGO-008|ALGO-009|AUDIT-002|AUDIT-004|AUDIT-005|AUDIT-008|AUDIT-010|AUDIT-011|AUDIT-013|HEUR-001|HEUR-003|HEUR-004|HEUR-005|HEUR-012|HEUR-015|HEUR-019|HEUR-020|HEUR-021|HEUR-022|HEUR-023|MODEL-001|MODEL-002|MODEL-003|RULE-001|RULE-007|RULE-015|SCORE-002|SCORE-003|SCORE-004|SCORE-005|SCORE-006|STATE-001|STATE-004|STATE-008|STATE-009|STATE-010,default.json + PlayerProfile.from_dict,逐座 AI 基础档案字段。
GP-023,players[0].profile.defense_awareness,seat_s0,0.55,number,0..1,玩家初始化与人格策略,EDITABLE,IMPLEMENTED,ALGO-001|ALGO-003|ALGO-004|ALGO-005|ALGO-006|ALGO-007|ALGO-008|ALGO-009|AUDIT-002|AUDIT-004|AUDIT-005|AUDIT-008|AUDIT-010|AUDIT-011|AUDIT-013|HEUR-001|HEUR-003|HEUR-004|HEUR-005|HEUR-012|HEUR-015|HEUR-019|HEUR-020|HEUR-021|HEUR-022|HEUR-023|MODEL-001|MODEL-002|MODEL-003|RULE-001|RULE-007|RULE-015|SCORE-002|SCORE-003|SCORE-004|SCORE-005|SCORE-006|STATE-001|STATE-004|STATE-008|STATE-009|STATE-010,default.json + PlayerProfile.from_dict,逐座 AI 基础档案字段。
GP-023,players[0].profile.plan_persistence,seat_s0,0.55,number,0..1,玩家初始化与人格策略,EDITABLE,IMPLEMENTED,ALGO-001|ALGO-003|ALGO-004|ALGO-005|ALGO-006|ALGO-007|ALGO-008|ALGO-009|AUDIT-002|AUDIT-004|AUDIT-005|AUDIT-008|AUDIT-010|AUDIT-011|AUDIT-013|HEUR-001|HEUR-003|HEUR-004|HEUR-005|HEUR-012|HEUR-015|HEUR-019|HEUR-020|HEUR-021|HEUR-022|HEUR-023|MODEL-001|MODEL-002|MODEL-003|RULE-001|RULE-007|RULE-015|SCORE-002|SCORE-003|SCORE-004|SCORE-005|SCORE-006|STATE-001|STATE-004|STATE-008|STATE-009|STATE-010,default.json + PlayerProfile.from_dict,逐座 AI 基础档案字段。
GP-023,players[0].profile.thinking_speed,seat_s0,0.55,number,0..1,玩家初始化与人格策略,EDITABLE,IMPLEMENTED,ALGO-001|ALGO-003|ALGO-004|ALGO-005|ALGO-006|ALGO-007|ALGO-008|ALGO-009|AUDIT-002|AUDIT-004|AUDIT-005|AUDIT-008|AUDIT-010|AUDIT-011|AUDIT-013|HEUR-001|HEUR-003|HEUR-004|HEUR-005|HEUR-012|HEUR-015|HEUR-019|HEUR-020|HEUR-021|HEUR-022|HEUR-023|MODEL-001|MODEL-002|MODEL-003|RULE-001|RULE-007|RULE-015|SCORE-002|SCORE-003|SCORE-004|SCORE-005|SCORE-006|STATE-001|STATE-004|STATE-008|STATE-009|STATE-010,default.json + PlayerProfile.from_dict,逐座 AI 基础档案字段。
GP-024,players[0].cognitive_parameters.GP-024.initial_strength,seat_s0,0.65,number,记忆结构体；初始记忆强度0—1；遗忘率0—1；事件显著度0—1；跨局历史长度0—10000局；隐藏信息学习开关固定为`false`。,认知记忆与跨局学习,EDITABLE,IMPLEMENTED,ALGO-001|ALGO-003|ALGO-004|ALGO-005|ALGO-006|ALGO-007|ALGO-008|ALGO-009|AUDIT-002|AUDIT-004|AUDIT-005|AUDIT-008|AUDIT-010|AUDIT-011|AUDIT-013|HEUR-001|HEUR-003|HEUR-004|HEUR-005|HEUR-015|HEUR-017|HEUR-018|HEUR-019|HEUR-020|HEUR-021|HEUR-022|HEUR-023|MODEL-001|MODEL-002|MODEL-003|RULE-001|RULE-015|SCORE-002|SCORE-003|SCORE-004|SCORE-005|SCORE-006|STATE-001|STATE-004|STATE-008|STATE-009|STATE-010|STATE-012,default.json + config.py + Task 19 parameter_registry.csv,逐座认知配置真实叶字段；组内联动约束同样适用。
GP-024,players[0].cognitive_parameters.GP-024.forget_rate,seat_s0,0.12,number,记忆结构体；初始记忆强度0—1；遗忘率0—1；事件显著度0—1；跨局历史长度0—10000局；隐藏信息学习开关固定为`false`。,认知记忆与跨局学习,EDITABLE,IMPLEMENTED,ALGO-001|ALGO-003|ALGO-004|ALGO-005|ALGO-006|ALGO-007|ALGO-008|ALGO-009|AUDIT-002|AUDIT-004|AUDIT-005|AUDIT-008|AUDIT-010|AUDIT-011|AUDIT-013|HEUR-001|HEUR-003|HEUR-004|HEUR-005|HEUR-015|HEUR-017|HEUR-018|HEUR-019|HEUR-020|HEUR-021|HEUR-022|HEUR-023|MODEL-001|MODEL-002|MODEL-003|RULE-001|RULE-015|SCORE-002|SCORE-003|SCORE-004|SCORE-005|SCORE-006|STATE-001|STATE-004|STATE-008|STATE-009|STATE-010|STATE-012,default.json + config.py + Task 19 parameter_registry.csv,逐座认知配置真实叶字段；组内联动约束同样适用。
GP-024,players[0].cognitive_parameters.GP-024.salience_boost,seat_s0,0.35,number,记忆结构体；初始记忆强度0—1；遗忘率0—1；事件显著度0—1；跨局历史长度0—10000局；隐藏信息学习开关固定为`false`。,认知记忆与跨局学习,EDITABLE,IMPLEMENTED,ALGO-001|ALGO-003|ALGO-004|ALGO-005|ALGO-006|ALGO-007|ALGO-008|ALGO-009|AUDIT-002|AUDIT-004|AUDIT-005|AUDIT-008|AUDIT-010|AUDIT-011|AUDIT-013|HEUR-001|HEUR-003|HEUR-004|HEUR-005|HEUR-015|HEUR-017|HEUR-018|HEUR-019|HEUR-020|HEUR-021|HEUR-022|HEUR-023|MODEL-001|MODEL-002|MODEL-003|RULE-001|RULE-015|SCORE-002|SCORE-003|SCORE-004|SCORE-005|SCORE-006|STATE-001|STATE-004|STATE-008|STATE-009|STATE-010|STATE-012,default.json + config.py + Task 19 parameter_registry.csv,逐座认知配置真实叶字段；组内联动约束同样适用。
GP-024,players[0].cognitive_parameters.GP-024.cross_round_history,seat_s0,8,integer,记忆结构体；初始记忆强度0—1；遗忘率0—1；事件显著度0—1；跨局历史长度0—10000局；隐藏信息学习开关固定为`false`。,认知记忆与跨局学习,EDITABLE,IMPLEMENTED,ALGO-001|ALGO-003|ALGO-004|ALGO-005|ALGO-006|ALGO-007|ALGO-008|ALGO-009|AUDIT-002|AUDIT-004|AUDIT-005|AUDIT-008|AUDIT-010|AUDIT-011|AUDIT-013|HEUR-001|HEUR-003|HEUR-004|HEUR-005|HEUR-015|HEUR-017|HEUR-018|HEUR-019|HEUR-020|HEUR-021|HEUR-022|HEUR-023|MODEL-001|MODEL-002|MODEL-003|RULE-001|RULE-015|SCORE-002|SCORE-003|SCORE-004|SCORE-005|SCORE-006|STATE-001|STATE-004|STATE-008|STATE-009|STATE-010|STATE-012,default.json + config.py + Task 19 parameter_registry.csv,逐座认知配置真实叶字段；组内联动约束同样适用。
GP-024,players[0].cognitive_parameters.GP-024.learn_hidden_information,seat_s0,false,boolean,记忆结构体；初始记忆强度0—1；遗忘率0—1；事件显著度0—1；跨局历史长度0—10000局；隐藏信息学习开关固定为`false`。,认知记忆与跨局学习,READ_ONLY,IMPLEMENTED,ALGO-001|ALGO-003|ALGO-004|ALGO-005|ALGO-006|ALGO-007|ALGO-008|ALGO-009|AUDIT-002|AUDIT-004|AUDIT-005|AUDIT-008|AUDIT-010|AUDIT-011|AUDIT-013|HEUR-001|HEUR-003|HEUR-004|HEUR-005|HEUR-015|HEUR-017|HEUR-018|HEUR-019|HEUR-020|HEUR-021|HEUR-022|HEUR-023|MODEL-001|MODEL-002|MODEL-003|RULE-001|RULE-015|SCORE-002|SCORE-003|SCORE-004|SCORE-005|SCORE-006|STATE-001|STATE-004|STATE-008|STATE-009|STATE-010|STATE-012,default.json + config.py + Task 19 parameter_registry.csv,逐座认知配置真实叶字段；组内联动约束同样适用。
GP-025,players[0].cognitive_parameters.GP-025.emotional_stability,seat_s0,0.7,number,人类化结构体；情绪稳定度、习惯强度、失误概率上限、近似随机强度均为0—1；随机种子为0—\(2^{64}-1\)的整数；相同种子和相同输入必须可复现。,候选评价与人类化选择,EDITABLE,IMPLEMENTED,ALGO-001|ALGO-003|ALGO-004|ALGO-005|ALGO-006|ALGO-007|ALGO-008|ALGO-009|AUDIT-002|AUDIT-004|AUDIT-005|AUDIT-008|AUDIT-010|AUDIT-011|AUDIT-013|HEUR-001|HEUR-003|HEUR-004|HEUR-005|HEUR-015|HEUR-017|HEUR-018|HEUR-019|HEUR-020|HEUR-021|HEUR-022|HEUR-023|MODEL-001|MODEL-002|MODEL-003|RULE-001|RULE-015|SCORE-002|SCORE-003|SCORE-004|SCORE-005|SCORE-006|STATE-001|STATE-004|STATE-008|STATE-009|STATE-010|STATE-012,default.json + config.py + Task 19 parameter_registry.csv,逐座认知配置真实叶字段；组内联动约束同样适用。
GP-025,players[0].cognitive_parameters.GP-025.habit_strength,seat_s0,0.55,number,人类化结构体；情绪稳定度、习惯强度、失误概率上限、近似随机强度均为0—1；随机种子为0—\(2^{64}-1\)的整数；相同种子和相同输入必须可复现。,候选评价与人类化选择,EDITABLE,IMPLEMENTED,ALGO-001|ALGO-003|ALGO-004|ALGO-005|ALGO-006|ALGO-007|ALGO-008|ALGO-009|AUDIT-002|AUDIT-004|AUDIT-005|AUDIT-008|AUDIT-010|AUDIT-011|AUDIT-013|HEUR-001|HEUR-003|HEUR-004|HEUR-005|HEUR-015|HEUR-017|HEUR-018|HEUR-019|HEUR-020|HEUR-021|HEUR-022|HEUR-023|MODEL-001|MODEL-002|MODEL-003|RULE-001|RULE-015|SCORE-002|SCORE-003|SCORE-004|SCORE-005|SCORE-006|STATE-001|STATE-004|STATE-008|STATE-009|STATE-010|STATE-012,default.json + config.py + Task 19 parameter_registry.csv,逐座认知配置真实叶字段；组内联动约束同样适用。
GP-025,players[0].cognitive_parameters.GP-025.max_error_probability,seat_s0,0.04,number,人类化结构体；情绪稳定度、习惯强度、失误概率上限、近似随机强度均为0—1；随机种子为0—\(2^{64}-1\)的整数；相同种子和相同输入必须可复现。,候选评价与人类化选择,EDITABLE,IMPLEMENTED,ALGO-001|ALGO-003|ALGO-004|ALGO-005|ALGO-006|ALGO-007|ALGO-008|ALGO-009|AUDIT-002|AUDIT-004|AUDIT-005|AUDIT-008|AUDIT-010|AUDIT-011|AUDIT-013|HEUR-001|HEUR-003|HEUR-004|HEUR-005|HEUR-015|HEUR-017|HEUR-018|HEUR-019|HEUR-020|HEUR-021|HEUR-022|HEUR-023|MODEL-001|MODEL-002|MODEL-003|RULE-001|RULE-015|SCORE-002|SCORE-003|SCORE-004|SCORE-005|SCORE-006|STATE-001|STATE-004|STATE-008|STATE-009|STATE-010|STATE-012,default.json + config.py + Task 19 parameter_registry.csv,逐座认知配置真实叶字段；组内联动约束同样适用。
GP-025,players[0].cognitive_parameters.GP-025.near_equal_randomness,seat_s0,0.08,number,人类化结构体；情绪稳定度、习惯强度、失误概率上限、近似随机强度均为0—1；随机种子为0—\(2^{64}-1\)的整数；相同种子和相同输入必须可复现。,候选评价与人类化选择,EDITABLE,IMPLEMENTED,ALGO-001|ALGO-003|ALGO-004|ALGO-005|ALGO-006|ALGO-007|ALGO-008|ALGO-009|AUDIT-002|AUDIT-004|AUDIT-005|AUDIT-008|AUDIT-010|AUDIT-011|AUDIT-013|HEUR-001|HEUR-003|HEUR-004|HEUR-005|HEUR-015|HEUR-017|HEUR-018|HEUR-019|HEUR-020|HEUR-021|HEUR-022|HEUR-023|MODEL-001|MODEL-002|MODEL-003|RULE-001|RULE-015|SCORE-002|SCORE-003|SCORE-004|SCORE-005|SCORE-006|STATE-001|STATE-004|STATE-008|STATE-009|STATE-010|STATE-012,default.json + config.py + Task 19 parameter_registry.csv,逐座认知配置真实叶字段；组内联动约束同样适用。
GP-025,players[0].cognitive_parameters.GP-025.random_seed,seat_s0,0,integer,人类化结构体；情绪稳定度、习惯强度、失误概率上限、近似随机强度均为0—1；随机种子为0—\(2^{64}-1\)的整数；相同种子和相同输入必须可复现。,候选评价与人类化选择,EDITABLE,IMPLEMENTED,ALGO-001|ALGO-003|ALGO-004|ALGO-005|ALGO-006|ALGO-007|ALGO-008|ALGO-009|AUDIT-002|AUDIT-004|AUDIT-005|AUDIT-008|AUDIT-010|AUDIT-011|AUDIT-013|HEUR-001|HEUR-003|HEUR-004|HEUR-005|HEUR-015|HEUR-017|HEUR-018|HEUR-019|HEUR-020|HEUR-021|HEUR-022|HEUR-023|MODEL-001|MODEL-002|MODEL-003|RULE-001|RULE-015|SCORE-002|SCORE-003|SCORE-004|SCORE-005|SCORE-006|STATE-001|STATE-004|STATE-008|STATE-009|STATE-010|STATE-012,default.json + config.py + Task 19 parameter_registry.csv,逐座认知配置真实叶字段；组内联动约束同样适用。
GP-026,players[0].cognitive_parameters.GP-026.min_candidates,seat_s0,3,integer,认知结构体；最大候选数1—14；最小候选数1—最大候选数；搜索深度0—8层；注意力容量1—64项；满意停止阈值0—1；重新搜索阈值0—1；决策权重各为0—1且总和必须为1。,有限注意、搜索与思考节奏,ADVANCED,IMPLEMENTED,ALGO-001|ALGO-003|ALGO-004|ALGO-005|ALGO-006|ALGO-007|ALGO-008|ALGO-009|AUDIT-002|AUDIT-004|AUDIT-005|AUDIT-008|AUDIT-010|AUDIT-011|AUDIT-013|HEUR-001|HEUR-003|HEUR-004|HEUR-005|HEUR-015|HEUR-017|HEUR-018|HEUR-019|HEUR-020|HEUR-021|HEUR-022|HEUR-023|MODEL-001|MODEL-002|MODEL-003|RULE-001|RULE-015|SCORE-002|SCORE-003|SCORE-004|SCORE-005|SCORE-006|STATE-001|STATE-004|STATE-008|STATE-009|STATE-010|STATE-012,default.json + config.py + Task 19 parameter_registry.csv,逐座认知配置真实叶字段；组内联动约束同样适用。
GP-026,players[0].cognitive_parameters.GP-026.max_candidates,seat_s0,8,integer,认知结构体；最大候选数1—14；最小候选数1—最大候选数；搜索深度0—8层；注意力容量1—64项；满意停止阈值0—1；重新搜索阈值0—1；决策权重各为0—1且总和必须为1。,有限注意、搜索与思考节奏,ADVANCED,IMPLEMENTED,ALGO-001|ALGO-003|ALGO-004|ALGO-005|ALGO-006|ALGO-007|ALGO-008|ALGO-009|AUDIT-002|AUDIT-004|AUDIT-005|AUDIT-008|AUDIT-010|AUDIT-011|AUDIT-013|HEUR-001|HEUR-003|HEUR-004|HEUR-005|HEUR-015|HEUR-017|HEUR-018|HEUR-019|HEUR-020|HEUR-021|HEUR-022|HEUR-023|MODEL-001|MODEL-002|MODEL-003|RULE-001|RULE-015|SCORE-002|SCORE-003|SCORE-004|SCORE-005|SCORE-006|STATE-001|STATE-004|STATE-008|STATE-009|STATE-010|STATE-012,default.json + config.py + Task 19 parameter_registry.csv,逐座认知配置真实叶字段；组内联动约束同样适用。
GP-026,players[0].cognitive_parameters.GP-026.search_depth,seat_s0,2,integer,认知结构体；最大候选数1—14；最小候选数1—最大候选数；搜索深度0—8层；注意力容量1—64项；满意停止阈值0—1；重新搜索阈值0—1；决策权重各为0—1且总和必须为1。,有限注意、搜索与思考节奏,ADVANCED,IMPLEMENTED,ALGO-001|ALGO-003|ALGO-004|ALGO-005|ALGO-006|ALGO-007|ALGO-008|ALGO-009|AUDIT-002|AUDIT-004|AUDIT-005|AUDIT-008|AUDIT-010|AUDIT-011|AUDIT-013|HEUR-001|HEUR-003|HEUR-004|HEUR-005|HEUR-015|HEUR-017|HEUR-018|HEUR-019|HEUR-020|HEUR-021|HEUR-022|HEUR-023|MODEL-001|MODEL-002|MODEL-003|RULE-001|RULE-015|SCORE-002|SCORE-003|SCORE-004|SCORE-005|SCORE-006|STATE-001|STATE-004|STATE-008|STATE-009|STATE-010|STATE-012,default.json + config.py + Task 19 parameter_registry.csv,逐座认知配置真实叶字段；组内联动约束同样适用。
GP-026,players[0].cognitive_parameters.GP-026.attention_capacity,seat_s0,12,integer,认知结构体；最大候选数1—14；最小候选数1—最大候选数；搜索深度0—8层；注意力容量1—64项；满意停止阈值0—1；重新搜索阈值0—1；决策权重各为0—1且总和必须为1。,有限注意、搜索与思考节奏,ADVANCED,IMPLEMENTED,ALGO-001|ALGO-003|ALGO-004|ALGO-005|ALGO-006|ALGO-007|ALGO-008|ALGO-009|AUDIT-002|AUDIT-004|AUDIT-005|AUDIT-008|AUDIT-010|AUDIT-011|AUDIT-013|HEUR-001|HEUR-003|HEUR-004|HEUR-005|HEUR-015|HEUR-017|HEUR-018|HEUR-019|HEUR-020|HEUR-021|HEUR-022|HEUR-023|MODEL-001|MODEL-002|MODEL-003|RULE-001|RULE-015|SCORE-002|SCORE-003|SCORE-004|SCORE-005|SCORE-006|STATE-001|STATE-004|STATE-008|STATE-009|STATE-010|STATE-012,default.json + config.py + Task 19 parameter_registry.csv,逐座认知配置真实叶字段；组内联动约束同样适用。
GP-026,players[0].cognitive_parameters.GP-026.satisfaction_threshold,seat_s0,0.72,number,认知结构体；最大候选数1—14；最小候选数1—最大候选数；搜索深度0—8层；注意力容量1—64项；满意停止阈值0—1；重新搜索阈值0—1；决策权重各为0—1且总和必须为1。,有限注意、搜索与思考节奏,ADVANCED,IMPLEMENTED,ALGO-001|ALGO-003|ALGO-004|ALGO-005|ALGO-006|ALGO-007|ALGO-008|ALGO-009|AUDIT-002|AUDIT-004|AUDIT-005|AUDIT-008|AUDIT-010|AUDIT-011|AUDIT-013|HEUR-001|HEUR-003|HEUR-004|HEUR-005|HEUR-015|HEUR-017|HEUR-018|HEUR-019|HEUR-020|HEUR-021|HEUR-022|HEUR-023|MODEL-001|MODEL-002|MODEL-003|RULE-001|RULE-015|SCORE-002|SCORE-003|SCORE-004|SCORE-005|SCORE-006|STATE-001|STATE-004|STATE-008|STATE-009|STATE-010|STATE-012,default.json + config.py + Task 19 parameter_registry.csv,逐座认知配置真实叶字段；组内联动约束同样适用。
GP-026,players[0].cognitive_parameters.GP-026.research_threshold,seat_s0,0.35,number,认知结构体；最大候选数1—14；最小候选数1—最大候选数；搜索深度0—8层；注意力容量1—64项；满意停止阈值0—1；重新搜索阈值0—1；决策权重各为0—1且总和必须为1。,有限注意、搜索与思考节奏,ADVANCED,IMPLEMENTED,ALGO-001|ALGO-003|ALGO-004|ALGO-005|ALGO-006|ALGO-007|ALGO-008|ALGO-009|AUDIT-002|AUDIT-004|AUDIT-005|AUDIT-008|AUDIT-010|AUDIT-011|AUDIT-013|HEUR-001|HEUR-003|HEUR-004|HEUR-005|HEUR-015|HEUR-017|HEUR-018|HEUR-019|HEUR-020|HEUR-021|HEUR-022|HEUR-023|MODEL-001|MODEL-002|MODEL-003|RULE-001|RULE-015|SCORE-002|SCORE-003|SCORE-004|SCORE-005|SCORE-006|STATE-001|STATE-004|STATE-008|STATE-009|STATE-010|STATE-012,default.json + config.py + Task 19 parameter_registry.csv,逐座认知配置真实叶字段；组内联动约束同样适用。
GP-026,players[0].cognitive_parameters.GP-026.decision_weights.speed,seat_s0,0.35,number,认知结构体；最大候选数1—14；最小候选数1—最大候选数；搜索深度0—8层；注意力容量1—64项；满意停止阈值0—1；重新搜索阈值0—1；决策权重各为0—1且总和必须为1。,有限注意、搜索与思考节奏,ADVANCED,IMPLEMENTED,ALGO-001|ALGO-003|ALGO-004|ALGO-005|ALGO-006|ALGO-007|ALGO-008|ALGO-009|AUDIT-002|AUDIT-004|AUDIT-005|AUDIT-008|AUDIT-010|AUDIT-011|AUDIT-013|HEUR-001|HEUR-003|HEUR-004|HEUR-005|HEUR-015|HEUR-017|HEUR-018|HEUR-019|HEUR-020|HEUR-021|HEUR-022|HEUR-023|MODEL-001|MODEL-002|MODEL-003|RULE-001|RULE-015|SCORE-002|SCORE-003|SCORE-004|SCORE-005|SCORE-006|STATE-001|STATE-004|STATE-008|STATE-009|STATE-010|STATE-012,default.json + config.py + Task 19 parameter_registry.csv,逐座认知配置真实叶字段；组内联动约束同样适用。
GP-026,players[0].cognitive_parameters.GP-026.decision_weights.hand_value,seat_s0,0.25,number,认知结构体；最大候选数1—14；最小候选数1—最大候选数；搜索深度0—8层；注意力容量1—64项；满意停止阈值0—1；重新搜索阈值0—1；决策权重各为0—1且总和必须为1。,有限注意、搜索与思考节奏,ADVANCED,IMPLEMENTED,ALGO-001|ALGO-003|ALGO-004|ALGO-005|ALGO-006|ALGO-007|ALGO-008|ALGO-009|AUDIT-002|AUDIT-004|AUDIT-005|AUDIT-008|AUDIT-010|AUDIT-011|AUDIT-013|HEUR-001|HEUR-003|HEUR-004|HEUR-005|HEUR-015|HEUR-017|HEUR-018|HEUR-019|HEUR-020|HEUR-021|HEUR-022|HEUR-023|MODEL-001|MODEL-002|MODEL-003|RULE-001|RULE-015|SCORE-002|SCORE-003|SCORE-004|SCORE-005|SCORE-006|STATE-001|STATE-004|STATE-008|STATE-009|STATE-010|STATE-012,default.json + config.py + Task 19 parameter_registry.csv,逐座认知配置真实叶字段；组内联动约束同样适用。
GP-026,players[0].cognitive_parameters.GP-026.decision_weights.defense,seat_s0,0.25,number,认知结构体；最大候选数1—14；最小候选数1—最大候选数；搜索深度0—8层；注意力容量1—64项；满意停止阈值0—1；重新搜索阈值0—1；决策权重各为0—1且总和必须为1。,有限注意、搜索与思考节奏,ADVANCED,IMPLEMENTED,ALGO-001|ALGO-003|ALGO-004|ALGO-005|ALGO-006|ALGO-007|ALGO-008|ALGO-009|AUDIT-002|AUDIT-004|AUDIT-005|AUDIT-008|AUDIT-010|AUDIT-011|AUDIT-013|HEUR-001|HEUR-003|HEUR-004|HEUR-005|HEUR-015|HEUR-017|HEUR-018|HEUR-019|HEUR-020|HEUR-021|HEUR-022|HEUR-023|MODEL-001|MODEL-002|MODEL-003|RULE-001|RULE-015|SCORE-002|SCORE-003|SCORE-004|SCORE-005|SCORE-006|STATE-001|STATE-004|STATE-008|STATE-009|STATE-010|STATE-012,default.json + config.py + Task 19 parameter_registry.csv,逐座认知配置真实叶字段；组内联动约束同样适用。
GP-026,players[0].cognitive_parameters.GP-026.decision_weights.flexibility,seat_s0,0.15,number,认知结构体；最大候选数1—14；最小候选数1—最大候选数；搜索深度0—8层；注意力容量1—64项；满意停止阈值0—1；重新搜索阈值0—1；决策权重各为0—1且总和必须为1。,有限注意、搜索与思考节奏,ADVANCED,IMPLEMENTED,ALGO-001|ALGO-003|ALGO-004|ALGO-005|ALGO-006|ALGO-007|ALGO-008|ALGO-009|AUDIT-002|AUDIT-004|AUDIT-005|AUDIT-008|AUDIT-010|AUDIT-011|AUDIT-013|HEUR-001|HEUR-003|HEUR-004|HEUR-005|HEUR-015|HEUR-017|HEUR-018|HEUR-019|HEUR-020|HEUR-021|HEUR-022|HEUR-023|MODEL-001|MODEL-002|MODEL-003|RULE-001|RULE-015|SCORE-002|SCORE-003|SCORE-004|SCORE-005|SCORE-006|STATE-001|STATE-004|STATE-008|STATE-009|STATE-010|STATE-012,default.json + config.py + Task 19 parameter_registry.csv,逐座认知配置真实叶字段；组内联动约束同样适用。
GP-027,players[0].cognitive_parameters.GP-027.weights.round_score,seat_s0,0.35,number,"目标结构体；单局收益、整场收益、排名、风险和稳定性权重各为0—1且总和为1；目标名次1—4；领先或落后触发分差0—1,000,000,000。",比分、名次与整场效用,EDITABLE,IMPLEMENTED,ALGO-001|ALGO-003|ALGO-004|ALGO-005|ALGO-006|ALGO-007|ALGO-008|ALGO-009|AUDIT-002|AUDIT-004|AUDIT-005|AUDIT-008|AUDIT-010|AUDIT-011|AUDIT-013|HEUR-003|HEUR-004|HEUR-005|HEUR-008|HEUR-015|HEUR-019|HEUR-020|HEUR-021|HEUR-022|HEUR-023|MODEL-001|MODEL-002|MODEL-003|RULE-001|RULE-015|SCORE-002|SCORE-003|SCORE-004|SCORE-005|SCORE-006|STATE-001|STATE-004|STATE-008|STATE-009|STATE-010,default.json + config.py + Task 19 parameter_registry.csv,逐座认知配置真实叶字段；组内联动约束同样适用。
GP-027,players[0].cognitive_parameters.GP-027.weights.match_score,seat_s0,0.25,number,"目标结构体；单局收益、整场收益、排名、风险和稳定性权重各为0—1且总和为1；目标名次1—4；领先或落后触发分差0—1,000,000,000。",比分、名次与整场效用,EDITABLE,IMPLEMENTED,ALGO-001|ALGO-003|ALGO-004|ALGO-005|ALGO-006|ALGO-007|ALGO-008|ALGO-009|AUDIT-002|AUDIT-004|AUDIT-005|AUDIT-008|AUDIT-010|AUDIT-011|AUDIT-013|HEUR-003|HEUR-004|HEUR-005|HEUR-008|HEUR-015|HEUR-019|HEUR-020|HEUR-021|HEUR-022|HEUR-023|MODEL-001|MODEL-002|MODEL-003|RULE-001|RULE-015|SCORE-002|SCORE-003|SCORE-004|SCORE-005|SCORE-006|STATE-001|STATE-004|STATE-008|STATE-009|STATE-010,default.json + config.py + Task 19 parameter_registry.csv,逐座认知配置真实叶字段；组内联动约束同样适用。
GP-027,players[0].cognitive_parameters.GP-027.weights.rank,seat_s0,0.15,number,"目标结构体；单局收益、整场收益、排名、风险和稳定性权重各为0—1且总和为1；目标名次1—4；领先或落后触发分差0—1,000,000,000。",比分、名次与整场效用,EDITABLE,IMPLEMENTED,ALGO-001|ALGO-003|ALGO-004|ALGO-005|ALGO-006|ALGO-007|ALGO-008|ALGO-009|AUDIT-002|AUDIT-004|AUDIT-005|AUDIT-008|AUDIT-010|AUDIT-011|AUDIT-013|HEUR-003|HEUR-004|HEUR-005|HEUR-008|HEUR-015|HEUR-019|HEUR-020|HEUR-021|HEUR-022|HEUR-023|MODEL-001|MODEL-002|MODEL-003|RULE-001|RULE-015|SCORE-002|SCORE-003|SCORE-004|SCORE-005|SCORE-006|STATE-001|STATE-004|STATE-008|STATE-009|STATE-010,default.json + config.py + Task 19 parameter_registry.csv,逐座认知配置真实叶字段；组内联动约束同样适用。
GP-027,players[0].cognitive_parameters.GP-027.weights.risk,seat_s0,0.15,number,"目标结构体；单局收益、整场收益、排名、风险和稳定性权重各为0—1且总和为1；目标名次1—4；领先或落后触发分差0—1,000,000,000。",比分、名次与整场效用,EDITABLE,IMPLEMENTED,ALGO-001|ALGO-003|ALGO-004|ALGO-005|ALGO-006|ALGO-007|ALGO-008|ALGO-009|AUDIT-002|AUDIT-004|AUDIT-005|AUDIT-008|AUDIT-010|AUDIT-011|AUDIT-013|HEUR-003|HEUR-004|HEUR-005|HEUR-008|HEUR-015|HEUR-019|HEUR-020|HEUR-021|HEUR-022|HEUR-023|MODEL-001|MODEL-002|MODEL-003|RULE-001|RULE-015|SCORE-002|SCORE-003|SCORE-004|SCORE-005|SCORE-006|STATE-001|STATE-004|STATE-008|STATE-009|STATE-010,default.json + config.py + Task 19 parameter_registry.csv,逐座认知配置真实叶字段；组内联动约束同样适用。
GP-027,players[0].cognitive_parameters.GP-027.weights.stability,seat_s0,0.1,number,"目标结构体；单局收益、整场收益、排名、风险和稳定性权重各为0—1且总和为1；目标名次1—4；领先或落后触发分差0—1,000,000,000。",比分、名次与整场效用,EDITABLE,IMPLEMENTED,ALGO-001|ALGO-003|ALGO-004|ALGO-005|ALGO-006|ALGO-007|ALGO-008|ALGO-009|AUDIT-002|AUDIT-004|AUDIT-005|AUDIT-008|AUDIT-010|AUDIT-011|AUDIT-013|HEUR-003|HEUR-004|HEUR-005|HEUR-008|HEUR-015|HEUR-019|HEUR-020|HEUR-021|HEUR-022|HEUR-023|MODEL-001|MODEL-002|MODEL-003|RULE-001|RULE-015|SCORE-002|SCORE-003|SCORE-004|SCORE-005|SCORE-006|STATE-001|STATE-004|STATE-008|STATE-009|STATE-010,default.json + config.py + Task 19 parameter_registry.csv,逐座认知配置真实叶字段；组内联动约束同样适用。
GP-027,players[0].cognitive_parameters.GP-027.target_rank,seat_s0,1,integer,"目标结构体；单局收益、整场收益、排名、风险和稳定性权重各为0—1且总和为1；目标名次1—4；领先或落后触发分差0—1,000,000,000。",比分、名次与整场效用,EDITABLE,IMPLEMENTED,ALGO-001|ALGO-003|ALGO-004|ALGO-005|ALGO-006|ALGO-007|ALGO-008|ALGO-009|AUDIT-002|AUDIT-004|AUDIT-005|AUDIT-008|AUDIT-010|AUDIT-011|AUDIT-013|HEUR-003|HEUR-004|HEUR-005|HEUR-008|HEUR-015|HEUR-019|HEUR-020|HEUR-021|HEUR-022|HEUR-023|MODEL-001|MODEL-002|MODEL-003|RULE-001|RULE-015|SCORE-002|SCORE-003|SCORE-004|SCORE-005|SCORE-006|STATE-001|STATE-004|STATE-008|STATE-009|STATE-010,default.json + config.py + Task 19 parameter_registry.csv,逐座认知配置真实叶字段；组内联动约束同样适用。
GP-027,players[0].cognitive_parameters.GP-027.lead_gap,seat_s0,16,integer,"目标结构体；单局收益、整场收益、排名、风险和稳定性权重各为0—1且总和为1；目标名次1—4；领先或落后触发分差0—1,000,000,000。",比分、名次与整场效用,EDITABLE,IMPLEMENTED,ALGO-001|ALGO-003|ALGO-004|ALGO-005|ALGO-006|ALGO-007|ALGO-008|ALGO-009|AUDIT-002|AUDIT-004|AUDIT-005|AUDIT-008|AUDIT-010|AUDIT-011|AUDIT-013|HEUR-003|HEUR-004|HEUR-005|HEUR-008|HEUR-015|HEUR-019|HEUR-020|HEUR-021|HEUR-022|HEUR-023|MODEL-001|MODEL-002|MODEL-003|RULE-001|RULE-015|SCORE-002|SCORE-003|SCORE-004|SCORE-005|SCORE-006|STATE-001|STATE-004|STATE-008|STATE-009|STATE-010,default.json + config.py + Task 19 parameter_registry.csv,逐座认知配置真实叶字段；组内联动约束同样适用。
GP-027,players[0].cognitive_parameters.GP-027.trail_gap,seat_s0,16,integer,"目标结构体；单局收益、整场收益、排名、风险和稳定性权重各为0—1且总和为1；目标名次1—4；领先或落后触发分差0—1,000,000,000。",比分、名次与整场效用,EDITABLE,IMPLEMENTED,ALGO-001|ALGO-003|ALGO-004|ALGO-005|ALGO-006|ALGO-007|ALGO-008|ALGO-009|AUDIT-002|AUDIT-004|AUDIT-005|AUDIT-008|AUDIT-010|AUDIT-011|AUDIT-013|HEUR-003|HEUR-004|HEUR-005|HEUR-008|HEUR-015|HEUR-019|HEUR-020|HEUR-021|HEUR-022|HEUR-023|MODEL-001|MODEL-002|MODEL-003|RULE-001|RULE-015|SCORE-002|SCORE-003|SCORE-004|SCORE-005|SCORE-006|STATE-001|STATE-004|STATE-008|STATE-009|STATE-010,default.json + config.py + Task 19 parameter_registry.csv,逐座认知配置真实叶字段；组内联动约束同样适用。
GP-023,players[1].profile.name,seat_s1,"""normal_balanced_1""",string,非空字符串,玩家初始化与人格策略,EDITABLE,IMPLEMENTED,ALGO-001|ALGO-003|ALGO-004|ALGO-005|ALGO-006|ALGO-007|ALGO-008|ALGO-009|AUDIT-002|AUDIT-004|AUDIT-005|AUDIT-008|AUDIT-010|AUDIT-011|AUDIT-013|HEUR-001|HEUR-003|HEUR-004|HEUR-005|HEUR-012|HEUR-015|HEUR-019|HEUR-020|HEUR-021|HEUR-022|HEUR-023|MODEL-001|MODEL-002|MODEL-003|RULE-001|RULE-007|RULE-015|SCORE-002|SCORE-003|SCORE-004|SCORE-005|SCORE-006|STATE-001|STATE-004|STATE-008|STATE-009|STATE-010,default.json + PlayerProfile.from_dict,逐座 AI 基础档案字段。
GP-023,players[1].profile.level,seat_s1,"""normal""",string,novice | normal | skilled | expert,玩家初始化与人格策略,EDITABLE,IMPLEMENTED,ALGO-001|ALGO-003|ALGO-004|ALGO-005|ALGO-006|ALGO-007|ALGO-008|ALGO-009|AUDIT-002|AUDIT-004|AUDIT-005|AUDIT-008|AUDIT-010|AUDIT-011|AUDIT-013|HEUR-001|HEUR-003|HEUR-004|HEUR-005|HEUR-012|HEUR-015|HEUR-019|HEUR-020|HEUR-021|HEUR-022|HEUR-023|MODEL-001|MODEL-002|MODEL-003|RULE-001|RULE-007|RULE-015|SCORE-002|SCORE-003|SCORE-004|SCORE-005|SCORE-006|STATE-001|STATE-004|STATE-008|STATE-009|STATE-010,default.json + PlayerProfile.from_dict,逐座 AI 基础档案字段。
GP-023,players[1].profile.style,seat_s1,"""balanced""",string,conservative | balanced | aggressive,玩家初始化与人格策略,EDITABLE,IMPLEMENTED,ALGO-001|ALGO-003|ALGO-004|ALGO-005|ALGO-006|ALGO-007|ALGO-008|ALGO-009|AUDIT-002|AUDIT-004|AUDIT-005|AUDIT-008|AUDIT-010|AUDIT-011|AUDIT-013|HEUR-001|HEUR-003|HEUR-004|HEUR-005|HEUR-012|HEUR-015|HEUR-019|HEUR-020|HEUR-021|HEUR-022|HEUR-023|MODEL-001|MODEL-002|MODEL-003|RULE-001|RULE-007|RULE-015|SCORE-002|SCORE-003|SCORE-004|SCORE-005|SCORE-006|STATE-001|STATE-004|STATE-008|STATE-009|STATE-010,default.json + PlayerProfile.from_dict,逐座 AI 基础档案字段。
GP-023,players[1].profile.peng_preference,seat_s1,0.5,number,0..1,玩家初始化与人格策略,EDITABLE,IMPLEMENTED,ALGO-001|ALGO-003|ALGO-004|ALGO-005|ALGO-006|ALGO-007|ALGO-008|ALGO-009|AUDIT-002|AUDIT-004|AUDIT-005|AUDIT-008|AUDIT-010|AUDIT-011|AUDIT-013|HEUR-001|HEUR-003|HEUR-004|HEUR-005|HEUR-012|HEUR-015|HEUR-019|HEUR-020|HEUR-021|HEUR-022|HEUR-023|MODEL-001|MODEL-002|MODEL-003|RULE-001|RULE-007|RULE-015|SCORE-002|SCORE-003|SCORE-004|SCORE-005|SCORE-006|STATE-001|STATE-004|STATE-008|STATE-009|STATE-010,default.json + PlayerProfile.from_dict,逐座 AI 基础档案字段。
GP-023,players[1].profile.gang_preference,seat_s1,0.5,number,0..1,玩家初始化与人格策略,EDITABLE,IMPLEMENTED,ALGO-001|ALGO-003|ALGO-004|ALGO-005|ALGO-006|ALGO-007|ALGO-008|ALGO-009|AUDIT-002|AUDIT-004|AUDIT-005|AUDIT-008|AUDIT-010|AUDIT-011|AUDIT-013|HEUR-001|HEUR-003|HEUR-004|HEUR-005|HEUR-012|HEUR-015|HEUR-019|HEUR-020|HEUR-021|HEUR-022|HEUR-023|MODEL-001|MODEL-002|MODEL-003|RULE-001|RULE-007|RULE-015|SCORE-002|SCORE-003|SCORE-004|SCORE-005|SCORE-006|STATE-001|STATE-004|STATE-008|STATE-009|STATE-010,default.json + PlayerProfile.from_dict,逐座 AI 基础档案字段。
GP-023,players[1].profile.big_hand_preference,seat_s1,0.45,number,0..1,玩家初始化与人格策略,EDITABLE,IMPLEMENTED,ALGO-001|ALGO-003|ALGO-004|ALGO-005|ALGO-006|ALGO-007|ALGO-008|ALGO-009|AUDIT-002|AUDIT-004|AUDIT-005|AUDIT-008|AUDIT-010|AUDIT-011|AUDIT-013|HEUR-001|HEUR-003|HEUR-004|HEUR-005|HEUR-012|HEUR-015|HEUR-019|HEUR-020|HEUR-021|HEUR-022|HEUR-023|MODEL-001|MODEL-002|MODEL-003|RULE-001|RULE-007|RULE-015|SCORE-002|SCORE-003|SCORE-004|SCORE-005|SCORE-006|STATE-001|STATE-004|STATE-008|STATE-009|STATE-010,default.json + PlayerProfile.from_dict,逐座 AI 基础档案字段。
GP-023,players[1].profile.defense_awareness,seat_s1,0.55,number,0..1,玩家初始化与人格策略,EDITABLE,IMPLEMENTED,ALGO-001|ALGO-003|ALGO-004|ALGO-005|ALGO-006|ALGO-007|ALGO-008|ALGO-009|AUDIT-002|AUDIT-004|AUDIT-005|AUDIT-008|AUDIT-010|AUDIT-011|AUDIT-013|HEUR-001|HEUR-003|HEUR-004|HEUR-005|HEUR-012|HEUR-015|HEUR-019|HEUR-020|HEUR-021|HEUR-022|HEUR-023|MODEL-001|MODEL-002|MODEL-003|RULE-001|RULE-007|RULE-015|SCORE-002|SCORE-003|SCORE-004|SCORE-005|SCORE-006|STATE-001|STATE-004|STATE-008|STATE-009|STATE-010,default.json + PlayerProfile.from_dict,逐座 AI 基础档案字段。
GP-023,players[1].profile.plan_persistence,seat_s1,0.55,number,0..1,玩家初始化与人格策略,EDITABLE,IMPLEMENTED,ALGO-001|ALGO-003|ALGO-004|ALGO-005|ALGO-006|ALGO-007|ALGO-008|ALGO-009|AUDIT-002|AUDIT-004|AUDIT-005|AUDIT-008|AUDIT-010|AUDIT-011|AUDIT-013|HEUR-001|HEUR-003|HEUR-004|HEUR-005|HEUR-012|HEUR-015|HEUR-019|HEUR-020|HEUR-021|HEUR-022|HEUR-023|MODEL-001|MODEL-002|MODEL-003|RULE-001|RULE-007|RULE-015|SCORE-002|SCORE-003|SCORE-004|SCORE-005|SCORE-006|STATE-001|STATE-004|STATE-008|STATE-009|STATE-010,default.json + PlayerProfile.from_dict,逐座 AI 基础档案字段。
GP-023,players[1].profile.thinking_speed,seat_s1,0.55,number,0..1,玩家初始化与人格策略,EDITABLE,IMPLEMENTED,ALGO-001|ALGO-003|ALGO-004|ALGO-005|ALGO-006|ALGO-007|ALGO-008|ALGO-009|AUDIT-002|AUDIT-004|AUDIT-005|AUDIT-008|AUDIT-010|AUDIT-011|AUDIT-013|HEUR-001|HEUR-003|HEUR-004|HEUR-005|HEUR-012|HEUR-015|HEUR-019|HEUR-020|HEUR-021|HEUR-022|HEUR-023|MODEL-001|MODEL-002|MODEL-003|RULE-001|RULE-007|RULE-015|SCORE-002|SCORE-003|SCORE-004|SCORE-005|SCORE-006|STATE-001|STATE-004|STATE-008|STATE-009|STATE-010,default.json + PlayerProfile.from_dict,逐座 AI 基础档案字段。
GP-024,players[1].cognitive_parameters.GP-024.initial_strength,seat_s1,0.65,number,记忆结构体；初始记忆强度0—1；遗忘率0—1；事件显著度0—1；跨局历史长度0—10000局；隐藏信息学习开关固定为`false`。,认知记忆与跨局学习,EDITABLE,IMPLEMENTED,ALGO-001|ALGO-003|ALGO-004|ALGO-005|ALGO-006|ALGO-007|ALGO-008|ALGO-009|AUDIT-002|AUDIT-004|AUDIT-005|AUDIT-008|AUDIT-010|AUDIT-011|AUDIT-013|HEUR-001|HEUR-003|HEUR-004|HEUR-005|HEUR-015|HEUR-017|HEUR-018|HEUR-019|HEUR-020|HEUR-021|HEUR-022|HEUR-023|MODEL-001|MODEL-002|MODEL-003|RULE-001|RULE-015|SCORE-002|SCORE-003|SCORE-004|SCORE-005|SCORE-006|STATE-001|STATE-004|STATE-008|STATE-009|STATE-010|STATE-012,default.json + config.py + Task 19 parameter_registry.csv,逐座认知配置真实叶字段；组内联动约束同样适用。
GP-024,players[1].cognitive_parameters.GP-024.forget_rate,seat_s1,0.12,number,记忆结构体；初始记忆强度0—1；遗忘率0—1；事件显著度0—1；跨局历史长度0—10000局；隐藏信息学习开关固定为`false`。,认知记忆与跨局学习,EDITABLE,IMPLEMENTED,ALGO-001|ALGO-003|ALGO-004|ALGO-005|ALGO-006|ALGO-007|ALGO-008|ALGO-009|AUDIT-002|AUDIT-004|AUDIT-005|AUDIT-008|AUDIT-010|AUDIT-011|AUDIT-013|HEUR-001|HEUR-003|HEUR-004|HEUR-005|HEUR-015|HEUR-017|HEUR-018|HEUR-019|HEUR-020|HEUR-021|HEUR-022|HEUR-023|MODEL-001|MODEL-002|MODEL-003|RULE-001|RULE-015|SCORE-002|SCORE-003|SCORE-004|SCORE-005|SCORE-006|STATE-001|STATE-004|STATE-008|STATE-009|STATE-010|STATE-012,default.json + config.py + Task 19 parameter_registry.csv,逐座认知配置真实叶字段；组内联动约束同样适用。
GP-024,players[1].cognitive_parameters.GP-024.salience_boost,seat_s1,0.35,number,记忆结构体；初始记忆强度0—1；遗忘率0—1；事件显著度0—1；跨局历史长度0—10000局；隐藏信息学习开关固定为`false`。,认知记忆与跨局学习,EDITABLE,IMPLEMENTED,ALGO-001|ALGO-003|ALGO-004|ALGO-005|ALGO-006|ALGO-007|ALGO-008|ALGO-009|AUDIT-002|AUDIT-004|AUDIT-005|AUDIT-008|AUDIT-010|AUDIT-011|AUDIT-013|HEUR-001|HEUR-003|HEUR-004|HEUR-005|HEUR-015|HEUR-017|HEUR-018|HEUR-019|HEUR-020|HEUR-021|HEUR-022|HEUR-023|MODEL-001|MODEL-002|MODEL-003|RULE-001|RULE-015|SCORE-002|SCORE-003|SCORE-004|SCORE-005|SCORE-006|STATE-001|STATE-004|STATE-008|STATE-009|STATE-010|STATE-012,default.json + config.py + Task 19 parameter_registry.csv,逐座认知配置真实叶字段；组内联动约束同样适用。
GP-024,players[1].cognitive_parameters.GP-024.cross_round_history,seat_s1,8,integer,记忆结构体；初始记忆强度0—1；遗忘率0—1；事件显著度0—1；跨局历史长度0—10000局；隐藏信息学习开关固定为`false`。,认知记忆与跨局学习,EDITABLE,IMPLEMENTED,ALGO-001|ALGO-003|ALGO-004|ALGO-005|ALGO-006|ALGO-007|ALGO-008|ALGO-009|AUDIT-002|AUDIT-004|AUDIT-005|AUDIT-008|AUDIT-010|AUDIT-011|AUDIT-013|HEUR-001|HEUR-003|HEUR-004|HEUR-005|HEUR-015|HEUR-017|HEUR-018|HEUR-019|HEUR-020|HEUR-021|HEUR-022|HEUR-023|MODEL-001|MODEL-002|MODEL-003|RULE-001|RULE-015|SCORE-002|SCORE-003|SCORE-004|SCORE-005|SCORE-006|STATE-001|STATE-004|STATE-008|STATE-009|STATE-010|STATE-012,default.json + config.py + Task 19 parameter_registry.csv,逐座认知配置真实叶字段；组内联动约束同样适用。
GP-024,players[1].cognitive_parameters.GP-024.learn_hidden_information,seat_s1,false,boolean,记忆结构体；初始记忆强度0—1；遗忘率0—1；事件显著度0—1；跨局历史长度0—10000局；隐藏信息学习开关固定为`false`。,认知记忆与跨局学习,READ_ONLY,IMPLEMENTED,ALGO-001|ALGO-003|ALGO-004|ALGO-005|ALGO-006|ALGO-007|ALGO-008|ALGO-009|AUDIT-002|AUDIT-004|AUDIT-005|AUDIT-008|AUDIT-010|AUDIT-011|AUDIT-013|HEUR-001|HEUR-003|HEUR-004|HEUR-005|HEUR-015|HEUR-017|HEUR-018|HEUR-019|HEUR-020|HEUR-021|HEUR-022|HEUR-023|MODEL-001|MODEL-002|MODEL-003|RULE-001|RULE-015|SCORE-002|SCORE-003|SCORE-004|SCORE-005|SCORE-006|STATE-001|STATE-004|STATE-008|STATE-009|STATE-010|STATE-012,default.json + config.py + Task 19 parameter_registry.csv,逐座认知配置真实叶字段；组内联动约束同样适用。
GP-025,players[1].cognitive_parameters.GP-025.emotional_stability,seat_s1,0.7,number,人类化结构体；情绪稳定度、习惯强度、失误概率上限、近似随机强度均为0—1；随机种子为0—\(2^{64}-1\)的整数；相同种子和相同输入必须可复现。,候选评价与人类化选择,EDITABLE,IMPLEMENTED,ALGO-001|ALGO-003|ALGO-004|ALGO-005|ALGO-006|ALGO-007|ALGO-008|ALGO-009|AUDIT-002|AUDIT-004|AUDIT-005|AUDIT-008|AUDIT-010|AUDIT-011|AUDIT-013|HEUR-001|HEUR-003|HEUR-004|HEUR-005|HEUR-015|HEUR-017|HEUR-018|HEUR-019|HEUR-020|HEUR-021|HEUR-022|HEUR-023|MODEL-001|MODEL-002|MODEL-003|RULE-001|RULE-015|SCORE-002|SCORE-003|SCORE-004|SCORE-005|SCORE-006|STATE-001|STATE-004|STATE-008|STATE-009|STATE-010|STATE-012,default.json + config.py + Task 19 parameter_registry.csv,逐座认知配置真实叶字段；组内联动约束同样适用。
GP-025,players[1].cognitive_parameters.GP-025.habit_strength,seat_s1,0.55,number,人类化结构体；情绪稳定度、习惯强度、失误概率上限、近似随机强度均为0—1；随机种子为0—\(2^{64}-1\)的整数；相同种子和相同输入必须可复现。,候选评价与人类化选择,EDITABLE,IMPLEMENTED,ALGO-001|ALGO-003|ALGO-004|ALGO-005|ALGO-006|ALGO-007|ALGO-008|ALGO-009|AUDIT-002|AUDIT-004|AUDIT-005|AUDIT-008|AUDIT-010|AUDIT-011|AUDIT-013|HEUR-001|HEUR-003|HEUR-004|HEUR-005|HEUR-015|HEUR-017|HEUR-018|HEUR-019|HEUR-020|HEUR-021|HEUR-022|HEUR-023|MODEL-001|MODEL-002|MODEL-003|RULE-001|RULE-015|SCORE-002|SCORE-003|SCORE-004|SCORE-005|SCORE-006|STATE-001|STATE-004|STATE-008|STATE-009|STATE-010|STATE-012,default.json + config.py + Task 19 parameter_registry.csv,逐座认知配置真实叶字段；组内联动约束同样适用。
GP-025,players[1].cognitive_parameters.GP-025.max_error_probability,seat_s1,0.04,number,人类化结构体；情绪稳定度、习惯强度、失误概率上限、近似随机强度均为0—1；随机种子为0—\(2^{64}-1\)的整数；相同种子和相同输入必须可复现。,候选评价与人类化选择,EDITABLE,IMPLEMENTED,ALGO-001|ALGO-003|ALGO-004|ALGO-005|ALGO-006|ALGO-007|ALGO-008|ALGO-009|AUDIT-002|AUDIT-004|AUDIT-005|AUDIT-008|AUDIT-010|AUDIT-011|AUDIT-013|HEUR-001|HEUR-003|HEUR-004|HEUR-005|HEUR-015|HEUR-017|HEUR-018|HEUR-019|HEUR-020|HEUR-021|HEUR-022|HEUR-023|MODEL-001|MODEL-002|MODEL-003|RULE-001|RULE-015|SCORE-002|SCORE-003|SCORE-004|SCORE-005|SCORE-006|STATE-001|STATE-004|STATE-008|STATE-009|STATE-010|STATE-012,default.json + config.py + Task 19 parameter_registry.csv,逐座认知配置真实叶字段；组内联动约束同样适用。
GP-025,players[1].cognitive_parameters.GP-025.near_equal_randomness,seat_s1,0.08,number,人类化结构体；情绪稳定度、习惯强度、失误概率上限、近似随机强度均为0—1；随机种子为0—\(2^{64}-1\)的整数；相同种子和相同输入必须可复现。,候选评价与人类化选择,EDITABLE,IMPLEMENTED,ALGO-001|ALGO-003|ALGO-004|ALGO-005|ALGO-006|ALGO-007|ALGO-008|ALGO-009|AUDIT-002|AUDIT-004|AUDIT-005|AUDIT-008|AUDIT-010|AUDIT-011|AUDIT-013|HEUR-001|HEUR-003|HEUR-004|HEUR-005|HEUR-015|HEUR-017|HEUR-018|HEUR-019|HEUR-020|HEUR-021|HEUR-022|HEUR-023|MODEL-001|MODEL-002|MODEL-003|RULE-001|RULE-015|SCORE-002|SCORE-003|SCORE-004|SCORE-005|SCORE-006|STATE-001|STATE-004|STATE-008|STATE-009|STATE-010|STATE-012,default.json + config.py + Task 19 parameter_registry.csv,逐座认知配置真实叶字段；组内联动约束同样适用。
GP-025,players[1].cognitive_parameters.GP-025.random_seed,seat_s1,1,integer,人类化结构体；情绪稳定度、习惯强度、失误概率上限、近似随机强度均为0—1；随机种子为0—\(2^{64}-1\)的整数；相同种子和相同输入必须可复现。,候选评价与人类化选择,EDITABLE,IMPLEMENTED,ALGO-001|ALGO-003|ALGO-004|ALGO-005|ALGO-006|ALGO-007|ALGO-008|ALGO-009|AUDIT-002|AUDIT-004|AUDIT-005|AUDIT-008|AUDIT-010|AUDIT-011|AUDIT-013|HEUR-001|HEUR-003|HEUR-004|HEUR-005|HEUR-015|HEUR-017|HEUR-018|HEUR-019|HEUR-020|HEUR-021|HEUR-022|HEUR-023|MODEL-001|MODEL-002|MODEL-003|RULE-001|RULE-015|SCORE-002|SCORE-003|SCORE-004|SCORE-005|SCORE-006|STATE-001|STATE-004|STATE-008|STATE-009|STATE-010|STATE-012,default.json + config.py + Task 19 parameter_registry.csv,逐座认知配置真实叶字段；组内联动约束同样适用。
GP-026,players[1].cognitive_parameters.GP-026.min_candidates,seat_s1,3,integer,认知结构体；最大候选数1—14；最小候选数1—最大候选数；搜索深度0—8层；注意力容量1—64项；满意停止阈值0—1；重新搜索阈值0—1；决策权重各为0—1且总和必须为1。,有限注意、搜索与思考节奏,ADVANCED,IMPLEMENTED,ALGO-001|ALGO-003|ALGO-004|ALGO-005|ALGO-006|ALGO-007|ALGO-008|ALGO-009|AUDIT-002|AUDIT-004|AUDIT-005|AUDIT-008|AUDIT-010|AUDIT-011|AUDIT-013|HEUR-001|HEUR-003|HEUR-004|HEUR-005|HEUR-015|HEUR-017|HEUR-018|HEUR-019|HEUR-020|HEUR-021|HEUR-022|HEUR-023|MODEL-001|MODEL-002|MODEL-003|RULE-001|RULE-015|SCORE-002|SCORE-003|SCORE-004|SCORE-005|SCORE-006|STATE-001|STATE-004|STATE-008|STATE-009|STATE-010|STATE-012,default.json + config.py + Task 19 parameter_registry.csv,逐座认知配置真实叶字段；组内联动约束同样适用。
GP-026,players[1].cognitive_parameters.GP-026.max_candidates,seat_s1,8,integer,认知结构体；最大候选数1—14；最小候选数1—最大候选数；搜索深度0—8层；注意力容量1—64项；满意停止阈值0—1；重新搜索阈值0—1；决策权重各为0—1且总和必须为1。,有限注意、搜索与思考节奏,ADVANCED,IMPLEMENTED,ALGO-001|ALGO-003|ALGO-004|ALGO-005|ALGO-006|ALGO-007|ALGO-008|ALGO-009|AUDIT-002|AUDIT-004|AUDIT-005|AUDIT-008|AUDIT-010|AUDIT-011|AUDIT-013|HEUR-001|HEUR-003|HEUR-004|HEUR-005|HEUR-015|HEUR-017|HEUR-018|HEUR-019|HEUR-020|HEUR-021|HEUR-022|HEUR-023|MODEL-001|MODEL-002|MODEL-003|RULE-001|RULE-015|SCORE-002|SCORE-003|SCORE-004|SCORE-005|SCORE-006|STATE-001|STATE-004|STATE-008|STATE-009|STATE-010|STATE-012,default.json + config.py + Task 19 parameter_registry.csv,逐座认知配置真实叶字段；组内联动约束同样适用。
GP-026,players[1].cognitive_parameters.GP-026.search_depth,seat_s1,2,integer,认知结构体；最大候选数1—14；最小候选数1—最大候选数；搜索深度0—8层；注意力容量1—64项；满意停止阈值0—1；重新搜索阈值0—1；决策权重各为0—1且总和必须为1。,有限注意、搜索与思考节奏,ADVANCED,IMPLEMENTED,ALGO-001|ALGO-003|ALGO-004|ALGO-005|ALGO-006|ALGO-007|ALGO-008|ALGO-009|AUDIT-002|AUDIT-004|AUDIT-005|AUDIT-008|AUDIT-010|AUDIT-011|AUDIT-013|HEUR-001|HEUR-003|HEUR-004|HEUR-005|HEUR-015|HEUR-017|HEUR-018|HEUR-019|HEUR-020|HEUR-021|HEUR-022|HEUR-023|MODEL-001|MODEL-002|MODEL-003|RULE-001|RULE-015|SCORE-002|SCORE-003|SCORE-004|SCORE-005|SCORE-006|STATE-001|STATE-004|STATE-008|STATE-009|STATE-010|STATE-012,default.json + config.py + Task 19 parameter_registry.csv,逐座认知配置真实叶字段；组内联动约束同样适用。
GP-026,players[1].cognitive_parameters.GP-026.attention_capacity,seat_s1,12,integer,认知结构体；最大候选数1—14；最小候选数1—最大候选数；搜索深度0—8层；注意力容量1—64项；满意停止阈值0—1；重新搜索阈值0—1；决策权重各为0—1且总和必须为1。,有限注意、搜索与思考节奏,ADVANCED,IMPLEMENTED,ALGO-001|ALGO-003|ALGO-004|ALGO-005|ALGO-006|ALGO-007|ALGO-008|ALGO-009|AUDIT-002|AUDIT-004|AUDIT-005|AUDIT-008|AUDIT-010|AUDIT-011|AUDIT-013|HEUR-001|HEUR-003|HEUR-004|HEUR-005|HEUR-015|HEUR-017|HEUR-018|HEUR-019|HEUR-020|HEUR-021|HEUR-022|HEUR-023|MODEL-001|MODEL-002|MODEL-003|RULE-001|RULE-015|SCORE-002|SCORE-003|SCORE-004|SCORE-005|SCORE-006|STATE-001|STATE-004|STATE-008|STATE-009|STATE-010|STATE-012,default.json + config.py + Task 19 parameter_registry.csv,逐座认知配置真实叶字段；组内联动约束同样适用。
GP-026,players[1].cognitive_parameters.GP-026.satisfaction_threshold,seat_s1,0.72,number,认知结构体；最大候选数1—14；最小候选数1—最大候选数；搜索深度0—8层；注意力容量1—64项；满意停止阈值0—1；重新搜索阈值0—1；决策权重各为0—1且总和必须为1。,有限注意、搜索与思考节奏,ADVANCED,IMPLEMENTED,ALGO-001|ALGO-003|ALGO-004|ALGO-005|ALGO-006|ALGO-007|ALGO-008|ALGO-009|AUDIT-002|AUDIT-004|AUDIT-005|AUDIT-008|AUDIT-010|AUDIT-011|AUDIT-013|HEUR-001|HEUR-003|HEUR-004|HEUR-005|HEUR-015|HEUR-017|HEUR-018|HEUR-019|HEUR-020|HEUR-021|HEUR-022|HEUR-023|MODEL-001|MODEL-002|MODEL-003|RULE-001|RULE-015|SCORE-002|SCORE-003|SCORE-004|SCORE-005|SCORE-006|STATE-001|STATE-004|STATE-008|STATE-009|STATE-010|STATE-012,default.json + config.py + Task 19 parameter_registry.csv,逐座认知配置真实叶字段；组内联动约束同样适用。
GP-026,players[1].cognitive_parameters.GP-026.research_threshold,seat_s1,0.35,number,认知结构体；最大候选数1—14；最小候选数1—最大候选数；搜索深度0—8层；注意力容量1—64项；满意停止阈值0—1；重新搜索阈值0—1；决策权重各为0—1且总和必须为1。,有限注意、搜索与思考节奏,ADVANCED,IMPLEMENTED,ALGO-001|ALGO-003|ALGO-004|ALGO-005|ALGO-006|ALGO-007|ALGO-008|ALGO-009|AUDIT-002|AUDIT-004|AUDIT-005|AUDIT-008|AUDIT-010|AUDIT-011|AUDIT-013|HEUR-001|HEUR-003|HEUR-004|HEUR-005|HEUR-015|HEUR-017|HEUR-018|HEUR-019|HEUR-020|HEUR-021|HEUR-022|HEUR-023|MODEL-001|MODEL-002|MODEL-003|RULE-001|RULE-015|SCORE-002|SCORE-003|SCORE-004|SCORE-005|SCORE-006|STATE-001|STATE-004|STATE-008|STATE-009|STATE-010|STATE-012,default.json + config.py + Task 19 parameter_registry.csv,逐座认知配置真实叶字段；组内联动约束同样适用。
GP-026,players[1].cognitive_parameters.GP-026.decision_weights.speed,seat_s1,0.35,number,认知结构体；最大候选数1—14；最小候选数1—最大候选数；搜索深度0—8层；注意力容量1—64项；满意停止阈值0—1；重新搜索阈值0—1；决策权重各为0—1且总和必须为1。,有限注意、搜索与思考节奏,ADVANCED,IMPLEMENTED,ALGO-001|ALGO-003|ALGO-004|ALGO-005|ALGO-006|ALGO-007|ALGO-008|ALGO-009|AUDIT-002|AUDIT-004|AUDIT-005|AUDIT-008|AUDIT-010|AUDIT-011|AUDIT-013|HEUR-001|HEUR-003|HEUR-004|HEUR-005|HEUR-015|HEUR-017|HEUR-018|HEUR-019|HEUR-020|HEUR-021|HEUR-022|HEUR-023|MODEL-001|MODEL-002|MODEL-003|RULE-001|RULE-015|SCORE-002|SCORE-003|SCORE-004|SCORE-005|SCORE-006|STATE-001|STATE-004|STATE-008|STATE-009|STATE-010|STATE-012,default.json + config.py + Task 19 parameter_registry.csv,逐座认知配置真实叶字段；组内联动约束同样适用。
GP-026,players[1].cognitive_parameters.GP-026.decision_weights.hand_value,seat_s1,0.25,number,认知结构体；最大候选数1—14；最小候选数1—最大候选数；搜索深度0—8层；注意力容量1—64项；满意停止阈值0—1；重新搜索阈值0—1；决策权重各为0—1且总和必须为1。,有限注意、搜索与思考节奏,ADVANCED,IMPLEMENTED,ALGO-001|ALGO-003|ALGO-004|ALGO-005|ALGO-006|ALGO-007|ALGO-008|ALGO-009|AUDIT-002|AUDIT-004|AUDIT-005|AUDIT-008|AUDIT-010|AUDIT-011|AUDIT-013|HEUR-001|HEUR-003|HEUR-004|HEUR-005|HEUR-015|HEUR-017|HEUR-018|HEUR-019|HEUR-020|HEUR-021|HEUR-022|HEUR-023|MODEL-001|MODEL-002|MODEL-003|RULE-001|RULE-015|SCORE-002|SCORE-003|SCORE-004|SCORE-005|SCORE-006|STATE-001|STATE-004|STATE-008|STATE-009|STATE-010|STATE-012,default.json + config.py + Task 19 parameter_registry.csv,逐座认知配置真实叶字段；组内联动约束同样适用。
GP-026,players[1].cognitive_parameters.GP-026.decision_weights.defense,seat_s1,0.25,number,认知结构体；最大候选数1—14；最小候选数1—最大候选数；搜索深度0—8层；注意力容量1—64项；满意停止阈值0—1；重新搜索阈值0—1；决策权重各为0—1且总和必须为1。,有限注意、搜索与思考节奏,ADVANCED,IMPLEMENTED,ALGO-001|ALGO-003|ALGO-004|ALGO-005|ALGO-006|ALGO-007|ALGO-008|ALGO-009|AUDIT-002|AUDIT-004|AUDIT-005|AUDIT-008|AUDIT-010|AUDIT-011|AUDIT-013|HEUR-001|HEUR-003|HEUR-004|HEUR-005|HEUR-015|HEUR-017|HEUR-018|HEUR-019|HEUR-020|HEUR-021|HEUR-022|HEUR-023|MODEL-001|MODEL-002|MODEL-003|RULE-001|RULE-015|SCORE-002|SCORE-003|SCORE-004|SCORE-005|SCORE-006|STATE-001|STATE-004|STATE-008|STATE-009|STATE-010|STATE-012,default.json + config.py + Task 19 parameter_registry.csv,逐座认知配置真实叶字段；组内联动约束同样适用。
GP-026,players[1].cognitive_parameters.GP-026.decision_weights.flexibility,seat_s1,0.15,number,认知结构体；最大候选数1—14；最小候选数1—最大候选数；搜索深度0—8层；注意力容量1—64项；满意停止阈值0—1；重新搜索阈值0—1；决策权重各为0—1且总和必须为1。,有限注意、搜索与思考节奏,ADVANCED,IMPLEMENTED,ALGO-001|ALGO-003|ALGO-004|ALGO-005|ALGO-006|ALGO-007|ALGO-008|ALGO-009|AUDIT-002|AUDIT-004|AUDIT-005|AUDIT-008|AUDIT-010|AUDIT-011|AUDIT-013|HEUR-001|HEUR-003|HEUR-004|HEUR-005|HEUR-015|HEUR-017|HEUR-018|HEUR-019|HEUR-020|HEUR-021|HEUR-022|HEUR-023|MODEL-001|MODEL-002|MODEL-003|RULE-001|RULE-015|SCORE-002|SCORE-003|SCORE-004|SCORE-005|SCORE-006|STATE-001|STATE-004|STATE-008|STATE-009|STATE-010|STATE-012,default.json + config.py + Task 19 parameter_registry.csv,逐座认知配置真实叶字段；组内联动约束同样适用。
GP-027,players[1].cognitive_parameters.GP-027.weights.round_score,seat_s1,0.35,number,"目标结构体；单局收益、整场收益、排名、风险和稳定性权重各为0—1且总和为1；目标名次1—4；领先或落后触发分差0—1,000,000,000。",比分、名次与整场效用,EDITABLE,IMPLEMENTED,ALGO-001|ALGO-003|ALGO-004|ALGO-005|ALGO-006|ALGO-007|ALGO-008|ALGO-009|AUDIT-002|AUDIT-004|AUDIT-005|AUDIT-008|AUDIT-010|AUDIT-011|AUDIT-013|HEUR-003|HEUR-004|HEUR-005|HEUR-008|HEUR-015|HEUR-019|HEUR-020|HEUR-021|HEUR-022|HEUR-023|MODEL-001|MODEL-002|MODEL-003|RULE-001|RULE-015|SCORE-002|SCORE-003|SCORE-004|SCORE-005|SCORE-006|STATE-001|STATE-004|STATE-008|STATE-009|STATE-010,default.json + config.py + Task 19 parameter_registry.csv,逐座认知配置真实叶字段；组内联动约束同样适用。
GP-027,players[1].cognitive_parameters.GP-027.weights.match_score,seat_s1,0.25,number,"目标结构体；单局收益、整场收益、排名、风险和稳定性权重各为0—1且总和为1；目标名次1—4；领先或落后触发分差0—1,000,000,000。",比分、名次与整场效用,EDITABLE,IMPLEMENTED,ALGO-001|ALGO-003|ALGO-004|ALGO-005|ALGO-006|ALGO-007|ALGO-008|ALGO-009|AUDIT-002|AUDIT-004|AUDIT-005|AUDIT-008|AUDIT-010|AUDIT-011|AUDIT-013|HEUR-003|HEUR-004|HEUR-005|HEUR-008|HEUR-015|HEUR-019|HEUR-020|HEUR-021|HEUR-022|HEUR-023|MODEL-001|MODEL-002|MODEL-003|RULE-001|RULE-015|SCORE-002|SCORE-003|SCORE-004|SCORE-005|SCORE-006|STATE-001|STATE-004|STATE-008|STATE-009|STATE-010,default.json + config.py + Task 19 parameter_registry.csv,逐座认知配置真实叶字段；组内联动约束同样适用。
GP-027,players[1].cognitive_parameters.GP-027.weights.rank,seat_s1,0.15,number,"目标结构体；单局收益、整场收益、排名、风险和稳定性权重各为0—1且总和为1；目标名次1—4；领先或落后触发分差0—1,000,000,000。",比分、名次与整场效用,EDITABLE,IMPLEMENTED,ALGO-001|ALGO-003|ALGO-004|ALGO-005|ALGO-006|ALGO-007|ALGO-008|ALGO-009|AUDIT-002|AUDIT-004|AUDIT-005|AUDIT-008|AUDIT-010|AUDIT-011|AUDIT-013|HEUR-003|HEUR-004|HEUR-005|HEUR-008|HEUR-015|HEUR-019|HEUR-020|HEUR-021|HEUR-022|HEUR-023|MODEL-001|MODEL-002|MODEL-003|RULE-001|RULE-015|SCORE-002|SCORE-003|SCORE-004|SCORE-005|SCORE-006|STATE-001|STATE-004|STATE-008|STATE-009|STATE-010,default.json + config.py + Task 19 parameter_registry.csv,逐座认知配置真实叶字段；组内联动约束同样适用。
GP-027,players[1].cognitive_parameters.GP-027.weights.risk,seat_s1,0.15,number,"目标结构体；单局收益、整场收益、排名、风险和稳定性权重各为0—1且总和为1；目标名次1—4；领先或落后触发分差0—1,000,000,000。",比分、名次与整场效用,EDITABLE,IMPLEMENTED,ALGO-001|ALGO-003|ALGO-004|ALGO-005|ALGO-006|ALGO-007|ALGO-008|ALGO-009|AUDIT-002|AUDIT-004|AUDIT-005|AUDIT-008|AUDIT-010|AUDIT-011|AUDIT-013|HEUR-003|HEUR-004|HEUR-005|HEUR-008|HEUR-015|HEUR-019|HEUR-020|HEUR-021|HEUR-022|HEUR-023|MODEL-001|MODEL-002|MODEL-003|RULE-001|RULE-015|SCORE-002|SCORE-003|SCORE-004|SCORE-005|SCORE-006|STATE-001|STATE-004|STATE-008|STATE-009|STATE-010,default.json + config.py + Task 19 parameter_registry.csv,逐座认知配置真实叶字段；组内联动约束同样适用。
GP-027,players[1].cognitive_parameters.GP-027.weights.stability,seat_s1,0.1,number,"目标结构体；单局收益、整场收益、排名、风险和稳定性权重各为0—1且总和为1；目标名次1—4；领先或落后触发分差0—1,000,000,000。",比分、名次与整场效用,EDITABLE,IMPLEMENTED,ALGO-001|ALGO-003|ALGO-004|ALGO-005|ALGO-006|ALGO-007|ALGO-008|ALGO-009|AUDIT-002|AUDIT-004|AUDIT-005|AUDIT-008|AUDIT-010|AUDIT-011|AUDIT-013|HEUR-003|HEUR-004|HEUR-005|HEUR-008|HEUR-015|HEUR-019|HEUR-020|HEUR-021|HEUR-022|HEUR-023|MODEL-001|MODEL-002|MODEL-003|RULE-001|RULE-015|SCORE-002|SCORE-003|SCORE-004|SCORE-005|SCORE-006|STATE-001|STATE-004|STATE-008|STATE-009|STATE-010,default.json + config.py + Task 19 parameter_registry.csv,逐座认知配置真实叶字段；组内联动约束同样适用。
GP-027,players[1].cognitive_parameters.GP-027.target_rank,seat_s1,1,integer,"目标结构体；单局收益、整场收益、排名、风险和稳定性权重各为0—1且总和为1；目标名次1—4；领先或落后触发分差0—1,000,000,000。",比分、名次与整场效用,EDITABLE,IMPLEMENTED,ALGO-001|ALGO-003|ALGO-004|ALGO-005|ALGO-006|ALGO-007|ALGO-008|ALGO-009|AUDIT-002|AUDIT-004|AUDIT-005|AUDIT-008|AUDIT-010|AUDIT-011|AUDIT-013|HEUR-003|HEUR-004|HEUR-005|HEUR-008|HEUR-015|HEUR-019|HEUR-020|HEUR-021|HEUR-022|HEUR-023|MODEL-001|MODEL-002|MODEL-003|RULE-001|RULE-015|SCORE-002|SCORE-003|SCORE-004|SCORE-005|SCORE-006|STATE-001|STATE-004|STATE-008|STATE-009|STATE-010,default.json + config.py + Task 19 parameter_registry.csv,逐座认知配置真实叶字段；组内联动约束同样适用。
GP-027,players[1].cognitive_parameters.GP-027.lead_gap,seat_s1,16,integer,"目标结构体；单局收益、整场收益、排名、风险和稳定性权重各为0—1且总和为1；目标名次1—4；领先或落后触发分差0—1,000,000,000。",比分、名次与整场效用,EDITABLE,IMPLEMENTED,ALGO-001|ALGO-003|ALGO-004|ALGO-005|ALGO-006|ALGO-007|ALGO-008|ALGO-009|AUDIT-002|AUDIT-004|AUDIT-005|AUDIT-008|AUDIT-010|AUDIT-011|AUDIT-013|HEUR-003|HEUR-004|HEUR-005|HEUR-008|HEUR-015|HEUR-019|HEUR-020|HEUR-021|HEUR-022|HEUR-023|MODEL-001|MODEL-002|MODEL-003|RULE-001|RULE-015|SCORE-002|SCORE-003|SCORE-004|SCORE-005|SCORE-006|STATE-001|STATE-004|STATE-008|STATE-009|STATE-010,default.json + config.py + Task 19 parameter_registry.csv,逐座认知配置真实叶字段；组内联动约束同样适用。
GP-027,players[1].cognitive_parameters.GP-027.trail_gap,seat_s1,16,integer,"目标结构体；单局收益、整场收益、排名、风险和稳定性权重各为0—1且总和为1；目标名次1—4；领先或落后触发分差0—1,000,000,000。",比分、名次与整场效用,EDITABLE,IMPLEMENTED,ALGO-001|ALGO-003|ALGO-004|ALGO-005|ALGO-006|ALGO-007|ALGO-008|ALGO-009|AUDIT-002|AUDIT-004|AUDIT-005|AUDIT-008|AUDIT-010|AUDIT-011|AUDIT-013|HEUR-003|HEUR-004|HEUR-005|HEUR-008|HEUR-015|HEUR-019|HEUR-020|HEUR-021|HEUR-022|HEUR-023|MODEL-001|MODEL-002|MODEL-003|RULE-001|RULE-015|SCORE-002|SCORE-003|SCORE-004|SCORE-005|SCORE-006|STATE-001|STATE-004|STATE-008|STATE-009|STATE-010,default.json + config.py + Task 19 parameter_registry.csv,逐座认知配置真实叶字段；组内联动约束同样适用。
GP-023,players[2].profile.name,seat_s2,"""normal_balanced_2""",string,非空字符串,玩家初始化与人格策略,EDITABLE,IMPLEMENTED,ALGO-001|ALGO-003|ALGO-004|ALGO-005|ALGO-006|ALGO-007|ALGO-008|ALGO-009|AUDIT-002|AUDIT-004|AUDIT-005|AUDIT-008|AUDIT-010|AUDIT-011|AUDIT-013|HEUR-001|HEUR-003|HEUR-004|HEUR-005|HEUR-012|HEUR-015|HEUR-019|HEUR-020|HEUR-021|HEUR-022|HEUR-023|MODEL-001|MODEL-002|MODEL-003|RULE-001|RULE-007|RULE-015|SCORE-002|SCORE-003|SCORE-004|SCORE-005|SCORE-006|STATE-001|STATE-004|STATE-008|STATE-009|STATE-010,default.json + PlayerProfile.from_dict,逐座 AI 基础档案字段。
GP-023,players[2].profile.level,seat_s2,"""normal""",string,novice | normal | skilled | expert,玩家初始化与人格策略,EDITABLE,IMPLEMENTED,ALGO-001|ALGO-003|ALGO-004|ALGO-005|ALGO-006|ALGO-007|ALGO-008|ALGO-009|AUDIT-002|AUDIT-004|AUDIT-005|AUDIT-008|AUDIT-010|AUDIT-011|AUDIT-013|HEUR-001|HEUR-003|HEUR-004|HEUR-005|HEUR-012|HEUR-015|HEUR-019|HEUR-020|HEUR-021|HEUR-022|HEUR-023|MODEL-001|MODEL-002|MODEL-003|RULE-001|RULE-007|RULE-015|SCORE-002|SCORE-003|SCORE-004|SCORE-005|SCORE-006|STATE-001|STATE-004|STATE-008|STATE-009|STATE-010,default.json + PlayerProfile.from_dict,逐座 AI 基础档案字段。
GP-023,players[2].profile.style,seat_s2,"""balanced""",string,conservative | balanced | aggressive,玩家初始化与人格策略,EDITABLE,IMPLEMENTED,ALGO-001|ALGO-003|ALGO-004|ALGO-005|ALGO-006|ALGO-007|ALGO-008|ALGO-009|AUDIT-002|AUDIT-004|AUDIT-005|AUDIT-008|AUDIT-010|AUDIT-011|AUDIT-013|HEUR-001|HEUR-003|HEUR-004|HEUR-005|HEUR-012|HEUR-015|HEUR-019|HEUR-020|HEUR-021|HEUR-022|HEUR-023|MODEL-001|MODEL-002|MODEL-003|RULE-001|RULE-007|RULE-015|SCORE-002|SCORE-003|SCORE-004|SCORE-005|SCORE-006|STATE-001|STATE-004|STATE-008|STATE-009|STATE-010,default.json + PlayerProfile.from_dict,逐座 AI 基础档案字段。
GP-023,players[2].profile.peng_preference,seat_s2,0.5,number,0..1,玩家初始化与人格策略,EDITABLE,IMPLEMENTED,ALGO-001|ALGO-003|ALGO-004|ALGO-005|ALGO-006|ALGO-007|ALGO-008|ALGO-009|AUDIT-002|AUDIT-004|AUDIT-005|AUDIT-008|AUDIT-010|AUDIT-011|AUDIT-013|HEUR-001|HEUR-003|HEUR-004|HEUR-005|HEUR-012|HEUR-015|HEUR-019|HEUR-020|HEUR-021|HEUR-022|HEUR-023|MODEL-001|MODEL-002|MODEL-003|RULE-001|RULE-007|RULE-015|SCORE-002|SCORE-003|SCORE-004|SCORE-005|SCORE-006|STATE-001|STATE-004|STATE-008|STATE-009|STATE-010,default.json + PlayerProfile.from_dict,逐座 AI 基础档案字段。
GP-023,players[2].profile.gang_preference,seat_s2,0.5,number,0..1,玩家初始化与人格策略,EDITABLE,IMPLEMENTED,ALGO-001|ALGO-003|ALGO-004|ALGO-005|ALGO-006|ALGO-007|ALGO-008|ALGO-009|AUDIT-002|AUDIT-004|AUDIT-005|AUDIT-008|AUDIT-010|AUDIT-011|AUDIT-013|HEUR-001|HEUR-003|HEUR-004|HEUR-005|HEUR-012|HEUR-015|HEUR-019|HEUR-020|HEUR-021|HEUR-022|HEUR-023|MODEL-001|MODEL-002|MODEL-003|RULE-001|RULE-007|RULE-015|SCORE-002|SCORE-003|SCORE-004|SCORE-005|SCORE-006|STATE-001|STATE-004|STATE-008|STATE-009|STATE-010,default.json + PlayerProfile.from_dict,逐座 AI 基础档案字段。
GP-023,players[2].profile.big_hand_preference,seat_s2,0.45,number,0..1,玩家初始化与人格策略,EDITABLE,IMPLEMENTED,ALGO-001|ALGO-003|ALGO-004|ALGO-005|ALGO-006|ALGO-007|ALGO-008|ALGO-009|AUDIT-002|AUDIT-004|AUDIT-005|AUDIT-008|AUDIT-010|AUDIT-011|AUDIT-013|HEUR-001|HEUR-003|HEUR-004|HEUR-005|HEUR-012|HEUR-015|HEUR-019|HEUR-020|HEUR-021|HEUR-022|HEUR-023|MODEL-001|MODEL-002|MODEL-003|RULE-001|RULE-007|RULE-015|SCORE-002|SCORE-003|SCORE-004|SCORE-005|SCORE-006|STATE-001|STATE-004|STATE-008|STATE-009|STATE-010,default.json + PlayerProfile.from_dict,逐座 AI 基础档案字段。
GP-023,players[2].profile.defense_awareness,seat_s2,0.55,number,0..1,玩家初始化与人格策略,EDITABLE,IMPLEMENTED,ALGO-001|ALGO-003|ALGO-004|ALGO-005|ALGO-006|ALGO-007|ALGO-008|ALGO-009|AUDIT-002|AUDIT-004|AUDIT-005|AUDIT-008|AUDIT-010|AUDIT-011|AUDIT-013|HEUR-001|HEUR-003|HEUR-004|HEUR-005|HEUR-012|HEUR-015|HEUR-019|HEUR-020|HEUR-021|HEUR-022|HEUR-023|MODEL-001|MODEL-002|MODEL-003|RULE-001|RULE-007|RULE-015|SCORE-002|SCORE-003|SCORE-004|SCORE-005|SCORE-006|STATE-001|STATE-004|STATE-008|STATE-009|STATE-010,default.json + PlayerProfile.from_dict,逐座 AI 基础档案字段。
GP-023,players[2].profile.plan_persistence,seat_s2,0.55,number,0..1,玩家初始化与人格策略,EDITABLE,IMPLEMENTED,ALGO-001|ALGO-003|ALGO-004|ALGO-005|ALGO-006|ALGO-007|ALGO-008|ALGO-009|AUDIT-002|AUDIT-004|AUDIT-005|AUDIT-008|AUDIT-010|AUDIT-011|AUDIT-013|HEUR-001|HEUR-003|HEUR-004|HEUR-005|HEUR-012|HEUR-015|HEUR-019|HEUR-020|HEUR-021|HEUR-022|HEUR-023|MODEL-001|MODEL-002|MODEL-003|RULE-001|RULE-007|RULE-015|SCORE-002|SCORE-003|SCORE-004|SCORE-005|SCORE-006|STATE-001|STATE-004|STATE-008|STATE-009|STATE-010,default.json + PlayerProfile.from_dict,逐座 AI 基础档案字段。
GP-023,players[2].profile.thinking_speed,seat_s2,0.55,number,0..1,玩家初始化与人格策略,EDITABLE,IMPLEMENTED,ALGO-001|ALGO-003|ALGO-004|ALGO-005|ALGO-006|ALGO-007|ALGO-008|ALGO-009|AUDIT-002|AUDIT-004|AUDIT-005|AUDIT-008|AUDIT-010|AUDIT-011|AUDIT-013|HEUR-001|HEUR-003|HEUR-004|HEUR-005|HEUR-012|HEUR-015|HEUR-019|HEUR-020|HEUR-021|HEUR-022|HEUR-023|MODEL-001|MODEL-002|MODEL-003|RULE-001|RULE-007|RULE-015|SCORE-002|SCORE-003|SCORE-004|SCORE-005|SCORE-006|STATE-001|STATE-004|STATE-008|STATE-009|STATE-010,default.json + PlayerProfile.from_dict,逐座 AI 基础档案字段。
GP-024,players[2].cognitive_parameters.GP-024.initial_strength,seat_s2,0.65,number,记忆结构体；初始记忆强度0—1；遗忘率0—1；事件显著度0—1；跨局历史长度0—10000局；隐藏信息学习开关固定为`false`。,认知记忆与跨局学习,EDITABLE,IMPLEMENTED,ALGO-001|ALGO-003|ALGO-004|ALGO-005|ALGO-006|ALGO-007|ALGO-008|ALGO-009|AUDIT-002|AUDIT-004|AUDIT-005|AUDIT-008|AUDIT-010|AUDIT-011|AUDIT-013|HEUR-001|HEUR-003|HEUR-004|HEUR-005|HEUR-015|HEUR-017|HEUR-018|HEUR-019|HEUR-020|HEUR-021|HEUR-022|HEUR-023|MODEL-001|MODEL-002|MODEL-003|RULE-001|RULE-015|SCORE-002|SCORE-003|SCORE-004|SCORE-005|SCORE-006|STATE-001|STATE-004|STATE-008|STATE-009|STATE-010|STATE-012,default.json + config.py + Task 19 parameter_registry.csv,逐座认知配置真实叶字段；组内联动约束同样适用。
GP-024,players[2].cognitive_parameters.GP-024.forget_rate,seat_s2,0.12,number,记忆结构体；初始记忆强度0—1；遗忘率0—1；事件显著度0—1；跨局历史长度0—10000局；隐藏信息学习开关固定为`false`。,认知记忆与跨局学习,EDITABLE,IMPLEMENTED,ALGO-001|ALGO-003|ALGO-004|ALGO-005|ALGO-006|ALGO-007|ALGO-008|ALGO-009|AUDIT-002|AUDIT-004|AUDIT-005|AUDIT-008|AUDIT-010|AUDIT-011|AUDIT-013|HEUR-001|HEUR-003|HEUR-004|HEUR-005|HEUR-015|HEUR-017|HEUR-018|HEUR-019|HEUR-020|HEUR-021|HEUR-022|HEUR-023|MODEL-001|MODEL-002|MODEL-003|RULE-001|RULE-015|SCORE-002|SCORE-003|SCORE-004|SCORE-005|SCORE-006|STATE-001|STATE-004|STATE-008|STATE-009|STATE-010|STATE-012,default.json + config.py + Task 19 parameter_registry.csv,逐座认知配置真实叶字段；组内联动约束同样适用。
GP-024,players[2].cognitive_parameters.GP-024.salience_boost,seat_s2,0.35,number,记忆结构体；初始记忆强度0—1；遗忘率0—1；事件显著度0—1；跨局历史长度0—10000局；隐藏信息学习开关固定为`false`。,认知记忆与跨局学习,EDITABLE,IMPLEMENTED,ALGO-001|ALGO-003|ALGO-004|ALGO-005|ALGO-006|ALGO-007|ALGO-008|ALGO-009|AUDIT-002|AUDIT-004|AUDIT-005|AUDIT-008|AUDIT-010|AUDIT-011|AUDIT-013|HEUR-001|HEUR-003|HEUR-004|HEUR-005|HEUR-015|HEUR-017|HEUR-018|HEUR-019|HEUR-020|HEUR-021|HEUR-022|HEUR-023|MODEL-001|MODEL-002|MODEL-003|RULE-001|RULE-015|SCORE-002|SCORE-003|SCORE-004|SCORE-005|SCORE-006|STATE-001|STATE-004|STATE-008|STATE-009|STATE-010|STATE-012,default.json + config.py + Task 19 parameter_registry.csv,逐座认知配置真实叶字段；组内联动约束同样适用。
GP-024,players[2].cognitive_parameters.GP-024.cross_round_history,seat_s2,8,integer,记忆结构体；初始记忆强度0—1；遗忘率0—1；事件显著度0—1；跨局历史长度0—10000局；隐藏信息学习开关固定为`false`。,认知记忆与跨局学习,EDITABLE,IMPLEMENTED,ALGO-001|ALGO-003|ALGO-004|ALGO-005|ALGO-006|ALGO-007|ALGO-008|ALGO-009|AUDIT-002|AUDIT-004|AUDIT-005|AUDIT-008|AUDIT-010|AUDIT-011|AUDIT-013|HEUR-001|HEUR-003|HEUR-004|HEUR-005|HEUR-015|HEUR-017|HEUR-018|HEUR-019|HEUR-020|HEUR-021|HEUR-022|HEUR-023|MODEL-001|MODEL-002|MODEL-003|RULE-001|RULE-015|SCORE-002|SCORE-003|SCORE-004|SCORE-005|SCORE-006|STATE-001|STATE-004|STATE-008|STATE-009|STATE-010|STATE-012,default.json + config.py + Task 19 parameter_registry.csv,逐座认知配置真实叶字段；组内联动约束同样适用。
GP-024,players[2].cognitive_parameters.GP-024.learn_hidden_information,seat_s2,false,boolean,记忆结构体；初始记忆强度0—1；遗忘率0—1；事件显著度0—1；跨局历史长度0—10000局；隐藏信息学习开关固定为`false`。,认知记忆与跨局学习,READ_ONLY,IMPLEMENTED,ALGO-001|ALGO-003|ALGO-004|ALGO-005|ALGO-006|ALGO-007|ALGO-008|ALGO-009|AUDIT-002|AUDIT-004|AUDIT-005|AUDIT-008|AUDIT-010|AUDIT-011|AUDIT-013|HEUR-001|HEUR-003|HEUR-004|HEUR-005|HEUR-015|HEUR-017|HEUR-018|HEUR-019|HEUR-020|HEUR-021|HEUR-022|HEUR-023|MODEL-001|MODEL-002|MODEL-003|RULE-001|RULE-015|SCORE-002|SCORE-003|SCORE-004|SCORE-005|SCORE-006|STATE-001|STATE-004|STATE-008|STATE-009|STATE-010|STATE-012,default.json + config.py + Task 19 parameter_registry.csv,逐座认知配置真实叶字段；组内联动约束同样适用。
GP-025,players[2].cognitive_parameters.GP-025.emotional_stability,seat_s2,0.7,number,人类化结构体；情绪稳定度、习惯强度、失误概率上限、近似随机强度均为0—1；随机种子为0—\(2^{64}-1\)的整数；相同种子和相同输入必须可复现。,候选评价与人类化选择,EDITABLE,IMPLEMENTED,ALGO-001|ALGO-003|ALGO-004|ALGO-005|ALGO-006|ALGO-007|ALGO-008|ALGO-009|AUDIT-002|AUDIT-004|AUDIT-005|AUDIT-008|AUDIT-010|AUDIT-011|AUDIT-013|HEUR-001|HEUR-003|HEUR-004|HEUR-005|HEUR-015|HEUR-017|HEUR-018|HEUR-019|HEUR-020|HEUR-021|HEUR-022|HEUR-023|MODEL-001|MODEL-002|MODEL-003|RULE-001|RULE-015|SCORE-002|SCORE-003|SCORE-004|SCORE-005|SCORE-006|STATE-001|STATE-004|STATE-008|STATE-009|STATE-010|STATE-012,default.json + config.py + Task 19 parameter_registry.csv,逐座认知配置真实叶字段；组内联动约束同样适用。
GP-025,players[2].cognitive_parameters.GP-025.habit_strength,seat_s2,0.55,number,人类化结构体；情绪稳定度、习惯强度、失误概率上限、近似随机强度均为0—1；随机种子为0—\(2^{64}-1\)的整数；相同种子和相同输入必须可复现。,候选评价与人类化选择,EDITABLE,IMPLEMENTED,ALGO-001|ALGO-003|ALGO-004|ALGO-005|ALGO-006|ALGO-007|ALGO-008|ALGO-009|AUDIT-002|AUDIT-004|AUDIT-005|AUDIT-008|AUDIT-010|AUDIT-011|AUDIT-013|HEUR-001|HEUR-003|HEUR-004|HEUR-005|HEUR-015|HEUR-017|HEUR-018|HEUR-019|HEUR-020|HEUR-021|HEUR-022|HEUR-023|MODEL-001|MODEL-002|MODEL-003|RULE-001|RULE-015|SCORE-002|SCORE-003|SCORE-004|SCORE-005|SCORE-006|STATE-001|STATE-004|STATE-008|STATE-009|STATE-010|STATE-012,default.json + config.py + Task 19 parameter_registry.csv,逐座认知配置真实叶字段；组内联动约束同样适用。
GP-025,players[2].cognitive_parameters.GP-025.max_error_probability,seat_s2,0.04,number,人类化结构体；情绪稳定度、习惯强度、失误概率上限、近似随机强度均为0—1；随机种子为0—\(2^{64}-1\)的整数；相同种子和相同输入必须可复现。,候选评价与人类化选择,EDITABLE,IMPLEMENTED,ALGO-001|ALGO-003|ALGO-004|ALGO-005|ALGO-006|ALGO-007|ALGO-008|ALGO-009|AUDIT-002|AUDIT-004|AUDIT-005|AUDIT-008|AUDIT-010|AUDIT-011|AUDIT-013|HEUR-001|HEUR-003|HEUR-004|HEUR-005|HEUR-015|HEUR-017|HEUR-018|HEUR-019|HEUR-020|HEUR-021|HEUR-022|HEUR-023|MODEL-001|MODEL-002|MODEL-003|RULE-001|RULE-015|SCORE-002|SCORE-003|SCORE-004|SCORE-005|SCORE-006|STATE-001|STATE-004|STATE-008|STATE-009|STATE-010|STATE-012,default.json + config.py + Task 19 parameter_registry.csv,逐座认知配置真实叶字段；组内联动约束同样适用。
GP-025,players[2].cognitive_parameters.GP-025.near_equal_randomness,seat_s2,0.08,number,人类化结构体；情绪稳定度、习惯强度、失误概率上限、近似随机强度均为0—1；随机种子为0—\(2^{64}-1\)的整数；相同种子和相同输入必须可复现。,候选评价与人类化选择,EDITABLE,IMPLEMENTED,ALGO-001|ALGO-003|ALGO-004|ALGO-005|ALGO-006|ALGO-007|ALGO-008|ALGO-009|AUDIT-002|AUDIT-004|AUDIT-005|AUDIT-008|AUDIT-010|AUDIT-011|AUDIT-013|HEUR-001|HEUR-003|HEUR-004|HEUR-005|HEUR-015|HEUR-017|HEUR-018|HEUR-019|HEUR-020|HEUR-021|HEUR-022|HEUR-023|MODEL-001|MODEL-002|MODEL-003|RULE-001|RULE-015|SCORE-002|SCORE-003|SCORE-004|SCORE-005|SCORE-006|STATE-001|STATE-004|STATE-008|STATE-009|STATE-010|STATE-012,default.json + config.py + Task 19 parameter_registry.csv,逐座认知配置真实叶字段；组内联动约束同样适用。
GP-025,players[2].cognitive_parameters.GP-025.random_seed,seat_s2,2,integer,人类化结构体；情绪稳定度、习惯强度、失误概率上限、近似随机强度均为0—1；随机种子为0—\(2^{64}-1\)的整数；相同种子和相同输入必须可复现。,候选评价与人类化选择,EDITABLE,IMPLEMENTED,ALGO-001|ALGO-003|ALGO-004|ALGO-005|ALGO-006|ALGO-007|ALGO-008|ALGO-009|AUDIT-002|AUDIT-004|AUDIT-005|AUDIT-008|AUDIT-010|AUDIT-011|AUDIT-013|HEUR-001|HEUR-003|HEUR-004|HEUR-005|HEUR-015|HEUR-017|HEUR-018|HEUR-019|HEUR-020|HEUR-021|HEUR-022|HEUR-023|MODEL-001|MODEL-002|MODEL-003|RULE-001|RULE-015|SCORE-002|SCORE-003|SCORE-004|SCORE-005|SCORE-006|STATE-001|STATE-004|STATE-008|STATE-009|STATE-010|STATE-012,default.json + config.py + Task 19 parameter_registry.csv,逐座认知配置真实叶字段；组内联动约束同样适用。
GP-026,players[2].cognitive_parameters.GP-026.min_candidates,seat_s2,3,integer,认知结构体；最大候选数1—14；最小候选数1—最大候选数；搜索深度0—8层；注意力容量1—64项；满意停止阈值0—1；重新搜索阈值0—1；决策权重各为0—1且总和必须为1。,有限注意、搜索与思考节奏,ADVANCED,IMPLEMENTED,ALGO-001|ALGO-003|ALGO-004|ALGO-005|ALGO-006|ALGO-007|ALGO-008|ALGO-009|AUDIT-002|AUDIT-004|AUDIT-005|AUDIT-008|AUDIT-010|AUDIT-011|AUDIT-013|HEUR-001|HEUR-003|HEUR-004|HEUR-005|HEUR-015|HEUR-017|HEUR-018|HEUR-019|HEUR-020|HEUR-021|HEUR-022|HEUR-023|MODEL-001|MODEL-002|MODEL-003|RULE-001|RULE-015|SCORE-002|SCORE-003|SCORE-004|SCORE-005|SCORE-006|STATE-001|STATE-004|STATE-008|STATE-009|STATE-010|STATE-012,default.json + config.py + Task 19 parameter_registry.csv,逐座认知配置真实叶字段；组内联动约束同样适用。
GP-026,players[2].cognitive_parameters.GP-026.max_candidates,seat_s2,8,integer,认知结构体；最大候选数1—14；最小候选数1—最大候选数；搜索深度0—8层；注意力容量1—64项；满意停止阈值0—1；重新搜索阈值0—1；决策权重各为0—1且总和必须为1。,有限注意、搜索与思考节奏,ADVANCED,IMPLEMENTED,ALGO-001|ALGO-003|ALGO-004|ALGO-005|ALGO-006|ALGO-007|ALGO-008|ALGO-009|AUDIT-002|AUDIT-004|AUDIT-005|AUDIT-008|AUDIT-010|AUDIT-011|AUDIT-013|HEUR-001|HEUR-003|HEUR-004|HEUR-005|HEUR-015|HEUR-017|HEUR-018|HEUR-019|HEUR-020|HEUR-021|HEUR-022|HEUR-023|MODEL-001|MODEL-002|MODEL-003|RULE-001|RULE-015|SCORE-002|SCORE-003|SCORE-004|SCORE-005|SCORE-006|STATE-001|STATE-004|STATE-008|STATE-009|STATE-010|STATE-012,default.json + config.py + Task 19 parameter_registry.csv,逐座认知配置真实叶字段；组内联动约束同样适用。
GP-026,players[2].cognitive_parameters.GP-026.search_depth,seat_s2,2,integer,认知结构体；最大候选数1—14；最小候选数1—最大候选数；搜索深度0—8层；注意力容量1—64项；满意停止阈值0—1；重新搜索阈值0—1；决策权重各为0—1且总和必须为1。,有限注意、搜索与思考节奏,ADVANCED,IMPLEMENTED,ALGO-001|ALGO-003|ALGO-004|ALGO-005|ALGO-006|ALGO-007|ALGO-008|ALGO-009|AUDIT-002|AUDIT-004|AUDIT-005|AUDIT-008|AUDIT-010|AUDIT-011|AUDIT-013|HEUR-001|HEUR-003|HEUR-004|HEUR-005|HEUR-015|HEUR-017|HEUR-018|HEUR-019|HEUR-020|HEUR-021|HEUR-022|HEUR-023|MODEL-001|MODEL-002|MODEL-003|RULE-001|RULE-015|SCORE-002|SCORE-003|SCORE-004|SCORE-005|SCORE-006|STATE-001|STATE-004|STATE-008|STATE-009|STATE-010|STATE-012,default.json + config.py + Task 19 parameter_registry.csv,逐座认知配置真实叶字段；组内联动约束同样适用。
GP-026,players[2].cognitive_parameters.GP-026.attention_capacity,seat_s2,12,integer,认知结构体；最大候选数1—14；最小候选数1—最大候选数；搜索深度0—8层；注意力容量1—64项；满意停止阈值0—1；重新搜索阈值0—1；决策权重各为0—1且总和必须为1。,有限注意、搜索与思考节奏,ADVANCED,IMPLEMENTED,ALGO-001|ALGO-003|ALGO-004|ALGO-005|ALGO-006|ALGO-007|ALGO-008|ALGO-009|AUDIT-002|AUDIT-004|AUDIT-005|AUDIT-008|AUDIT-010|AUDIT-011|AUDIT-013|HEUR-001|HEUR-003|HEUR-004|HEUR-005|HEUR-015|HEUR-017|HEUR-018|HEUR-019|HEUR-020|HEUR-021|HEUR-022|HEUR-023|MODEL-001|MODEL-002|MODEL-003|RULE-001|RULE-015|SCORE-002|SCORE-003|SCORE-004|SCORE-005|SCORE-006|STATE-001|STATE-004|STATE-008|STATE-009|STATE-010|STATE-012,default.json + config.py + Task 19 parameter_registry.csv,逐座认知配置真实叶字段；组内联动约束同样适用。
GP-026,players[2].cognitive_parameters.GP-026.satisfaction_threshold,seat_s2,0.72,number,认知结构体；最大候选数1—14；最小候选数1—最大候选数；搜索深度0—8层；注意力容量1—64项；满意停止阈值0—1；重新搜索阈值0—1；决策权重各为0—1且总和必须为1。,有限注意、搜索与思考节奏,ADVANCED,IMPLEMENTED,ALGO-001|ALGO-003|ALGO-004|ALGO-005|ALGO-006|ALGO-007|ALGO-008|ALGO-009|AUDIT-002|AUDIT-004|AUDIT-005|AUDIT-008|AUDIT-010|AUDIT-011|AUDIT-013|HEUR-001|HEUR-003|HEUR-004|HEUR-005|HEUR-015|HEUR-017|HEUR-018|HEUR-019|HEUR-020|HEUR-021|HEUR-022|HEUR-023|MODEL-001|MODEL-002|MODEL-003|RULE-001|RULE-015|SCORE-002|SCORE-003|SCORE-004|SCORE-005|SCORE-006|STATE-001|STATE-004|STATE-008|STATE-009|STATE-010|STATE-012,default.json + config.py + Task 19 parameter_registry.csv,逐座认知配置真实叶字段；组内联动约束同样适用。
GP-026,players[2].cognitive_parameters.GP-026.research_threshold,seat_s2,0.35,number,认知结构体；最大候选数1—14；最小候选数1—最大候选数；搜索深度0—8层；注意力容量1—64项；满意停止阈值0—1；重新搜索阈值0—1；决策权重各为0—1且总和必须为1。,有限注意、搜索与思考节奏,ADVANCED,IMPLEMENTED,ALGO-001|ALGO-003|ALGO-004|ALGO-005|ALGO-006|ALGO-007|ALGO-008|ALGO-009|AUDIT-002|AUDIT-004|AUDIT-005|AUDIT-008|AUDIT-010|AUDIT-011|AUDIT-013|HEUR-001|HEUR-003|HEUR-004|HEUR-005|HEUR-015|HEUR-017|HEUR-018|HEUR-019|HEUR-020|HEUR-021|HEUR-022|HEUR-023|MODEL-001|MODEL-002|MODEL-003|RULE-001|RULE-015|SCORE-002|SCORE-003|SCORE-004|SCORE-005|SCORE-006|STATE-001|STATE-004|STATE-008|STATE-009|STATE-010|STATE-012,default.json + config.py + Task 19 parameter_registry.csv,逐座认知配置真实叶字段；组内联动约束同样适用。
GP-026,players[2].cognitive_parameters.GP-026.decision_weights.speed,seat_s2,0.35,number,认知结构体；最大候选数1—14；最小候选数1—最大候选数；搜索深度0—8层；注意力容量1—64项；满意停止阈值0—1；重新搜索阈值0—1；决策权重各为0—1且总和必须为1。,有限注意、搜索与思考节奏,ADVANCED,IMPLEMENTED,ALGO-001|ALGO-003|ALGO-004|ALGO-005|ALGO-006|ALGO-007|ALGO-008|ALGO-009|AUDIT-002|AUDIT-004|AUDIT-005|AUDIT-008|AUDIT-010|AUDIT-011|AUDIT-013|HEUR-001|HEUR-003|HEUR-004|HEUR-005|HEUR-015|HEUR-017|HEUR-018|HEUR-019|HEUR-020|HEUR-021|HEUR-022|HEUR-023|MODEL-001|MODEL-002|MODEL-003|RULE-001|RULE-015|SCORE-002|SCORE-003|SCORE-004|SCORE-005|SCORE-006|STATE-001|STATE-004|STATE-008|STATE-009|STATE-010|STATE-012,default.json + config.py + Task 19 parameter_registry.csv,逐座认知配置真实叶字段；组内联动约束同样适用。
GP-026,players[2].cognitive_parameters.GP-026.decision_weights.hand_value,seat_s2,0.25,number,认知结构体；最大候选数1—14；最小候选数1—最大候选数；搜索深度0—8层；注意力容量1—64项；满意停止阈值0—1；重新搜索阈值0—1；决策权重各为0—1且总和必须为1。,有限注意、搜索与思考节奏,ADVANCED,IMPLEMENTED,ALGO-001|ALGO-003|ALGO-004|ALGO-005|ALGO-006|ALGO-007|ALGO-008|ALGO-009|AUDIT-002|AUDIT-004|AUDIT-005|AUDIT-008|AUDIT-010|AUDIT-011|AUDIT-013|HEUR-001|HEUR-003|HEUR-004|HEUR-005|HEUR-015|HEUR-017|HEUR-018|HEUR-019|HEUR-020|HEUR-021|HEUR-022|HEUR-023|MODEL-001|MODEL-002|MODEL-003|RULE-001|RULE-015|SCORE-002|SCORE-003|SCORE-004|SCORE-005|SCORE-006|STATE-001|STATE-004|STATE-008|STATE-009|STATE-010|STATE-012,default.json + config.py + Task 19 parameter_registry.csv,逐座认知配置真实叶字段；组内联动约束同样适用。
GP-026,players[2].cognitive_parameters.GP-026.decision_weights.defense,seat_s2,0.25,number,认知结构体；最大候选数1—14；最小候选数1—最大候选数；搜索深度0—8层；注意力容量1—64项；满意停止阈值0—1；重新搜索阈值0—1；决策权重各为0—1且总和必须为1。,有限注意、搜索与思考节奏,ADVANCED,IMPLEMENTED,ALGO-001|ALGO-003|ALGO-004|ALGO-005|ALGO-006|ALGO-007|ALGO-008|ALGO-009|AUDIT-002|AUDIT-004|AUDIT-005|AUDIT-008|AUDIT-010|AUDIT-011|AUDIT-013|HEUR-001|HEUR-003|HEUR-004|HEUR-005|HEUR-015|HEUR-017|HEUR-018|HEUR-019|HEUR-020|HEUR-021|HEUR-022|HEUR-023|MODEL-001|MODEL-002|MODEL-003|RULE-001|RULE-015|SCORE-002|SCORE-003|SCORE-004|SCORE-005|SCORE-006|STATE-001|STATE-004|STATE-008|STATE-009|STATE-010|STATE-012,default.json + config.py + Task 19 parameter_registry.csv,逐座认知配置真实叶字段；组内联动约束同样适用。
GP-026,players[2].cognitive_parameters.GP-026.decision_weights.flexibility,seat_s2,0.15,number,认知结构体；最大候选数1—14；最小候选数1—最大候选数；搜索深度0—8层；注意力容量1—64项；满意停止阈值0—1；重新搜索阈值0—1；决策权重各为0—1且总和必须为1。,有限注意、搜索与思考节奏,ADVANCED,IMPLEMENTED,ALGO-001|ALGO-003|ALGO-004|ALGO-005|ALGO-006|ALGO-007|ALGO-008|ALGO-009|AUDIT-002|AUDIT-004|AUDIT-005|AUDIT-008|AUDIT-010|AUDIT-011|AUDIT-013|HEUR-001|HEUR-003|HEUR-004|HEUR-005|HEUR-015|HEUR-017|HEUR-018|HEUR-019|HEUR-020|HEUR-021|HEUR-022|HEUR-023|MODEL-001|MODEL-002|MODEL-003|RULE-001|RULE-015|SCORE-002|SCORE-003|SCORE-004|SCORE-005|SCORE-006|STATE-001|STATE-004|STATE-008|STATE-009|STATE-010|STATE-012,default.json + config.py + Task 19 parameter_registry.csv,逐座认知配置真实叶字段；组内联动约束同样适用。
GP-027,players[2].cognitive_parameters.GP-027.weights.round_score,seat_s2,0.35,number,"目标结构体；单局收益、整场收益、排名、风险和稳定性权重各为0—1且总和为1；目标名次1—4；领先或落后触发分差0—1,000,000,000。",比分、名次与整场效用,EDITABLE,IMPLEMENTED,ALGO-001|ALGO-003|ALGO-004|ALGO-005|ALGO-006|ALGO-007|ALGO-008|ALGO-009|AUDIT-002|AUDIT-004|AUDIT-005|AUDIT-008|AUDIT-010|AUDIT-011|AUDIT-013|HEUR-003|HEUR-004|HEUR-005|HEUR-008|HEUR-015|HEUR-019|HEUR-020|HEUR-021|HEUR-022|HEUR-023|MODEL-001|MODEL-002|MODEL-003|RULE-001|RULE-015|SCORE-002|SCORE-003|SCORE-004|SCORE-005|SCORE-006|STATE-001|STATE-004|STATE-008|STATE-009|STATE-010,default.json + config.py + Task 19 parameter_registry.csv,逐座认知配置真实叶字段；组内联动约束同样适用。
GP-027,players[2].cognitive_parameters.GP-027.weights.match_score,seat_s2,0.25,number,"目标结构体；单局收益、整场收益、排名、风险和稳定性权重各为0—1且总和为1；目标名次1—4；领先或落后触发分差0—1,000,000,000。",比分、名次与整场效用,EDITABLE,IMPLEMENTED,ALGO-001|ALGO-003|ALGO-004|ALGO-005|ALGO-006|ALGO-007|ALGO-008|ALGO-009|AUDIT-002|AUDIT-004|AUDIT-005|AUDIT-008|AUDIT-010|AUDIT-011|AUDIT-013|HEUR-003|HEUR-004|HEUR-005|HEUR-008|HEUR-015|HEUR-019|HEUR-020|HEUR-021|HEUR-022|HEUR-023|MODEL-001|MODEL-002|MODEL-003|RULE-001|RULE-015|SCORE-002|SCORE-003|SCORE-004|SCORE-005|SCORE-006|STATE-001|STATE-004|STATE-008|STATE-009|STATE-010,default.json + config.py + Task 19 parameter_registry.csv,逐座认知配置真实叶字段；组内联动约束同样适用。
GP-027,players[2].cognitive_parameters.GP-027.weights.rank,seat_s2,0.15,number,"目标结构体；单局收益、整场收益、排名、风险和稳定性权重各为0—1且总和为1；目标名次1—4；领先或落后触发分差0—1,000,000,000。",比分、名次与整场效用,EDITABLE,IMPLEMENTED,ALGO-001|ALGO-003|ALGO-004|ALGO-005|ALGO-006|ALGO-007|ALGO-008|ALGO-009|AUDIT-002|AUDIT-004|AUDIT-005|AUDIT-008|AUDIT-010|AUDIT-011|AUDIT-013|HEUR-003|HEUR-004|HEUR-005|HEUR-008|HEUR-015|HEUR-019|HEUR-020|HEUR-021|HEUR-022|HEUR-023|MODEL-001|MODEL-002|MODEL-003|RULE-001|RULE-015|SCORE-002|SCORE-003|SCORE-004|SCORE-005|SCORE-006|STATE-001|STATE-004|STATE-008|STATE-009|STATE-010,default.json + config.py + Task 19 parameter_registry.csv,逐座认知配置真实叶字段；组内联动约束同样适用。
GP-027,players[2].cognitive_parameters.GP-027.weights.risk,seat_s2,0.15,number,"目标结构体；单局收益、整场收益、排名、风险和稳定性权重各为0—1且总和为1；目标名次1—4；领先或落后触发分差0—1,000,000,000。",比分、名次与整场效用,EDITABLE,IMPLEMENTED,ALGO-001|ALGO-003|ALGO-004|ALGO-005|ALGO-006|ALGO-007|ALGO-008|ALGO-009|AUDIT-002|AUDIT-004|AUDIT-005|AUDIT-008|AUDIT-010|AUDIT-011|AUDIT-013|HEUR-003|HEUR-004|HEUR-005|HEUR-008|HEUR-015|HEUR-019|HEUR-020|HEUR-021|HEUR-022|HEUR-023|MODEL-001|MODEL-002|MODEL-003|RULE-001|RULE-015|SCORE-002|SCORE-003|SCORE-004|SCORE-005|SCORE-006|STATE-001|STATE-004|STATE-008|STATE-009|STATE-010,default.json + config.py + Task 19 parameter_registry.csv,逐座认知配置真实叶字段；组内联动约束同样适用。
GP-027,players[2].cognitive_parameters.GP-027.weights.stability,seat_s2,0.1,number,"目标结构体；单局收益、整场收益、排名、风险和稳定性权重各为0—1且总和为1；目标名次1—4；领先或落后触发分差0—1,000,000,000。",比分、名次与整场效用,EDITABLE,IMPLEMENTED,ALGO-001|ALGO-003|ALGO-004|ALGO-005|ALGO-006|ALGO-007|ALGO-008|ALGO-009|AUDIT-002|AUDIT-004|AUDIT-005|AUDIT-008|AUDIT-010|AUDIT-011|AUDIT-013|HEUR-003|HEUR-004|HEUR-005|HEUR-008|HEUR-015|HEUR-019|HEUR-020|HEUR-021|HEUR-022|HEUR-023|MODEL-001|MODEL-002|MODEL-003|RULE-001|RULE-015|SCORE-002|SCORE-003|SCORE-004|SCORE-005|SCORE-006|STATE-001|STATE-004|STATE-008|STATE-009|STATE-010,default.json + config.py + Task 19 parameter_registry.csv,逐座认知配置真实叶字段；组内联动约束同样适用。
GP-027,players[2].cognitive_parameters.GP-027.target_rank,seat_s2,1,integer,"目标结构体；单局收益、整场收益、排名、风险和稳定性权重各为0—1且总和为1；目标名次1—4；领先或落后触发分差0—1,000,000,000。",比分、名次与整场效用,EDITABLE,IMPLEMENTED,ALGO-001|ALGO-003|ALGO-004|ALGO-005|ALGO-006|ALGO-007|ALGO-008|ALGO-009|AUDIT-002|AUDIT-004|AUDIT-005|AUDIT-008|AUDIT-010|AUDIT-011|AUDIT-013|HEUR-003|HEUR-004|HEUR-005|HEUR-008|HEUR-015|HEUR-019|HEUR-020|HEUR-021|HEUR-022|HEUR-023|MODEL-001|MODEL-002|MODEL-003|RULE-001|RULE-015|SCORE-002|SCORE-003|SCORE-004|SCORE-005|SCORE-006|STATE-001|STATE-004|STATE-008|STATE-009|STATE-010,default.json + config.py + Task 19 parameter_registry.csv,逐座认知配置真实叶字段；组内联动约束同样适用。
GP-027,players[2].cognitive_parameters.GP-027.lead_gap,seat_s2,16,integer,"目标结构体；单局收益、整场收益、排名、风险和稳定性权重各为0—1且总和为1；目标名次1—4；领先或落后触发分差0—1,000,000,000。",比分、名次与整场效用,EDITABLE,IMPLEMENTED,ALGO-001|ALGO-003|ALGO-004|ALGO-005|ALGO-006|ALGO-007|ALGO-008|ALGO-009|AUDIT-002|AUDIT-004|AUDIT-005|AUDIT-008|AUDIT-010|AUDIT-011|AUDIT-013|HEUR-003|HEUR-004|HEUR-005|HEUR-008|HEUR-015|HEUR-019|HEUR-020|HEUR-021|HEUR-022|HEUR-023|MODEL-001|MODEL-002|MODEL-003|RULE-001|RULE-015|SCORE-002|SCORE-003|SCORE-004|SCORE-005|SCORE-006|STATE-001|STATE-004|STATE-008|STATE-009|STATE-010,default.json + config.py + Task 19 parameter_registry.csv,逐座认知配置真实叶字段；组内联动约束同样适用。
GP-027,players[2].cognitive_parameters.GP-027.trail_gap,seat_s2,16,integer,"目标结构体；单局收益、整场收益、排名、风险和稳定性权重各为0—1且总和为1；目标名次1—4；领先或落后触发分差0—1,000,000,000。",比分、名次与整场效用,EDITABLE,IMPLEMENTED,ALGO-001|ALGO-003|ALGO-004|ALGO-005|ALGO-006|ALGO-007|ALGO-008|ALGO-009|AUDIT-002|AUDIT-004|AUDIT-005|AUDIT-008|AUDIT-010|AUDIT-011|AUDIT-013|HEUR-003|HEUR-004|HEUR-005|HEUR-008|HEUR-015|HEUR-019|HEUR-020|HEUR-021|HEUR-022|HEUR-023|MODEL-001|MODEL-002|MODEL-003|RULE-001|RULE-015|SCORE-002|SCORE-003|SCORE-004|SCORE-005|SCORE-006|STATE-001|STATE-004|STATE-008|STATE-009|STATE-010,default.json + config.py + Task 19 parameter_registry.csv,逐座认知配置真实叶字段；组内联动约束同样适用。
GP-023,players[3].profile.name,seat_s3,"""normal_balanced_3""",string,非空字符串,玩家初始化与人格策略,EDITABLE,IMPLEMENTED,ALGO-001|ALGO-003|ALGO-004|ALGO-005|ALGO-006|ALGO-007|ALGO-008|ALGO-009|AUDIT-002|AUDIT-004|AUDIT-005|AUDIT-008|AUDIT-010|AUDIT-011|AUDIT-013|HEUR-001|HEUR-003|HEUR-004|HEUR-005|HEUR-012|HEUR-015|HEUR-019|HEUR-020|HEUR-021|HEUR-022|HEUR-023|MODEL-001|MODEL-002|MODEL-003|RULE-001|RULE-007|RULE-015|SCORE-002|SCORE-003|SCORE-004|SCORE-005|SCORE-006|STATE-001|STATE-004|STATE-008|STATE-009|STATE-010,default.json + PlayerProfile.from_dict,逐座 AI 基础档案字段。
GP-023,players[3].profile.level,seat_s3,"""normal""",string,novice | normal | skilled | expert,玩家初始化与人格策略,EDITABLE,IMPLEMENTED,ALGO-001|ALGO-003|ALGO-004|ALGO-005|ALGO-006|ALGO-007|ALGO-008|ALGO-009|AUDIT-002|AUDIT-004|AUDIT-005|AUDIT-008|AUDIT-010|AUDIT-011|AUDIT-013|HEUR-001|HEUR-003|HEUR-004|HEUR-005|HEUR-012|HEUR-015|HEUR-019|HEUR-020|HEUR-021|HEUR-022|HEUR-023|MODEL-001|MODEL-002|MODEL-003|RULE-001|RULE-007|RULE-015|SCORE-002|SCORE-003|SCORE-004|SCORE-005|SCORE-006|STATE-001|STATE-004|STATE-008|STATE-009|STATE-010,default.json + PlayerProfile.from_dict,逐座 AI 基础档案字段。
GP-023,players[3].profile.style,seat_s3,"""balanced""",string,conservative | balanced | aggressive,玩家初始化与人格策略,EDITABLE,IMPLEMENTED,ALGO-001|ALGO-003|ALGO-004|ALGO-005|ALGO-006|ALGO-007|ALGO-008|ALGO-009|AUDIT-002|AUDIT-004|AUDIT-005|AUDIT-008|AUDIT-010|AUDIT-011|AUDIT-013|HEUR-001|HEUR-003|HEUR-004|HEUR-005|HEUR-012|HEUR-015|HEUR-019|HEUR-020|HEUR-021|HEUR-022|HEUR-023|MODEL-001|MODEL-002|MODEL-003|RULE-001|RULE-007|RULE-015|SCORE-002|SCORE-003|SCORE-004|SCORE-005|SCORE-006|STATE-001|STATE-004|STATE-008|STATE-009|STATE-010,default.json + PlayerProfile.from_dict,逐座 AI 基础档案字段。
GP-023,players[3].profile.peng_preference,seat_s3,0.5,number,0..1,玩家初始化与人格策略,EDITABLE,IMPLEMENTED,ALGO-001|ALGO-003|ALGO-004|ALGO-005|ALGO-006|ALGO-007|ALGO-008|ALGO-009|AUDIT-002|AUDIT-004|AUDIT-005|AUDIT-008|AUDIT-010|AUDIT-011|AUDIT-013|HEUR-001|HEUR-003|HEUR-004|HEUR-005|HEUR-012|HEUR-015|HEUR-019|HEUR-020|HEUR-021|HEUR-022|HEUR-023|MODEL-001|MODEL-002|MODEL-003|RULE-001|RULE-007|RULE-015|SCORE-002|SCORE-003|SCORE-004|SCORE-005|SCORE-006|STATE-001|STATE-004|STATE-008|STATE-009|STATE-010,default.json + PlayerProfile.from_dict,逐座 AI 基础档案字段。
GP-023,players[3].profile.gang_preference,seat_s3,0.5,number,0..1,玩家初始化与人格策略,EDITABLE,IMPLEMENTED,ALGO-001|ALGO-003|ALGO-004|ALGO-005|ALGO-006|ALGO-007|ALGO-008|ALGO-009|AUDIT-002|AUDIT-004|AUDIT-005|AUDIT-008|AUDIT-010|AUDIT-011|AUDIT-013|HEUR-001|HEUR-003|HEUR-004|HEUR-005|HEUR-012|HEUR-015|HEUR-019|HEUR-020|HEUR-021|HEUR-022|HEUR-023|MODEL-001|MODEL-002|MODEL-003|RULE-001|RULE-007|RULE-015|SCORE-002|SCORE-003|SCORE-004|SCORE-005|SCORE-006|STATE-001|STATE-004|STATE-008|STATE-009|STATE-010,default.json + PlayerProfile.from_dict,逐座 AI 基础档案字段。
GP-023,players[3].profile.big_hand_preference,seat_s3,0.45,number,0..1,玩家初始化与人格策略,EDITABLE,IMPLEMENTED,ALGO-001|ALGO-003|ALGO-004|ALGO-005|ALGO-006|ALGO-007|ALGO-008|ALGO-009|AUDIT-002|AUDIT-004|AUDIT-005|AUDIT-008|AUDIT-010|AUDIT-011|AUDIT-013|HEUR-001|HEUR-003|HEUR-004|HEUR-005|HEUR-012|HEUR-015|HEUR-019|HEUR-020|HEUR-021|HEUR-022|HEUR-023|MODEL-001|MODEL-002|MODEL-003|RULE-001|RULE-007|RULE-015|SCORE-002|SCORE-003|SCORE-004|SCORE-005|SCORE-006|STATE-001|STATE-004|STATE-008|STATE-009|STATE-010,default.json + PlayerProfile.from_dict,逐座 AI 基础档案字段。
GP-023,players[3].profile.defense_awareness,seat_s3,0.55,number,0..1,玩家初始化与人格策略,EDITABLE,IMPLEMENTED,ALGO-001|ALGO-003|ALGO-004|ALGO-005|ALGO-006|ALGO-007|ALGO-008|ALGO-009|AUDIT-002|AUDIT-004|AUDIT-005|AUDIT-008|AUDIT-010|AUDIT-011|AUDIT-013|HEUR-001|HEUR-003|HEUR-004|HEUR-005|HEUR-012|HEUR-015|HEUR-019|HEUR-020|HEUR-021|HEUR-022|HEUR-023|MODEL-001|MODEL-002|MODEL-003|RULE-001|RULE-007|RULE-015|SCORE-002|SCORE-003|SCORE-004|SCORE-005|SCORE-006|STATE-001|STATE-004|STATE-008|STATE-009|STATE-010,default.json + PlayerProfile.from_dict,逐座 AI 基础档案字段。
GP-023,players[3].profile.plan_persistence,seat_s3,0.55,number,0..1,玩家初始化与人格策略,EDITABLE,IMPLEMENTED,ALGO-001|ALGO-003|ALGO-004|ALGO-005|ALGO-006|ALGO-007|ALGO-008|ALGO-009|AUDIT-002|AUDIT-004|AUDIT-005|AUDIT-008|AUDIT-010|AUDIT-011|AUDIT-013|HEUR-001|HEUR-003|HEUR-004|HEUR-005|HEUR-012|HEUR-015|HEUR-019|HEUR-020|HEUR-021|HEUR-022|HEUR-023|MODEL-001|MODEL-002|MODEL-003|RULE-001|RULE-007|RULE-015|SCORE-002|SCORE-003|SCORE-004|SCORE-005|SCORE-006|STATE-001|STATE-004|STATE-008|STATE-009|STATE-010,default.json + PlayerProfile.from_dict,逐座 AI 基础档案字段。
GP-023,players[3].profile.thinking_speed,seat_s3,0.55,number,0..1,玩家初始化与人格策略,EDITABLE,IMPLEMENTED,ALGO-001|ALGO-003|ALGO-004|ALGO-005|ALGO-006|ALGO-007|ALGO-008|ALGO-009|AUDIT-002|AUDIT-004|AUDIT-005|AUDIT-008|AUDIT-010|AUDIT-011|AUDIT-013|HEUR-001|HEUR-003|HEUR-004|HEUR-005|HEUR-012|HEUR-015|HEUR-019|HEUR-020|HEUR-021|HEUR-022|HEUR-023|MODEL-001|MODEL-002|MODEL-003|RULE-001|RULE-007|RULE-015|SCORE-002|SCORE-003|SCORE-004|SCORE-005|SCORE-006|STATE-001|STATE-004|STATE-008|STATE-009|STATE-010,default.json + PlayerProfile.from_dict,逐座 AI 基础档案字段。
GP-024,players[3].cognitive_parameters.GP-024.initial_strength,seat_s3,0.65,number,记忆结构体；初始记忆强度0—1；遗忘率0—1；事件显著度0—1；跨局历史长度0—10000局；隐藏信息学习开关固定为`false`。,认知记忆与跨局学习,EDITABLE,IMPLEMENTED,ALGO-001|ALGO-003|ALGO-004|ALGO-005|ALGO-006|ALGO-007|ALGO-008|ALGO-009|AUDIT-002|AUDIT-004|AUDIT-005|AUDIT-008|AUDIT-010|AUDIT-011|AUDIT-013|HEUR-001|HEUR-003|HEUR-004|HEUR-005|HEUR-015|HEUR-017|HEUR-018|HEUR-019|HEUR-020|HEUR-021|HEUR-022|HEUR-023|MODEL-001|MODEL-002|MODEL-003|RULE-001|RULE-015|SCORE-002|SCORE-003|SCORE-004|SCORE-005|SCORE-006|STATE-001|STATE-004|STATE-008|STATE-009|STATE-010|STATE-012,default.json + config.py + Task 19 parameter_registry.csv,逐座认知配置真实叶字段；组内联动约束同样适用。
GP-024,players[3].cognitive_parameters.GP-024.forget_rate,seat_s3,0.12,number,记忆结构体；初始记忆强度0—1；遗忘率0—1；事件显著度0—1；跨局历史长度0—10000局；隐藏信息学习开关固定为`false`。,认知记忆与跨局学习,EDITABLE,IMPLEMENTED,ALGO-001|ALGO-003|ALGO-004|ALGO-005|ALGO-006|ALGO-007|ALGO-008|ALGO-009|AUDIT-002|AUDIT-004|AUDIT-005|AUDIT-008|AUDIT-010|AUDIT-011|AUDIT-013|HEUR-001|HEUR-003|HEUR-004|HEUR-005|HEUR-015|HEUR-017|HEUR-018|HEUR-019|HEUR-020|HEUR-021|HEUR-022|HEUR-023|MODEL-001|MODEL-002|MODEL-003|RULE-001|RULE-015|SCORE-002|SCORE-003|SCORE-004|SCORE-005|SCORE-006|STATE-001|STATE-004|STATE-008|STATE-009|STATE-010|STATE-012,default.json + config.py + Task 19 parameter_registry.csv,逐座认知配置真实叶字段；组内联动约束同样适用。
GP-024,players[3].cognitive_parameters.GP-024.salience_boost,seat_s3,0.35,number,记忆结构体；初始记忆强度0—1；遗忘率0—1；事件显著度0—1；跨局历史长度0—10000局；隐藏信息学习开关固定为`false`。,认知记忆与跨局学习,EDITABLE,IMPLEMENTED,ALGO-001|ALGO-003|ALGO-004|ALGO-005|ALGO-006|ALGO-007|ALGO-008|ALGO-009|AUDIT-002|AUDIT-004|AUDIT-005|AUDIT-008|AUDIT-010|AUDIT-011|AUDIT-013|HEUR-001|HEUR-003|HEUR-004|HEUR-005|HEUR-015|HEUR-017|HEUR-018|HEUR-019|HEUR-020|HEUR-021|HEUR-022|HEUR-023|MODEL-001|MODEL-002|MODEL-003|RULE-001|RULE-015|SCORE-002|SCORE-003|SCORE-004|SCORE-005|SCORE-006|STATE-001|STATE-004|STATE-008|STATE-009|STATE-010|STATE-012,default.json + config.py + Task 19 parameter_registry.csv,逐座认知配置真实叶字段；组内联动约束同样适用。
GP-024,players[3].cognitive_parameters.GP-024.cross_round_history,seat_s3,8,integer,记忆结构体；初始记忆强度0—1；遗忘率0—1；事件显著度0—1；跨局历史长度0—10000局；隐藏信息学习开关固定为`false`。,认知记忆与跨局学习,EDITABLE,IMPLEMENTED,ALGO-001|ALGO-003|ALGO-004|ALGO-005|ALGO-006|ALGO-007|ALGO-008|ALGO-009|AUDIT-002|AUDIT-004|AUDIT-005|AUDIT-008|AUDIT-010|AUDIT-011|AUDIT-013|HEUR-001|HEUR-003|HEUR-004|HEUR-005|HEUR-015|HEUR-017|HEUR-018|HEUR-019|HEUR-020|HEUR-021|HEUR-022|HEUR-023|MODEL-001|MODEL-002|MODEL-003|RULE-001|RULE-015|SCORE-002|SCORE-003|SCORE-004|SCORE-005|SCORE-006|STATE-001|STATE-004|STATE-008|STATE-009|STATE-010|STATE-012,default.json + config.py + Task 19 parameter_registry.csv,逐座认知配置真实叶字段；组内联动约束同样适用。
GP-024,players[3].cognitive_parameters.GP-024.learn_hidden_information,seat_s3,false,boolean,记忆结构体；初始记忆强度0—1；遗忘率0—1；事件显著度0—1；跨局历史长度0—10000局；隐藏信息学习开关固定为`false`。,认知记忆与跨局学习,READ_ONLY,IMPLEMENTED,ALGO-001|ALGO-003|ALGO-004|ALGO-005|ALGO-006|ALGO-007|ALGO-008|ALGO-009|AUDIT-002|AUDIT-004|AUDIT-005|AUDIT-008|AUDIT-010|AUDIT-011|AUDIT-013|HEUR-001|HEUR-003|HEUR-004|HEUR-005|HEUR-015|HEUR-017|HEUR-018|HEUR-019|HEUR-020|HEUR-021|HEUR-022|HEUR-023|MODEL-001|MODEL-002|MODEL-003|RULE-001|RULE-015|SCORE-002|SCORE-003|SCORE-004|SCORE-005|SCORE-006|STATE-001|STATE-004|STATE-008|STATE-009|STATE-010|STATE-012,default.json + config.py + Task 19 parameter_registry.csv,逐座认知配置真实叶字段；组内联动约束同样适用。
GP-025,players[3].cognitive_parameters.GP-025.emotional_stability,seat_s3,0.7,number,人类化结构体；情绪稳定度、习惯强度、失误概率上限、近似随机强度均为0—1；随机种子为0—\(2^{64}-1\)的整数；相同种子和相同输入必须可复现。,候选评价与人类化选择,EDITABLE,IMPLEMENTED,ALGO-001|ALGO-003|ALGO-004|ALGO-005|ALGO-006|ALGO-007|ALGO-008|ALGO-009|AUDIT-002|AUDIT-004|AUDIT-005|AUDIT-008|AUDIT-010|AUDIT-011|AUDIT-013|HEUR-001|HEUR-003|HEUR-004|HEUR-005|HEUR-015|HEUR-017|HEUR-018|HEUR-019|HEUR-020|HEUR-021|HEUR-022|HEUR-023|MODEL-001|MODEL-002|MODEL-003|RULE-001|RULE-015|SCORE-002|SCORE-003|SCORE-004|SCORE-005|SCORE-006|STATE-001|STATE-004|STATE-008|STATE-009|STATE-010|STATE-012,default.json + config.py + Task 19 parameter_registry.csv,逐座认知配置真实叶字段；组内联动约束同样适用。
GP-025,players[3].cognitive_parameters.GP-025.habit_strength,seat_s3,0.55,number,人类化结构体；情绪稳定度、习惯强度、失误概率上限、近似随机强度均为0—1；随机种子为0—\(2^{64}-1\)的整数；相同种子和相同输入必须可复现。,候选评价与人类化选择,EDITABLE,IMPLEMENTED,ALGO-001|ALGO-003|ALGO-004|ALGO-005|ALGO-006|ALGO-007|ALGO-008|ALGO-009|AUDIT-002|AUDIT-004|AUDIT-005|AUDIT-008|AUDIT-010|AUDIT-011|AUDIT-013|HEUR-001|HEUR-003|HEUR-004|HEUR-005|HEUR-015|HEUR-017|HEUR-018|HEUR-019|HEUR-020|HEUR-021|HEUR-022|HEUR-023|MODEL-001|MODEL-002|MODEL-003|RULE-001|RULE-015|SCORE-002|SCORE-003|SCORE-004|SCORE-005|SCORE-006|STATE-001|STATE-004|STATE-008|STATE-009|STATE-010|STATE-012,default.json + config.py + Task 19 parameter_registry.csv,逐座认知配置真实叶字段；组内联动约束同样适用。
GP-025,players[3].cognitive_parameters.GP-025.max_error_probability,seat_s3,0.04,number,人类化结构体；情绪稳定度、习惯强度、失误概率上限、近似随机强度均为0—1；随机种子为0—\(2^{64}-1\)的整数；相同种子和相同输入必须可复现。,候选评价与人类化选择,EDITABLE,IMPLEMENTED,ALGO-001|ALGO-003|ALGO-004|ALGO-005|ALGO-006|ALGO-007|ALGO-008|ALGO-009|AUDIT-002|AUDIT-004|AUDIT-005|AUDIT-008|AUDIT-010|AUDIT-011|AUDIT-013|HEUR-001|HEUR-003|HEUR-004|HEUR-005|HEUR-015|HEUR-017|HEUR-018|HEUR-019|HEUR-020|HEUR-021|HEUR-022|HEUR-023|MODEL-001|MODEL-002|MODEL-003|RULE-001|RULE-015|SCORE-002|SCORE-003|SCORE-004|SCORE-005|SCORE-006|STATE-001|STATE-004|STATE-008|STATE-009|STATE-010|STATE-012,default.json + config.py + Task 19 parameter_registry.csv,逐座认知配置真实叶字段；组内联动约束同样适用。
GP-025,players[3].cognitive_parameters.GP-025.near_equal_randomness,seat_s3,0.08,number,人类化结构体；情绪稳定度、习惯强度、失误概率上限、近似随机强度均为0—1；随机种子为0—\(2^{64}-1\)的整数；相同种子和相同输入必须可复现。,候选评价与人类化选择,EDITABLE,IMPLEMENTED,ALGO-001|ALGO-003|ALGO-004|ALGO-005|ALGO-006|ALGO-007|ALGO-008|ALGO-009|AUDIT-002|AUDIT-004|AUDIT-005|AUDIT-008|AUDIT-010|AUDIT-011|AUDIT-013|HEUR-001|HEUR-003|HEUR-004|HEUR-005|HEUR-015|HEUR-017|HEUR-018|HEUR-019|HEUR-020|HEUR-021|HEUR-022|HEUR-023|MODEL-001|MODEL-002|MODEL-003|RULE-001|RULE-015|SCORE-002|SCORE-003|SCORE-004|SCORE-005|SCORE-006|STATE-001|STATE-004|STATE-008|STATE-009|STATE-010|STATE-012,default.json + config.py + Task 19 parameter_registry.csv,逐座认知配置真实叶字段；组内联动约束同样适用。
GP-025,players[3].cognitive_parameters.GP-025.random_seed,seat_s3,3,integer,人类化结构体；情绪稳定度、习惯强度、失误概率上限、近似随机强度均为0—1；随机种子为0—\(2^{64}-1\)的整数；相同种子和相同输入必须可复现。,候选评价与人类化选择,EDITABLE,IMPLEMENTED,ALGO-001|ALGO-003|ALGO-004|ALGO-005|ALGO-006|ALGO-007|ALGO-008|ALGO-009|AUDIT-002|AUDIT-004|AUDIT-005|AUDIT-008|AUDIT-010|AUDIT-011|AUDIT-013|HEUR-001|HEUR-003|HEUR-004|HEUR-005|HEUR-015|HEUR-017|HEUR-018|HEUR-019|HEUR-020|HEUR-021|HEUR-022|HEUR-023|MODEL-001|MODEL-002|MODEL-003|RULE-001|RULE-015|SCORE-002|SCORE-003|SCORE-004|SCORE-005|SCORE-006|STATE-001|STATE-004|STATE-008|STATE-009|STATE-010|STATE-012,default.json + config.py + Task 19 parameter_registry.csv,逐座认知配置真实叶字段；组内联动约束同样适用。
GP-026,players[3].cognitive_parameters.GP-026.min_candidates,seat_s3,3,integer,认知结构体；最大候选数1—14；最小候选数1—最大候选数；搜索深度0—8层；注意力容量1—64项；满意停止阈值0—1；重新搜索阈值0—1；决策权重各为0—1且总和必须为1。,有限注意、搜索与思考节奏,ADVANCED,IMPLEMENTED,ALGO-001|ALGO-003|ALGO-004|ALGO-005|ALGO-006|ALGO-007|ALGO-008|ALGO-009|AUDIT-002|AUDIT-004|AUDIT-005|AUDIT-008|AUDIT-010|AUDIT-011|AUDIT-013|HEUR-001|HEUR-003|HEUR-004|HEUR-005|HEUR-015|HEUR-017|HEUR-018|HEUR-019|HEUR-020|HEUR-021|HEUR-022|HEUR-023|MODEL-001|MODEL-002|MODEL-003|RULE-001|RULE-015|SCORE-002|SCORE-003|SCORE-004|SCORE-005|SCORE-006|STATE-001|STATE-004|STATE-008|STATE-009|STATE-010|STATE-012,default.json + config.py + Task 19 parameter_registry.csv,逐座认知配置真实叶字段；组内联动约束同样适用。
GP-026,players[3].cognitive_parameters.GP-026.max_candidates,seat_s3,8,integer,认知结构体；最大候选数1—14；最小候选数1—最大候选数；搜索深度0—8层；注意力容量1—64项；满意停止阈值0—1；重新搜索阈值0—1；决策权重各为0—1且总和必须为1。,有限注意、搜索与思考节奏,ADVANCED,IMPLEMENTED,ALGO-001|ALGO-003|ALGO-004|ALGO-005|ALGO-006|ALGO-007|ALGO-008|ALGO-009|AUDIT-002|AUDIT-004|AUDIT-005|AUDIT-008|AUDIT-010|AUDIT-011|AUDIT-013|HEUR-001|HEUR-003|HEUR-004|HEUR-005|HEUR-015|HEUR-017|HEUR-018|HEUR-019|HEUR-020|HEUR-021|HEUR-022|HEUR-023|MODEL-001|MODEL-002|MODEL-003|RULE-001|RULE-015|SCORE-002|SCORE-003|SCORE-004|SCORE-005|SCORE-006|STATE-001|STATE-004|STATE-008|STATE-009|STATE-010|STATE-012,default.json + config.py + Task 19 parameter_registry.csv,逐座认知配置真实叶字段；组内联动约束同样适用。
GP-026,players[3].cognitive_parameters.GP-026.search_depth,seat_s3,2,integer,认知结构体；最大候选数1—14；最小候选数1—最大候选数；搜索深度0—8层；注意力容量1—64项；满意停止阈值0—1；重新搜索阈值0—1；决策权重各为0—1且总和必须为1。,有限注意、搜索与思考节奏,ADVANCED,IMPLEMENTED,ALGO-001|ALGO-003|ALGO-004|ALGO-005|ALGO-006|ALGO-007|ALGO-008|ALGO-009|AUDIT-002|AUDIT-004|AUDIT-005|AUDIT-008|AUDIT-010|AUDIT-011|AUDIT-013|HEUR-001|HEUR-003|HEUR-004|HEUR-005|HEUR-015|HEUR-017|HEUR-018|HEUR-019|HEUR-020|HEUR-021|HEUR-022|HEUR-023|MODEL-001|MODEL-002|MODEL-003|RULE-001|RULE-015|SCORE-002|SCORE-003|SCORE-004|SCORE-005|SCORE-006|STATE-001|STATE-004|STATE-008|STATE-009|STATE-010|STATE-012,default.json + config.py + Task 19 parameter_registry.csv,逐座认知配置真实叶字段；组内联动约束同样适用。
GP-026,players[3].cognitive_parameters.GP-026.attention_capacity,seat_s3,12,integer,认知结构体；最大候选数1—14；最小候选数1—最大候选数；搜索深度0—8层；注意力容量1—64项；满意停止阈值0—1；重新搜索阈值0—1；决策权重各为0—1且总和必须为1。,有限注意、搜索与思考节奏,ADVANCED,IMPLEMENTED,ALGO-001|ALGO-003|ALGO-004|ALGO-005|ALGO-006|ALGO-007|ALGO-008|ALGO-009|AUDIT-002|AUDIT-004|AUDIT-005|AUDIT-008|AUDIT-010|AUDIT-011|AUDIT-013|HEUR-001|HEUR-003|HEUR-004|HEUR-005|HEUR-015|HEUR-017|HEUR-018|HEUR-019|HEUR-020|HEUR-021|HEUR-022|HEUR-023|MODEL-001|MODEL-002|MODEL-003|RULE-001|RULE-015|SCORE-002|SCORE-003|SCORE-004|SCORE-005|SCORE-006|STATE-001|STATE-004|STATE-008|STATE-009|STATE-010|STATE-012,default.json + config.py + Task 19 parameter_registry.csv,逐座认知配置真实叶字段；组内联动约束同样适用。
GP-026,players[3].cognitive_parameters.GP-026.satisfaction_threshold,seat_s3,0.72,number,认知结构体；最大候选数1—14；最小候选数1—最大候选数；搜索深度0—8层；注意力容量1—64项；满意停止阈值0—1；重新搜索阈值0—1；决策权重各为0—1且总和必须为1。,有限注意、搜索与思考节奏,ADVANCED,IMPLEMENTED,ALGO-001|ALGO-003|ALGO-004|ALGO-005|ALGO-006|ALGO-007|ALGO-008|ALGO-009|AUDIT-002|AUDIT-004|AUDIT-005|AUDIT-008|AUDIT-010|AUDIT-011|AUDIT-013|HEUR-001|HEUR-003|HEUR-004|HEUR-005|HEUR-015|HEUR-017|HEUR-018|HEUR-019|HEUR-020|HEUR-021|HEUR-022|HEUR-023|MODEL-001|MODEL-002|MODEL-003|RULE-001|RULE-015|SCORE-002|SCORE-003|SCORE-004|SCORE-005|SCORE-006|STATE-001|STATE-004|STATE-008|STATE-009|STATE-010|STATE-012,default.json + config.py + Task 19 parameter_registry.csv,逐座认知配置真实叶字段；组内联动约束同样适用。
GP-026,players[3].cognitive_parameters.GP-026.research_threshold,seat_s3,0.35,number,认知结构体；最大候选数1—14；最小候选数1—最大候选数；搜索深度0—8层；注意力容量1—64项；满意停止阈值0—1；重新搜索阈值0—1；决策权重各为0—1且总和必须为1。,有限注意、搜索与思考节奏,ADVANCED,IMPLEMENTED,ALGO-001|ALGO-003|ALGO-004|ALGO-005|ALGO-006|ALGO-007|ALGO-008|ALGO-009|AUDIT-002|AUDIT-004|AUDIT-005|AUDIT-008|AUDIT-010|AUDIT-011|AUDIT-013|HEUR-001|HEUR-003|HEUR-004|HEUR-005|HEUR-015|HEUR-017|HEUR-018|HEUR-019|HEUR-020|HEUR-021|HEUR-022|HEUR-023|MODEL-001|MODEL-002|MODEL-003|RULE-001|RULE-015|SCORE-002|SCORE-003|SCORE-004|SCORE-005|SCORE-006|STATE-001|STATE-004|STATE-008|STATE-009|STATE-010|STATE-012,default.json + config.py + Task 19 parameter_registry.csv,逐座认知配置真实叶字段；组内联动约束同样适用。
GP-026,players[3].cognitive_parameters.GP-026.decision_weights.speed,seat_s3,0.35,number,认知结构体；最大候选数1—14；最小候选数1—最大候选数；搜索深度0—8层；注意力容量1—64项；满意停止阈值0—1；重新搜索阈值0—1；决策权重各为0—1且总和必须为1。,有限注意、搜索与思考节奏,ADVANCED,IMPLEMENTED,ALGO-001|ALGO-003|ALGO-004|ALGO-005|ALGO-006|ALGO-007|ALGO-008|ALGO-009|AUDIT-002|AUDIT-004|AUDIT-005|AUDIT-008|AUDIT-010|AUDIT-011|AUDIT-013|HEUR-001|HEUR-003|HEUR-004|HEUR-005|HEUR-015|HEUR-017|HEUR-018|HEUR-019|HEUR-020|HEUR-021|HEUR-022|HEUR-023|MODEL-001|MODEL-002|MODEL-003|RULE-001|RULE-015|SCORE-002|SCORE-003|SCORE-004|SCORE-005|SCORE-006|STATE-001|STATE-004|STATE-008|STATE-009|STATE-010|STATE-012,default.json + config.py + Task 19 parameter_registry.csv,逐座认知配置真实叶字段；组内联动约束同样适用。
GP-026,players[3].cognitive_parameters.GP-026.decision_weights.hand_value,seat_s3,0.25,number,认知结构体；最大候选数1—14；最小候选数1—最大候选数；搜索深度0—8层；注意力容量1—64项；满意停止阈值0—1；重新搜索阈值0—1；决策权重各为0—1且总和必须为1。,有限注意、搜索与思考节奏,ADVANCED,IMPLEMENTED,ALGO-001|ALGO-003|ALGO-004|ALGO-005|ALGO-006|ALGO-007|ALGO-008|ALGO-009|AUDIT-002|AUDIT-004|AUDIT-005|AUDIT-008|AUDIT-010|AUDIT-011|AUDIT-013|HEUR-001|HEUR-003|HEUR-004|HEUR-005|HEUR-015|HEUR-017|HEUR-018|HEUR-019|HEUR-020|HEUR-021|HEUR-022|HEUR-023|MODEL-001|MODEL-002|MODEL-003|RULE-001|RULE-015|SCORE-002|SCORE-003|SCORE-004|SCORE-005|SCORE-006|STATE-001|STATE-004|STATE-008|STATE-009|STATE-010|STATE-012,default.json + config.py + Task 19 parameter_registry.csv,逐座认知配置真实叶字段；组内联动约束同样适用。
GP-026,players[3].cognitive_parameters.GP-026.decision_weights.defense,seat_s3,0.25,number,认知结构体；最大候选数1—14；最小候选数1—最大候选数；搜索深度0—8层；注意力容量1—64项；满意停止阈值0—1；重新搜索阈值0—1；决策权重各为0—1且总和必须为1。,有限注意、搜索与思考节奏,ADVANCED,IMPLEMENTED,ALGO-001|ALGO-003|ALGO-004|ALGO-005|ALGO-006|ALGO-007|ALGO-008|ALGO-009|AUDIT-002|AUDIT-004|AUDIT-005|AUDIT-008|AUDIT-010|AUDIT-011|AUDIT-013|HEUR-001|HEUR-003|HEUR-004|HEUR-005|HEUR-015|HEUR-017|HEUR-018|HEUR-019|HEUR-020|HEUR-021|HEUR-022|HEUR-023|MODEL-001|MODEL-002|MODEL-003|RULE-001|RULE-015|SCORE-002|SCORE-003|SCORE-004|SCORE-005|SCORE-006|STATE-001|STATE-004|STATE-008|STATE-009|STATE-010|STATE-012,default.json + config.py + Task 19 parameter_registry.csv,逐座认知配置真实叶字段；组内联动约束同样适用。
GP-026,players[3].cognitive_parameters.GP-026.decision_weights.flexibility,seat_s3,0.15,number,认知结构体；最大候选数1—14；最小候选数1—最大候选数；搜索深度0—8层；注意力容量1—64项；满意停止阈值0—1；重新搜索阈值0—1；决策权重各为0—1且总和必须为1。,有限注意、搜索与思考节奏,ADVANCED,IMPLEMENTED,ALGO-001|ALGO-003|ALGO-004|ALGO-005|ALGO-006|ALGO-007|ALGO-008|ALGO-009|AUDIT-002|AUDIT-004|AUDIT-005|AUDIT-008|AUDIT-010|AUDIT-011|AUDIT-013|HEUR-001|HEUR-003|HEUR-004|HEUR-005|HEUR-015|HEUR-017|HEUR-018|HEUR-019|HEUR-020|HEUR-021|HEUR-022|HEUR-023|MODEL-001|MODEL-002|MODEL-003|RULE-001|RULE-015|SCORE-002|SCORE-003|SCORE-004|SCORE-005|SCORE-006|STATE-001|STATE-004|STATE-008|STATE-009|STATE-010|STATE-012,default.json + config.py + Task 19 parameter_registry.csv,逐座认知配置真实叶字段；组内联动约束同样适用。
GP-027,players[3].cognitive_parameters.GP-027.weights.round_score,seat_s3,0.35,number,"目标结构体；单局收益、整场收益、排名、风险和稳定性权重各为0—1且总和为1；目标名次1—4；领先或落后触发分差0—1,000,000,000。",比分、名次与整场效用,EDITABLE,IMPLEMENTED,ALGO-001|ALGO-003|ALGO-004|ALGO-005|ALGO-006|ALGO-007|ALGO-008|ALGO-009|AUDIT-002|AUDIT-004|AUDIT-005|AUDIT-008|AUDIT-010|AUDIT-011|AUDIT-013|HEUR-003|HEUR-004|HEUR-005|HEUR-008|HEUR-015|HEUR-019|HEUR-020|HEUR-021|HEUR-022|HEUR-023|MODEL-001|MODEL-002|MODEL-003|RULE-001|RULE-015|SCORE-002|SCORE-003|SCORE-004|SCORE-005|SCORE-006|STATE-001|STATE-004|STATE-008|STATE-009|STATE-010,default.json + config.py + Task 19 parameter_registry.csv,逐座认知配置真实叶字段；组内联动约束同样适用。
GP-027,players[3].cognitive_parameters.GP-027.weights.match_score,seat_s3,0.25,number,"目标结构体；单局收益、整场收益、排名、风险和稳定性权重各为0—1且总和为1；目标名次1—4；领先或落后触发分差0—1,000,000,000。",比分、名次与整场效用,EDITABLE,IMPLEMENTED,ALGO-001|ALGO-003|ALGO-004|ALGO-005|ALGO-006|ALGO-007|ALGO-008|ALGO-009|AUDIT-002|AUDIT-004|AUDIT-005|AUDIT-008|AUDIT-010|AUDIT-011|AUDIT-013|HEUR-003|HEUR-004|HEUR-005|HEUR-008|HEUR-015|HEUR-019|HEUR-020|HEUR-021|HEUR-022|HEUR-023|MODEL-001|MODEL-002|MODEL-003|RULE-001|RULE-015|SCORE-002|SCORE-003|SCORE-004|SCORE-005|SCORE-006|STATE-001|STATE-004|STATE-008|STATE-009|STATE-010,default.json + config.py + Task 19 parameter_registry.csv,逐座认知配置真实叶字段；组内联动约束同样适用。
GP-027,players[3].cognitive_parameters.GP-027.weights.rank,seat_s3,0.15,number,"目标结构体；单局收益、整场收益、排名、风险和稳定性权重各为0—1且总和为1；目标名次1—4；领先或落后触发分差0—1,000,000,000。",比分、名次与整场效用,EDITABLE,IMPLEMENTED,ALGO-001|ALGO-003|ALGO-004|ALGO-005|ALGO-006|ALGO-007|ALGO-008|ALGO-009|AUDIT-002|AUDIT-004|AUDIT-005|AUDIT-008|AUDIT-010|AUDIT-011|AUDIT-013|HEUR-003|HEUR-004|HEUR-005|HEUR-008|HEUR-015|HEUR-019|HEUR-020|HEUR-021|HEUR-022|HEUR-023|MODEL-001|MODEL-002|MODEL-003|RULE-001|RULE-015|SCORE-002|SCORE-003|SCORE-004|SCORE-005|SCORE-006|STATE-001|STATE-004|STATE-008|STATE-009|STATE-010,default.json + config.py + Task 19 parameter_registry.csv,逐座认知配置真实叶字段；组内联动约束同样适用。
GP-027,players[3].cognitive_parameters.GP-027.weights.risk,seat_s3,0.15,number,"目标结构体；单局收益、整场收益、排名、风险和稳定性权重各为0—1且总和为1；目标名次1—4；领先或落后触发分差0—1,000,000,000。",比分、名次与整场效用,EDITABLE,IMPLEMENTED,ALGO-001|ALGO-003|ALGO-004|ALGO-005|ALGO-006|ALGO-007|ALGO-008|ALGO-009|AUDIT-002|AUDIT-004|AUDIT-005|AUDIT-008|AUDIT-010|AUDIT-011|AUDIT-013|HEUR-003|HEUR-004|HEUR-005|HEUR-008|HEUR-015|HEUR-019|HEUR-020|HEUR-021|HEUR-022|HEUR-023|MODEL-001|MODEL-002|MODEL-003|RULE-001|RULE-015|SCORE-002|SCORE-003|SCORE-004|SCORE-005|SCORE-006|STATE-001|STATE-004|STATE-008|STATE-009|STATE-010,default.json + config.py + Task 19 parameter_registry.csv,逐座认知配置真实叶字段；组内联动约束同样适用。
GP-027,players[3].cognitive_parameters.GP-027.weights.stability,seat_s3,0.1,number,"目标结构体；单局收益、整场收益、排名、风险和稳定性权重各为0—1且总和为1；目标名次1—4；领先或落后触发分差0—1,000,000,000。",比分、名次与整场效用,EDITABLE,IMPLEMENTED,ALGO-001|ALGO-003|ALGO-004|ALGO-005|ALGO-006|ALGO-007|ALGO-008|ALGO-009|AUDIT-002|AUDIT-004|AUDIT-005|AUDIT-008|AUDIT-010|AUDIT-011|AUDIT-013|HEUR-003|HEUR-004|HEUR-005|HEUR-008|HEUR-015|HEUR-019|HEUR-020|HEUR-021|HEUR-022|HEUR-023|MODEL-001|MODEL-002|MODEL-003|RULE-001|RULE-015|SCORE-002|SCORE-003|SCORE-004|SCORE-005|SCORE-006|STATE-001|STATE-004|STATE-008|STATE-009|STATE-010,default.json + config.py + Task 19 parameter_registry.csv,逐座认知配置真实叶字段；组内联动约束同样适用。
GP-027,players[3].cognitive_parameters.GP-027.target_rank,seat_s3,1,integer,"目标结构体；单局收益、整场收益、排名、风险和稳定性权重各为0—1且总和为1；目标名次1—4；领先或落后触发分差0—1,000,000,000。",比分、名次与整场效用,EDITABLE,IMPLEMENTED,ALGO-001|ALGO-003|ALGO-004|ALGO-005|ALGO-006|ALGO-007|ALGO-008|ALGO-009|AUDIT-002|AUDIT-004|AUDIT-005|AUDIT-008|AUDIT-010|AUDIT-011|AUDIT-013|HEUR-003|HEUR-004|HEUR-005|HEUR-008|HEUR-015|HEUR-019|HEUR-020|HEUR-021|HEUR-022|HEUR-023|MODEL-001|MODEL-002|MODEL-003|RULE-001|RULE-015|SCORE-002|SCORE-003|SCORE-004|SCORE-005|SCORE-006|STATE-001|STATE-004|STATE-008|STATE-009|STATE-010,default.json + config.py + Task 19 parameter_registry.csv,逐座认知配置真实叶字段；组内联动约束同样适用。
GP-027,players[3].cognitive_parameters.GP-027.lead_gap,seat_s3,16,integer,"目标结构体；单局收益、整场收益、排名、风险和稳定性权重各为0—1且总和为1；目标名次1—4；领先或落后触发分差0—1,000,000,000。",比分、名次与整场效用,EDITABLE,IMPLEMENTED,ALGO-001|ALGO-003|ALGO-004|ALGO-005|ALGO-006|ALGO-007|ALGO-008|ALGO-009|AUDIT-002|AUDIT-004|AUDIT-005|AUDIT-008|AUDIT-010|AUDIT-011|AUDIT-013|HEUR-003|HEUR-004|HEUR-005|HEUR-008|HEUR-015|HEUR-019|HEUR-020|HEUR-021|HEUR-022|HEUR-023|MODEL-001|MODEL-002|MODEL-003|RULE-001|RULE-015|SCORE-002|SCORE-003|SCORE-004|SCORE-005|SCORE-006|STATE-001|STATE-004|STATE-008|STATE-009|STATE-010,default.json + config.py + Task 19 parameter_registry.csv,逐座认知配置真实叶字段；组内联动约束同样适用。
GP-027,players[3].cognitive_parameters.GP-027.trail_gap,seat_s3,16,integer,"目标结构体；单局收益、整场收益、排名、风险和稳定性权重各为0—1且总和为1；目标名次1—4；领先或落后触发分差0—1,000,000,000。",比分、名次与整场效用,EDITABLE,IMPLEMENTED,ALGO-001|ALGO-003|ALGO-004|ALGO-005|ALGO-006|ALGO-007|ALGO-008|ALGO-009|AUDIT-002|AUDIT-004|AUDIT-005|AUDIT-008|AUDIT-010|AUDIT-011|AUDIT-013|HEUR-003|HEUR-004|HEUR-005|HEUR-008|HEUR-015|HEUR-019|HEUR-020|HEUR-021|HEUR-022|HEUR-023|MODEL-001|MODEL-002|MODEL-003|RULE-001|RULE-015|SCORE-002|SCORE-003|SCORE-004|SCORE-005|SCORE-006|STATE-001|STATE-004|STATE-008|STATE-009|STATE-010,default.json + config.py + Task 19 parameter_registry.csv,逐座认知配置真实叶字段；组内联动约束同样适用。
RP-001,runtime.RP-001.*,round_runtime,null,runtime payload,"结构体；`round_index`为1—[GP-003](#gp-003)总局数；事件序号0—1,000,000；开局时\(round\_index=previous\_round+1\)，\(t=0\)；每处理一个原子事件后\(t\leftarrow t+1\)。",本局初始化与审计标识,HIDDEN_RUNTIME,IMPLEMENTED_PARTIAL,ALGO-001|ALGO-003|ALGO-004|ALGO-005|ALGO-006|ALGO-007|AUDIT-005|AUDIT-008|AUDIT-010|AUDIT-013|HEUR-004|HEUR-005|HEUR-019|HEUR-020|HEUR-021|HEUR-023|MODEL-001|MODEL-002|MODEL-003|RULE-002|STATE-001|STATE-002|STATE-003|STATE-004|STATE-005|STATE-006|STATE-010,Task 19 parameter_registry.csv + players/humanlike/runtime.py,Task 19 未冻结统一叶级 payload schema；* 表示语义字段集合，批准前不得据此新增代码字段。
RP-002,runtime.RP-002.*,round_runtime,null,runtime payload,玩家编号0—3；活动顺序长度1—4；初始座位由[GP-020](#gp-020)产生。玩家\(p\)胡牌后，\(Active_t=Active_{t-1}\setminus\{p\}\)，下一玩家为当前顺序中下一名仍在\(Active_t\)的玩家。,本局初始化与座位管理,HIDDEN_RUNTIME,IMPLEMENTED_PARTIAL,ALGO-001|ALGO-003|ALGO-004|ALGO-005|ALGO-006|ALGO-007|AUDIT-005|AUDIT-008|AUDIT-010|AUDIT-013|HEUR-004|HEUR-005|HEUR-019|HEUR-020|HEUR-021|HEUR-023|MODEL-001|MODEL-002|MODEL-003|RULE-002|STATE-001|STATE-002|STATE-003|STATE-004|STATE-005|STATE-006|STATE-010,Task 19 parameter_registry.csv + players/humanlike/runtime.py,Task 19 未冻结统一叶级 payload schema；* 表示语义字段集合，批准前不得据此新增代码字段。
RP-003,runtime.RP-003.*,round_runtime,null,runtime payload,"四人整数分数；单项-1,000,000,000—1,000,000,000；目标强度0—1；\(Score_t(p)=\operatorname{clip}(Score_{t-1}(p)+\Delta_t(p),-10^9,10^9)\)。分差\(Gap_t(p,q)=Score_t(p)-Score_t(q)\)。求稳或追分强度由分差、剩余局数和[GP-027](#gp-027)目标归一化到0—1。",整场比分到本局目标转换,HIDDEN_RUNTIME,IMPLEMENTED_PARTIAL,ALGO-001|ALGO-002|ALGO-003|ALGO-004|ALGO-005|ALGO-006|ALGO-007|AUDIT-005|AUDIT-008|AUDIT-010|AUDIT-013|HEUR-002|HEUR-004|HEUR-005|HEUR-007|HEUR-014|HEUR-019|HEUR-020|HEUR-021|HEUR-023|MODEL-001|MODEL-002|MODEL-003|RULE-003|RULE-004|STATE-001|STATE-002|STATE-003|STATE-004|STATE-005|STATE-006|STATE-010,Task 19 parameter_registry.csv + players/humanlike/runtime.py,Task 19 未冻结统一叶级 payload schema；* 表示语义字段集合，批准前不得据此新增代码字段。
RP-004,runtime.RP-004.*,round_runtime,null,runtime payload,"27维整数向量；各维0—4；总张数庄家14、闲家13；\(H_0(x)=DealCount(x)\)，并满足\(\sum_xH_0(x)\in\{13,14\}\)。初始结构由[RP-016](#rp-016)的结构函数计算。",发牌后初始分析,HIDDEN_RUNTIME,CONTRACT_ONLY,ALGO-001|ALGO-002|ALGO-003|ALGO-004|ALGO-005|ALGO-006|ALGO-007|AUDIT-005|AUDIT-008|AUDIT-010|AUDIT-013|HEUR-002|HEUR-004|HEUR-005|HEUR-007|HEUR-014|HEUR-019|HEUR-020|HEUR-021|HEUR-023|MODEL-001|MODEL-002|MODEL-003|STATE-001|STATE-002|STATE-003|STATE-004|STATE-005|STATE-006|STATE-010,Task 19 parameter_registry.csv + players/humanlike/runtime.py,Task 19 未冻结统一叶级 payload schema；* 表示语义字段集合，批准前不得据此新增代码字段。
RP-005,runtime.RP-005.*,round_runtime,null,runtime payload,换出、换入各3张；方向枚举；\(H_{after}(x)=H_{before}(x)-Out(x)+In(x)\)，其中\(\sum_xOut(x)=\sum_xIn(x)=3\)，且换出牌满足[GP-005](#gp-005)的同花色约束。,换三张决策与执行,HIDDEN_RUNTIME,CONTRACT_ONLY,ALGO-001|ALGO-002|ALGO-003|ALGO-004|ALGO-005|ALGO-006|ALGO-007|AUDIT-005|AUDIT-008|AUDIT-010|AUDIT-013|HEUR-002|HEUR-004|HEUR-005|HEUR-007|HEUR-014|HEUR-019|HEUR-020|HEUR-021|HEUR-023|MODEL-001|MODEL-002|MODEL-003|STATE-001|STATE-002|STATE-003|STATE-004|STATE-005|STATE-006|STATE-010,Task 19 parameter_registry.csv + players/humanlike/runtime.py,Task 19 未冻结统一叶级 payload schema；* 表示语义字段集合，批准前不得据此新增代码字段。
RP-006,runtime.RP-006.*,round_runtime,null,runtime payload,四个花色枚举；清缺概率0—1；自己清缺为确定布尔值；自己的缺门剩余数\(M_t=\sum_{x\in missingSuit}H_t(x)\)，自己清缺状态\(Cleared_t=I(M_t=0)\)。对手清缺状态只能依据公开弃牌形成置信度，不得使用其隐藏手牌。,定缺决策与清缺约束,HIDDEN_RUNTIME,CONTRACT_ONLY,ALGO-001|ALGO-003|ALGO-004|ALGO-005|ALGO-006|ALGO-007|AUDIT-005|AUDIT-008|AUDIT-010|AUDIT-013|HEUR-004|HEUR-005|HEUR-006|HEUR-007|HEUR-015|HEUR-016|HEUR-018|HEUR-019|HEUR-020|HEUR-021|HEUR-023|MODEL-001|MODEL-002|MODEL-003|RULE-005|STATE-001|STATE-002|STATE-003|STATE-004|STATE-005|STATE-006|STATE-010,Task 19 parameter_registry.csv + players/humanlike/runtime.py,Task 19 未冻结统一叶级 payload schema；* 表示语义字段集合，批准前不得据此新增代码字段。
RP-007,runtime.RP-007.*,round_runtime,null,runtime payload,27维整数向量；各维0—4；手牌总数依动作合法变化；\(H_t=H_{t-1}+Draw_t-Discard_t-RemoveToMeld_t\)。碰牌、明杠、暗杠和补杠分别按规则从手牌移入公开或隐藏组合；杠后补牌作为新的\(Draw_t\)事件处理。,摸牌、出牌与手牌分析,HIDDEN_RUNTIME,CONTRACT_ONLY,ALGO-001|ALGO-003|ALGO-004|ALGO-005|ALGO-006|ALGO-007|AUDIT-005|AUDIT-008|AUDIT-010|AUDIT-013|HEUR-004|HEUR-005|HEUR-006|HEUR-007|HEUR-015|HEUR-016|HEUR-018|HEUR-019|HEUR-020|HEUR-021|HEUR-023|MODEL-001|MODEL-002|MODEL-003|RULE-005|STATE-001|STATE-002|STATE-003|STATE-004|STATE-005|STATE-006|STATE-010,Task 19 parameter_registry.csv + players/humanlike/runtime.py,Task 19 未冻结统一叶级 payload schema；* 表示语义字段集合，批准前不得据此新增代码字段。
RP-008,runtime.RP-008.*,round_runtime,null,runtime payload,每名玩家公开组合0—4组；类型枚举；\(Melds_t(p)=Melds_{t-1}(p)\cup NewMeld_t(p)\)。补杠时将对应碰组状态由`peng`替换为`bu_gang`，不得同时保留两个重复组。,碰杠后公开组合更新,HIDDEN_RUNTIME,CONTRACT_ONLY,ALGO-001|ALGO-003|ALGO-004|ALGO-005|ALGO-006|ALGO-007|AUDIT-005|AUDIT-008|AUDIT-010|AUDIT-013|HEUR-004|HEUR-005|HEUR-006|HEUR-007|HEUR-015|HEUR-016|HEUR-018|HEUR-019|HEUR-020|HEUR-021|HEUR-023|MODEL-001|MODEL-002|MODEL-003|RULE-005|STATE-001|STATE-002|STATE-003|STATE-004|STATE-005|STATE-006|STATE-010,Task 19 parameter_registry.csv + players/humanlike/runtime.py,Task 19 未冻结统一叶级 payload schema；* 表示语义字段集合，批准前不得据此新增代码字段。
RP-009,runtime.RP-009.*,round_runtime,null,runtime payload,"事件列表；长度0—108加杠后动作扩展；\(Discards_t=Discards_{t-1}\mathbin{\Vert}(p,x,t,source,time)\)，其中不可见字段按[GP-021](#gp-021)置为空，而不是填入服务器真实值。",弃牌事件与行为序列更新,HIDDEN_RUNTIME,CONTRACT_ONLY,ALGO-001|ALGO-003|ALGO-004|ALGO-005|ALGO-006|ALGO-007|AUDIT-005|AUDIT-008|AUDIT-010|AUDIT-013|HEUR-004|HEUR-005|HEUR-006|HEUR-007|HEUR-015|HEUR-016|HEUR-018|HEUR-019|HEUR-020|HEUR-021|HEUR-023|MODEL-001|MODEL-002|MODEL-003|RULE-005|STATE-001|STATE-002|STATE-003|STATE-004|STATE-005|STATE-006|STATE-010,Task 19 parameter_registry.csv + players/humanlike/runtime.py,Task 19 未冻结统一叶级 payload schema；* 表示语义字段集合，批准前不得据此新增代码字段。
RP-010,runtime.RP-010.*,round_runtime,null,runtime payload,27维整数向量；各维0—4；\(V_t(x)=H_t(x)+D_t(x)+OpenMeld_t(x)+PublicHu_t(x)+PublicGang_t(x)\)，重复展示的同一实体牌只计一次。未见上界\(U_t(x)=4-V_t(x)\)。,可见牌聚合与活牌估计,HIDDEN_RUNTIME,CONTRACT_ONLY,ALGO-001|ALGO-003|ALGO-004|ALGO-005|ALGO-006|ALGO-007|AUDIT-005|AUDIT-008|AUDIT-010|AUDIT-013|HEUR-004|HEUR-005|HEUR-006|HEUR-007|HEUR-015|HEUR-016|HEUR-018|HEUR-019|HEUR-020|HEUR-021|HEUR-023|MODEL-001|MODEL-002|MODEL-003|RULE-005|STATE-001|STATE-002|STATE-003|STATE-004|STATE-005|STATE-006|STATE-010,Task 19 parameter_registry.csv + players/humanlike/runtime.py,Task 19 未冻结统一叶级 payload schema；* 表示语义字段集合，批准前不得据此新增代码字段。
RP-011,runtime.RP-011.*,round_runtime,null,runtime payload,"牌墙余量0—108；轮次0—1,000,000；估计上下界0—108；精确可见时\(W_t=W_{t-1}-DrawCount_t\)。不可见时维护区间：\(W_t^{min}=W_{t-1}^{min}-MaxDraw_t\)，\(W_t^{max}=W_{t-1}^{max}-MinDraw_t\)，并限制在0—108。",牌墙推进与阶段判断,HIDDEN_RUNTIME,CONTRACT_ONLY,ALGO-001|ALGO-003|ALGO-004|ALGO-005|ALGO-006|ALGO-007|AUDIT-005|AUDIT-008|AUDIT-010|AUDIT-013|HEUR-004|HEUR-005|HEUR-006|HEUR-007|HEUR-015|HEUR-016|HEUR-018|HEUR-019|HEUR-020|HEUR-021|HEUR-023|MODEL-001|MODEL-002|MODEL-003|RULE-005|STATE-001|STATE-002|STATE-003|STATE-004|STATE-005|STATE-006|STATE-010,Task 19 parameter_registry.csv + players/humanlike/runtime.py,Task 19 未冻结统一叶级 payload schema；* 表示语义字段集合，批准前不得据此新增代码字段。
RP-012,runtime.RP-012.*,round_runtime,null,runtime payload,活动玩家集合大小1—4；胡牌顺序0—3；\(Active_t=Active_{t-1}\setminus Winners_t\)。每名新赢家的胡牌序号为此前已胡人数加1；一炮多响按同一事件记录相同时间但独立序号或平台并列规则。,血战胡后状态与终止判断,HIDDEN_RUNTIME,CONTRACT_ONLY,ALGO-001|ALGO-003|ALGO-004|ALGO-005|ALGO-006|ALGO-007|AUDIT-005|AUDIT-008|AUDIT-010|AUDIT-013|HEUR-004|HEUR-005|HEUR-006|HEUR-007|HEUR-015|HEUR-016|HEUR-018|HEUR-019|HEUR-020|HEUR-021|HEUR-023|MODEL-001|MODEL-002|MODEL-003|RULE-005|STATE-001|STATE-002|STATE-003|STATE-004|STATE-005|STATE-006|STATE-010,Task 19 parameter_registry.csv + players/humanlike/runtime.py,Task 19 未冻结统一叶级 payload schema；* 表示语义字段集合，批准前不得据此新增代码字段。
RP-013,runtime.RP-013.*,round_runtime,null,runtime payload,"单事件结构体；类型枚举；\(Event_t=(type,actor,tile,source,timestamp,publicPayload)\)。类型只能为`deal`、`exchange`、`dingque`、`draw`、`discard`、`peng`、`gang`、`hu`、`settlement`或平台已注册扩展。",当前原子事件处理,HIDDEN_RUNTIME,IMPLEMENTED_PARTIAL,ALGO-001|ALGO-003|ALGO-004|ALGO-005|ALGO-006|ALGO-007|AUDIT-005|AUDIT-008|AUDIT-010|AUDIT-013|HEUR-004|HEUR-005|HEUR-006|HEUR-007|HEUR-015|HEUR-016|HEUR-018|HEUR-019|HEUR-020|HEUR-021|HEUR-023|MODEL-001|MODEL-002|MODEL-003|RULE-005|STATE-001|STATE-002|STATE-003|STATE-004|STATE-005|STATE-006|STATE-010,Task 19 parameter_registry.csv + players/humanlike/runtime.py,Task 19 未冻结统一叶级 payload schema；* 表示语义字段集合，批准前不得据此新增代码字段。
RP-014,runtime.RP-014.*,round_runtime,null,runtime payload,"合法行动集合；大小1—20；截止时间戳；\(Legal_t=RuleEngine(State_t,[GP\text{-}002\ldots GP\text{-}022])\)。候选集必须满足\(Candidates_t\subseteq Legal_t\)。",合法候选与响应窗口,HIDDEN_RUNTIME,IMPLEMENTED_PARTIAL,ALGO-001|ALGO-003|ALGO-004|ALGO-005|ALGO-006|ALGO-007|AUDIT-005|AUDIT-008|AUDIT-010|AUDIT-013|HEUR-004|HEUR-005|HEUR-006|HEUR-007|HEUR-015|HEUR-016|HEUR-018|HEUR-019|HEUR-020|HEUR-021|HEUR-023|MODEL-001|MODEL-002|MODEL-003|RULE-005|STATE-001|STATE-002|STATE-003|STATE-004|STATE-005|STATE-006|STATE-010,Task 19 parameter_registry.csv + players/humanlike/runtime.py,Task 19 未冻结统一叶级 payload schema；* 表示语义字段集合，批准前不得据此新增代码字段。
RP-015,runtime.RP-015.*,round_runtime,null,runtime payload,状态枚举；状态为`free`、`passed_hu_locked`、`value_limited`或`forced_hu`。状态转移由[GP-009](#gp-009)定义：过胡事件进入锁定态，规定的自摸或价值变化事件恢复为`free`。,过胡与胡牌权限判断,HIDDEN_RUNTIME,CONTRACT_ONLY,ALGO-001|ALGO-003|ALGO-004|ALGO-005|ALGO-006|ALGO-007|AUDIT-005|AUDIT-008|AUDIT-010|AUDIT-013|HEUR-004|HEUR-005|HEUR-006|HEUR-007|HEUR-015|HEUR-016|HEUR-018|HEUR-019|HEUR-020|HEUR-021|HEUR-023|MODEL-001|MODEL-002|MODEL-003|RULE-005|STATE-001|STATE-002|STATE-003|STATE-004|STATE-005|STATE-006|STATE-010,Task 19 parameter_registry.csv + players/humanlike/runtime.py,Task 19 未冻结统一叶级 payload schema；* 表示语义字段集合，批准前不得据此新增代码字段。
RP-016,runtime.RP-016.*,round_runtime,null,runtime payload,"结构体；向听数-1—13；组合数0—4；对子数0—7；结构质量0—1；对每个允许牌型\(k\)计算向听数\(S_k(H_t,Melds_t)\)，总体向听\(S_t=\min_k S_k\)。胡牌时\(S_t=-1\)，听牌时\(S_t=0\)。结构质量由有效搭子、对子用途和重叠结构归一化到0—1。",手牌结构与向听分析,HIDDEN_RUNTIME,CONTRACT_ONLY,ALGO-001|ALGO-003|ALGO-004|ALGO-005|ALGO-006|ALGO-007|AUDIT-005|AUDIT-008|AUDIT-010|AUDIT-013|HEUR-004|HEUR-005|HEUR-006|HEUR-007|HEUR-015|HEUR-016|HEUR-018|HEUR-019|HEUR-020|HEUR-021|HEUR-023|MODEL-001|MODEL-002|MODEL-003|RULE-005|STATE-001|STATE-002|STATE-003|STATE-004|STATE-005|STATE-006|STATE-010,Task 19 parameter_registry.csv + players/humanlike/runtime.py,Task 19 未冻结统一叶级 payload schema；* 表示语义字段集合，批准前不得据此新增代码字段。
RP-017,runtime.RP-017.*,round_runtime,null,runtime payload,"方向枚举及置信度0—1；主计划1个；备选计划0—3个；对方向\(d\)：\(C_t(d)=\operatorname{Normalize}((1-\alpha_d)C_{t-1}(d)+\alpha_dE_t(d))\)，\(\alpha_d\in[0,1]\)来自[GP-026](#gp-026)，\(E_t(d)\in[0,1]\)为本轮证据。最高置信方向为主方向，但受规则中的观察、确定和放弃阈值约束。",做牌计划形成与切换,HIDDEN_RUNTIME,CONTRACT_ONLY,ALGO-001|ALGO-003|ALGO-004|ALGO-005|ALGO-006|ALGO-007|AUDIT-005|AUDIT-008|AUDIT-010|AUDIT-013|HEUR-004|HEUR-005|HEUR-006|HEUR-007|HEUR-015|HEUR-016|HEUR-018|HEUR-019|HEUR-020|HEUR-021|HEUR-023|MODEL-001|MODEL-002|MODEL-003|RULE-005|STATE-001|STATE-002|STATE-003|STATE-004|STATE-005|STATE-006|STATE-010,Task 19 parameter_registry.csv + players/humanlike/runtime.py,Task 19 未冻结统一叶级 payload schema；* 表示语义字段集合，批准前不得据此新增代码字段。
RP-018,runtime.RP-018.*,round_runtime,null,runtime payload,"等待集合0—27种；单牌未见数0—4；总活牌0—108；概率0—1；对等待牌\(x\)，\(Live_t(x)=\max(0,4-V_t(x))\)。总活牌\(L_t=\sum_{x\in Wait_t}Live_t(x)\)。若\(L_t=0\)，则`dead_wait=true`。下一次从未知牌中获得任一等待牌的近似概率为\(P_{next}=\frac{L_t}{\sum_xU_t(x)}\)。",听牌、等待与活牌评估,HIDDEN_RUNTIME,CONTRACT_ONLY,ALGO-001|ALGO-003|ALGO-004|ALGO-005|ALGO-006|ALGO-007|AUDIT-005|AUDIT-008|AUDIT-010|AUDIT-013|HEUR-004|HEUR-005|HEUR-006|HEUR-007|HEUR-009|HEUR-015|HEUR-019|HEUR-020|HEUR-021|HEUR-023|MODEL-001|MODEL-002|MODEL-003|RULE-005|RULE-014|STATE-001|STATE-002|STATE-003|STATE-004|STATE-005|STATE-006|STATE-010,Task 19 parameter_registry.csv + players/humanlike/runtime.py,Task 19 未冻结统一叶级 payload schema；* 表示语义字段集合，批准前不得据此新增代码字段。
RP-019,runtime.RP-019.*,round_runtime,null,runtime payload,每名对手的假设概率分布；各概率0—1且和为1；对假设\(h\)和新公开证据\(e_t\)：\(P_t(h)=\frac{P(e_t\mid h)P_{t-1}(h)}{\sum_jP(e_t\mid h_j)P_{t-1}(h_j)+\varepsilon}\)。证据似然只能由公开行为模型产生。,逐对手方向与牌型推测,HIDDEN_RUNTIME,CONTRACT_ONLY,ALGO-001|ALGO-002|ALGO-003|ALGO-004|ALGO-005|ALGO-006|ALGO-007|ALGO-008|AUDIT-005|AUDIT-008|AUDIT-010|AUDIT-013|HEUR-004|HEUR-005|HEUR-007|HEUR-010|HEUR-014|HEUR-019|HEUR-020|HEUR-021|HEUR-023|MODEL-001|MODEL-002|MODEL-003|STATE-001|STATE-002|STATE-003|STATE-004|STATE-005|STATE-006|STATE-009|STATE-010,Task 19 parameter_registry.csv + players/humanlike/runtime.py,Task 19 未冻结统一叶级 payload schema；* 表示语义字段集合，批准前不得据此新增代码字段。
RP-020,runtime.RP-020.*,round_runtime,null,runtime payload,"每名对手、每种牌的风险0—1；综合风险0—1；\(R_t(p,x)=P_t(p\text{已听})\times P_t(x\text{为其等待}\mid p\text{已听})\times LossNorm_t(p)\)。多家综合风险\(R_t(x)=1-\prod_{p\in Active_t,p\ne self}(1-R_t(p,x))\)。",威胁、放铳损失与安全评估,HIDDEN_RUNTIME,CONTRACT_ONLY,ALGO-001|ALGO-003|ALGO-004|ALGO-005|ALGO-006|ALGO-007|ALGO-008|AUDIT-005|AUDIT-008|AUDIT-010|AUDIT-013|HEUR-004|HEUR-005|HEUR-007|HEUR-010|HEUR-019|HEUR-020|HEUR-021|HEUR-023|MODEL-001|MODEL-002|MODEL-003|STATE-001|STATE-002|STATE-003|STATE-004|STATE-005|STATE-006|STATE-009|STATE-010,Task 19 parameter_registry.csv + players/humanlike/runtime.py,Task 19 未冻结统一叶级 payload schema；* 表示语义字段集合，批准前不得据此新增代码字段。
RP-021,runtime.RP-021.*,round_runtime,null,runtime payload,剩余摸牌次数0—108；时间压力0—1；若轮转稳定，自己的近似剩余摸牌数\(N_t^{self}=\left\lceil\frac{W_t-offset_t}{\lvert Active_t\rvert}\right\rceil\)，其中\(offset_t\)为轮到自己前的活动玩家数。碰杠和胡牌后按新顺序重新计算。时间压力\(Pressure_t=1-\frac{N_t^{self}}{N_{start}^{self}+\varepsilon}\)。,逐座剩余摸牌机会估计,HIDDEN_RUNTIME,CONTRACT_ONLY,ALGO-001|ALGO-003|ALGO-004|ALGO-005|ALGO-006|ALGO-007|ALGO-008|AUDIT-005|AUDIT-008|AUDIT-010|AUDIT-013|HEUR-004|HEUR-005|HEUR-007|HEUR-009|HEUR-019|HEUR-020|HEUR-021|HEUR-023|MODEL-001|MODEL-002|MODEL-003|RULE-014|STATE-001|STATE-002|STATE-003|STATE-004|STATE-005|STATE-006|STATE-009|STATE-010,Task 19 parameter_registry.csv + players/humanlike/runtime.py,Task 19 未冻结统一叶级 payload schema；* 表示语义字段集合，批准前不得据此新增代码字段。
RP-022,runtime.RP-022.*,round_runtime,null,runtime payload,枚举；阶段强度0—1；剩余比例\(q_t=W_t/W_{start}\)。默认：\(q_t>0.70\)为`early`，\(0.35<q_t\le0.70\)为`middle`，\(0.10<q_t\le0.35\)为`late`，\(q_t\le0.10\)为`endgame`。阈值可在[GP-026](#gp-026)内调整，但必须单调。,早中晚局阶段判定,HIDDEN_RUNTIME,CONTRACT_ONLY,ALGO-001|ALGO-003|ALGO-004|ALGO-005|ALGO-006|ALGO-007|ALGO-008|AUDIT-005|AUDIT-008|AUDIT-010|AUDIT-013|HEUR-004|HEUR-005|HEUR-008|HEUR-009|HEUR-019|HEUR-020|HEUR-021|HEUR-023|MODEL-001|MODEL-002|MODEL-003|SCORE-001|STATE-001|STATE-002|STATE-003|STATE-004|STATE-005|STATE-006|STATE-009|STATE-010|TRAIN-003|TRAIN-004,Task 19 parameter_registry.csv + players/humanlike/runtime.py,Task 19 未冻结统一叶级 payload schema；* 表示语义字段集合，批准前不得据此新增代码字段。
RP-023,runtime.RP-023.*,round_runtime,null,runtime payload,"候选集合；数量1—[GP-026](#gp-026)最大候选数；\(Candidates_t=Prune(Legal_t,Plan_t,Attention_t,Profile)\)。必须保留所有规则强制行动；其余按显著度排序截取前\(K\)项，\(K\)由水平和局面复杂度在配置范围内确定。",候选生成、裁剪与排序,HIDDEN_RUNTIME,IMPLEMENTED_PARTIAL,ALGO-001|ALGO-003|ALGO-004|ALGO-005|ALGO-006|ALGO-007|ALGO-008|AUDIT-005|AUDIT-008|AUDIT-010|AUDIT-013|HEUR-004|HEUR-005|HEUR-009|HEUR-019|HEUR-020|HEUR-021|HEUR-023|MODEL-001|MODEL-002|MODEL-003|RULE-006|SCORE-001|STATE-001|STATE-002|STATE-003|STATE-004|STATE-005|STATE-006|STATE-009|STATE-010,Task 19 parameter_registry.csv + players/humanlike/runtime.py,Task 19 未冻结统一叶级 payload schema；* 表示语义字段集合，批准前不得据此新增代码字段。
RP-024,runtime.RP-024.*,round_runtime,null,runtime payload,"注意力对象权重0—1；权重和为1；对象数不超过注意力容量；对对象\(i\)，\(A_t(i)=\frac{\exp(Salience_t(i)/\tau)}{\sum_j\exp(Salience_t(j)/\tau)}\)，温度\(\tau\in[0.05,5]\)由[GP-026](#gp-026)配置。只保留权重最高的注意力容量项。",有限注意分配,HIDDEN_RUNTIME,CONTRACT_ONLY,ALGO-001|ALGO-003|ALGO-004|ALGO-005|ALGO-006|ALGO-007|ALGO-008|AUDIT-001|AUDIT-002|AUDIT-003|AUDIT-005|AUDIT-008|AUDIT-010|AUDIT-013|AUDIT-014|HEUR-004|HEUR-005|HEUR-010|HEUR-017|HEUR-018|HEUR-019|HEUR-020|HEUR-021|HEUR-022|HEUR-023|MODEL-001|MODEL-002|MODEL-003|RULE-006|RULE-013|SCORE-002|SCORE-003|SCORE-004|SCORE-005|SCORE-006|STATE-001|STATE-002|STATE-003|STATE-004|STATE-005|STATE-006|STATE-008|STATE-009|STATE-010|STATE-012|TRAIN-006,Task 19 parameter_registry.csv + players/humanlike/runtime.py,Task 19 未冻结统一叶级 payload schema；* 表示语义字段集合，批准前不得据此新增代码字段。
RP-025,runtime.RP-025.*,round_runtime,null,runtime payload,"每条记忆强度0—1；记忆条目0—10000；\(M_t(i)=\operatorname{clip}(M_{t-1}(i)e^{-\lambda\Delta t}+\rho\cdot Salience_t(i),0,1)\)，\(\lambda,\rho\in[0,1]\)来自[GP-024](#gp-024)。回忆成功率等于当前记忆强度；隐藏信息不得创建记忆条目。",有限记忆衰减与强化,HIDDEN_RUNTIME,CONTRACT_ONLY,ALGO-001|ALGO-003|ALGO-004|ALGO-005|ALGO-006|ALGO-007|ALGO-008|AUDIT-001|AUDIT-002|AUDIT-003|AUDIT-005|AUDIT-008|AUDIT-010|AUDIT-013|AUDIT-014|HEUR-004|HEUR-005|HEUR-010|HEUR-017|HEUR-018|HEUR-019|HEUR-020|HEUR-021|HEUR-022|HEUR-023|MODEL-001|MODEL-002|MODEL-003|RULE-006|RULE-013|SCORE-002|SCORE-003|SCORE-004|SCORE-005|SCORE-006|STATE-001|STATE-002|STATE-003|STATE-004|STATE-005|STATE-006|STATE-008|STATE-009|STATE-010|STATE-012|TRAIN-006,Task 19 parameter_registry.csv + players/humanlike/runtime.py,Task 19 未冻结统一叶级 payload schema；* 表示语义字段集合，批准前不得据此新增代码字段。
RP-026,runtime.RP-026.*,round_runtime,null,runtime payload,"搜索深度0—8；已检查数0—候选数；停止质量0—1；实际深度\(D_t=\min(D_{profile},D_{time},D_{complexity})\)。当最佳候选满意度\(Sat(best)\ge\theta_{stop}\)、全部候选检查完成或剩余时间达到安全阈值时停止。",有限推演与满意停止,HIDDEN_RUNTIME,IMPLEMENTED_PARTIAL,ALGO-001|ALGO-003|ALGO-004|ALGO-005|ALGO-006|ALGO-007|ALGO-008|AUDIT-001|AUDIT-002|AUDIT-003|AUDIT-005|AUDIT-008|AUDIT-010|AUDIT-013|AUDIT-014|HEUR-004|HEUR-005|HEUR-010|HEUR-017|HEUR-018|HEUR-019|HEUR-020|HEUR-021|HEUR-022|HEUR-023|MODEL-001|MODEL-002|MODEL-003|RULE-006|RULE-013|SCORE-002|SCORE-003|SCORE-004|SCORE-005|SCORE-006|STATE-001|STATE-002|STATE-003|STATE-004|STATE-005|STATE-006|STATE-008|STATE-009|STATE-010|STATE-012|TRAIN-006,Task 19 parameter_registry.csv + players/humanlike/runtime.py,Task 19 未冻结统一叶级 payload schema；* 表示语义字段集合，批准前不得据此新增代码字段。
RP-027,runtime.RP-027.*,round_runtime,null,runtime payload,"毫秒整数0—[GP-022](#gp-022)时限；\(TimeLeft_t=\max(0,Deadline_t-Now_t)\)。当\(TimeLeft_t\le DefaultMargin\)时调用合法默认动作；`DefaultMargin`范围0—时限的50%。",思考预算与剩余时间,HIDDEN_RUNTIME,IMPLEMENTED_PARTIAL,ALGO-001|ALGO-003|ALGO-004|ALGO-005|ALGO-006|ALGO-007|ALGO-008|AUDIT-001|AUDIT-002|AUDIT-003|AUDIT-005|AUDIT-008|AUDIT-010|AUDIT-013|AUDIT-014|HEUR-004|HEUR-005|HEUR-010|HEUR-017|HEUR-018|HEUR-019|HEUR-020|HEUR-021|HEUR-022|HEUR-023|MODEL-001|MODEL-002|MODEL-003|RULE-006|RULE-013|SCORE-002|SCORE-003|SCORE-004|SCORE-005|SCORE-006|STATE-001|STATE-002|STATE-003|STATE-004|STATE-005|STATE-006|STATE-008|STATE-009|STATE-010|STATE-012|TRAIN-006,Task 19 parameter_registry.csv + players/humanlike/runtime.py,Task 19 未冻结统一叶级 payload schema；* 表示语义字段集合，批准前不得据此新增代码字段。
RP-028,runtime.RP-028.*,round_runtime,null,runtime payload,"情绪和风格偏移-1—1；0为基础档案；\(E_t=\operatorname{clip}(\gamma E_{t-1}+\beta Outcome_t,-1,1)\)，\(\gamma\in[0,1]\)为情绪保留率，\(\beta\in[0,1]\)为事件影响率，\(Outcome_t\in[-1,1]\)为标准化结果。",人格、水平与情绪修正,HIDDEN_RUNTIME,CONTRACT_ONLY,ALGO-001|ALGO-003|ALGO-004|ALGO-005|ALGO-006|ALGO-007|ALGO-008|AUDIT-001|AUDIT-002|AUDIT-003|AUDIT-005|AUDIT-008|AUDIT-010|AUDIT-013|AUDIT-014|HEUR-004|HEUR-005|HEUR-010|HEUR-017|HEUR-018|HEUR-019|HEUR-020|HEUR-021|HEUR-022|HEUR-023|MODEL-001|MODEL-002|MODEL-003|RULE-006|RULE-013|SCORE-002|SCORE-003|SCORE-004|SCORE-005|SCORE-006|STATE-001|STATE-002|STATE-003|STATE-004|STATE-005|STATE-006|STATE-008|STATE-009|STATE-010|STATE-012|TRAIN-006,Task 19 parameter_registry.csv + players/humanlike/runtime.py,Task 19 未冻结统一叶级 payload schema；* 表示语义字段集合，批准前不得据此新增代码字段。
RP-029,runtime.RP-029.*,round_runtime,null,runtime payload,"追加日志；条目0—1,000,000；\(Trace_t=Trace_{t-1}\mathbin{\Vert}Record_t\)。记录必须包含事件号、可见输入快照哈希、候选、选择、理由、搜索停止原因和随机种子位置。",动作选择、解释与决策审计,HIDDEN_RUNTIME,IMPLEMENTED_PARTIAL,ALGO-001|ALGO-003|ALGO-004|ALGO-005|ALGO-006|ALGO-007|ALGO-008|AUDIT-001|AUDIT-002|AUDIT-003|AUDIT-005|AUDIT-008|AUDIT-010|AUDIT-013|AUDIT-014|HEUR-004|HEUR-005|HEUR-010|HEUR-017|HEUR-018|HEUR-019|HEUR-020|HEUR-021|HEUR-022|HEUR-023|MODEL-001|MODEL-002|MODEL-003|RULE-006|RULE-013|SCORE-002|SCORE-003|SCORE-004|SCORE-005|SCORE-006|STATE-001|STATE-002|STATE-003|STATE-004|STATE-005|STATE-006|STATE-008|STATE-009|STATE-010|STATE-012|TRAIN-006,Task 19 parameter_registry.csv + players/humanlike/runtime.py,Task 19 未冻结统一叶级 payload schema；* 表示语义字段集合，批准前不得据此新增代码字段。
RP-030,runtime.RP-030.*,round_runtime,null,runtime payload,"四人计分账本；单项-1,000,000,000—1,000,000,000；\(Ledger_t(p)=Ledger_{t-1}(p)+HuDelta_t(p)+GangDelta_t(p)+TransferDelta_t(p)\)。每个零和结算事件应满足\(\sum_p\Delta_t(p)=0\)，平台非零和奖励须单独标记。",局内计分事件处理,HIDDEN_RUNTIME,CONTRACT_ONLY,ALGO-001|ALGO-003|ALGO-004|ALGO-005|ALGO-006|ALGO-007|AUDIT-001|AUDIT-002|AUDIT-003|AUDIT-005|AUDIT-008|AUDIT-009|AUDIT-010|AUDIT-012|AUDIT-013|AUDIT-014|HEUR-004|HEUR-005|HEUR-019|HEUR-020|HEUR-021|HEUR-022|HEUR-023|MODEL-001|MODEL-002|MODEL-003|RULE-013|SCORE-002|SCORE-003|SCORE-004|SCORE-005|SCORE-006|STATE-001|STATE-002|STATE-003|STATE-004|STATE-005|STATE-006|STATE-008|STATE-010|TRAIN-005|TRAIN-006|TRAIN-007,Task 19 parameter_registry.csv + players/humanlike/runtime.py,Task 19 未冻结统一叶级 payload schema；* 表示语义字段集合，批准前不得据此新增代码字段。
RP-031,runtime.RP-031.*,round_runtime,null,runtime payload,"公开信息集合；最多108张及相关状态；\(Reveal_t=Reveal_{t-1}\cup PublicPayload(Event_t,GP\text{-}021)\)。公开集合只能增加；错误撤回必须作为带版本的更正事件处理。",终局公开信息与审计,HIDDEN_RUNTIME,CONTRACT_ONLY,ALGO-001|ALGO-003|ALGO-004|ALGO-005|ALGO-006|ALGO-007|AUDIT-001|AUDIT-002|AUDIT-003|AUDIT-005|AUDIT-008|AUDIT-009|AUDIT-010|AUDIT-012|AUDIT-013|AUDIT-014|HEUR-004|HEUR-005|HEUR-019|HEUR-020|HEUR-021|HEUR-022|HEUR-023|MODEL-001|MODEL-002|MODEL-003|RULE-013|RULE-016|SCORE-002|SCORE-003|SCORE-004|SCORE-005|SCORE-006|STATE-001|STATE-002|STATE-003|STATE-004|STATE-005|STATE-006|STATE-008|STATE-010|TRAIN-005|TRAIN-006|TRAIN-007,Task 19 parameter_registry.csv + players/humanlike/runtime.py,Task 19 未冻结统一叶级 payload schema；* 表示语义字段集合，批准前不得据此新增代码字段。
RP-032,runtime.RP-032.*,round_runtime,null,runtime payload,"四人最终本局分；单项-1,000,000,000—1,000,000,000；\(RoundResult(p)=Ledger_{end}(p)+HuazhuDelta(p)+DajiaoDelta(p)+TaxRefundDelta(p)+OtherLegalDelta(p)\)，其中退税支付者为负、接收者为正，并应用[GP-013](#gp-013)规定的封顶顺序。通常要求四人总和为0。",单局结算与整场累计,HIDDEN_RUNTIME,IMPLEMENTED_PARTIAL,ALGO-001|ALGO-003|ALGO-004|ALGO-005|ALGO-006|ALGO-007|AUDIT-001|AUDIT-002|AUDIT-003|AUDIT-005|AUDIT-008|AUDIT-009|AUDIT-010|AUDIT-012|AUDIT-013|AUDIT-014|HEUR-004|HEUR-005|HEUR-019|HEUR-020|HEUR-021|HEUR-022|HEUR-023|MODEL-001|MODEL-002|MODEL-003|RULE-013|SCORE-002|SCORE-003|SCORE-004|SCORE-005|SCORE-006|STATE-001|STATE-002|STATE-003|STATE-004|STATE-005|STATE-006|STATE-008|STATE-010|TRAIN-005|TRAIN-006|TRAIN-007,Task 19 parameter_registry.csv + players/humanlike/runtime.py,Task 19 未冻结统一叶级 payload schema；* 表示语义字段集合，批准前不得据此新增代码字段。
RP-033,runtime.RP-033.*,round_runtime,null,runtime payload,"学习输出向量；每个特征0—1；历史长度受[GP-024](#gp-024)限制；对可学习特征\(f\)：\(Profile_{next}(f)=(1-\eta)Profile_{prev}(f)+\eta Observation_t(f)\)，\(\eta\in[0,1]\)。未公开信息对应的\(Observation\)必须为空且不得参与更新。",跨局画像学习与训练输出,HIDDEN_RUNTIME,IMPLEMENTED_PARTIAL,ALGO-001|ALGO-003|ALGO-004|ALGO-005|ALGO-006|ALGO-007|AUDIT-002|AUDIT-005|AUDIT-008|AUDIT-009|AUDIT-010|AUDIT-012|AUDIT-013|HEUR-004|HEUR-005|HEUR-019|HEUR-020|HEUR-021|HEUR-022|HEUR-023|MODEL-001|MODEL-002|MODEL-003|SCORE-002|SCORE-003|SCORE-004|SCORE-005|SCORE-006|STATE-001|STATE-002|STATE-003|STATE-004|STATE-005|STATE-006|STATE-010|TRAIN-003|TRAIN-004,Task 19 parameter_registry.csv + players/humanlike/runtime.py,Task 19 未冻结统一叶级 payload schema；* 表示语义字段集合，批准前不得据此新增代码字段。
