原审计ID,名称,目标功能,所属规则章节,关联GP_RP参数,声称的实现文件,实际找到的实现符号,调用方,测试文件,测试用例,运行证据,当前状态,历史证据等级（legacy EV）,缺失内容,阻塞依赖,建议优先级,原审计状态,原审计声明,原审计边界
AU-001,范围与合法性优先,血战、有限信息、合法性优先、唯一合法动作直出,人类化决策规则：第 0—6 章 / 0. 范围与合法性优先,"GP-002, GP-008～GP-010",engine/legal.py; players/humanlike/candidates.py; protocols/player_view_builder.py; protocols/player_view_v2.py; players/humanlike/view.py; training/oracle.py; engine/blood_battle.py,engine/legal.py:57::legal_actions; engine/legal.py:31::legal_discards; engine/legal.py:127::action_in_legal; players/humanlike/candidates.py:52::build_candidates; players/humanlike/candidates.py:24::stable_action_key; players/humanlike/candidates.py:35::CandidateSet; protocols/player_view_builder.py:72::PlayerViewBuilder; protocols/player_view_builder.py:76::build,engine/legal.py:75::legal_discards; engine/blood_battle.py:479::action_in_legal; engine/orchestrator.py:387::action_in_legal; training/env.py:214::action_in_legal; players/humanlike/player.py:116::build_candidates; players/humanlike/attention.py:51::stable_action_key,tests/humanlike_v2/test_deterministic_policy.py; tests/humanlike_v2/test_player_view_v2.py; tests/test_analysis.py,tests/humanlike_v2/test_deterministic_policy.py::test_mandatory_hu_survives_candidate_cap; tests/humanlike_v2/test_deterministic_policy.py::test_stable_action_key_is_explicit; tests/humanlike_v2/test_deterministic_policy.py::test_evaluation_is_repeatable_and_rng_free; tests/humanlike_v2/test_player_view_v2.py::test_v2_whitelist_hides_opponents_wall_and_sentinel; tests/humanlike_v2/test_player_view_v2.py::test_gp021_wall_and_concealed_gang_visibility_modes; tests/humanlike_v2/test_player_view_v2.py::test_gp021_all_visibility_fields_have_hidden_partial_exact_contracts; tests/test_analysis.py::test_an03_strategy_best_min_shanten,docs/status/F0028_2_ACCEPTANCE_2026-07-28.md::自动验收（report-only）; docs/status/F0028_3_ACCEPTANCE_2026-07-29.md::自动验收/批跑（report-only）; docs/status/F0028_6_ACCEPTANCE_2026-07-29.md::自动验收/10950观测（report-only）,INTEGRATED,EV4,原审计边界说明（未找到明确缺口）：强制动作不会被候选裁剪；2/3/4 人也可运行，超出源规则默认四人范围,无已识别硬阻塞,P0,完成,`engine/legal.py`、`players/humanlike/candidates.py`；legal-only、mandatory、泄漏测试,强制动作不会被候选裁剪；2/3/4 人也可运行，超出源规则默认四人范围
AU-002,可见信息边界,仅使用人类界面可见信息，公开范围由配置控制,人类化决策规则：第 0—6 章 / 0. 可见信息边界,GP-021,protocols/player_view_builder.py; protocols/player_view_v2.py; players/humanlike/view.py; training/oracle.py; players/humanlike/config.py; players/humanlike/traceability.py; configs/humanlike_v2/default.json,protocols/player_view_builder.py:72::PlayerViewBuilder; protocols/player_view_builder.py:76::build; protocols/player_view_builder.py:143::build_legacy_dict; protocols/player_view_v2.py:34::PlayerViewV2; protocols/player_view_v2.py:12::freeze_mapping; protocols/player_view_v2.py:25::thaw; players/humanlike/view.py:66::build_decision_context; players/humanlike/view.py:19::DecisionContext,protocols/view_filter.py:13::PlayerViewBuilder; protocols/view_filter.py:13::build_legacy_dict; players/humanlike/view.py:57::PlayerViewV2; protocols/player_view_builder.py:135::PlayerViewV2; protocols/player_view_v2.py:43::freeze_mapping; players/humanlike/player.py:93::build_decision_context,tests/humanlike_v2/test_deterministic_policy.py; tests/humanlike_v2/test_player_view_v2.py,tests/humanlike_v2/test_deterministic_policy.py::test_context_rejects_wrong_view_version_and_seat; tests/humanlike_v2/test_player_view_v2.py::test_v2_whitelist_hides_opponents_wall_and_sentinel; tests/humanlike_v2/test_player_view_v2.py::test_gp021_wall_and_concealed_gang_visibility_modes; tests/humanlike_v2/test_player_view_v2.py::test_gp021_all_visibility_fields_have_hidden_partial_exact_contracts,docs/status/F0028_2_ACCEPTANCE_2026-07-28.md::自动验收（report-only）; docs/status/F0028_3_ACCEPTANCE_2026-07-29.md::自动验收/批跑（report-only）; docs/status/F0028_6_ACCEPTANCE_2026-07-29.md::自动验收/10950观测（report-only）,INTEGRATED,EV4,原审计边界说明（未找到明确缺口）：生产 Humanlike v2 为 PlayerView-only；训练 oracle 仍存在但隔离在 `training/oracle.py`,无已识别硬阻塞,P1,完成,`protocols/player_view_builder.py`、`player_view_v2.py`；GP-021 全可见性测试、oracle 隔离测试,生产 Humanlike v2 为 PlayerView-only；训练 oracle 仍存在但隔离在 `training/oracle.py`
AU-003,游戏开始,读取规则、座位、局数；初始化局内记忆并保留模糊对手印象,人类化决策规则：第 0—6 章 / 1. 游戏开始,RP-001～RP-033,players/humanlike/player.py; players/humanlike/cognition.py; players/humanlike/runtime.py,players/humanlike/player.py:29::HumanlikeV2Player; players/humanlike/player.py:56::observe; players/humanlike/player.py:88::decide; players/humanlike/cognition.py:24::CognitiveState; players/humanlike/cognition.py:51::begin_new_round; players/humanlike/cognition.py:81::update_memory; players/humanlike/runtime.py:34::RoundRuntime; players/humanlike/runtime.py:46::create_round,players/humanlike/audit_replay.py:60::HumanlikeV2Player; players/humanlike/player.py:82::begin_new_round; players/humanlike/player.py:122::update_memory,tests/humanlike_v2/test_cognition.py; tests/humanlike_v2/test_deterministic_policy.py; tests/humanlike_v2/test_humanlike_player_integration.py,tests/humanlike_v2/test_cognition.py::test_bounded_noise_is_reproducible_and_stays_in_near_pool; tests/humanlike_v2/test_cognition.py::test_round_reset_keeps_only_bounded_public_impressions; tests/humanlike_v2/test_cognition.py::test_player_emits_trace_v2_and_cognitive_rp_slots; tests/humanlike_v2/test_deterministic_policy.py::test_player_dingque_and_trace_are_deterministic; tests/humanlike_v2/test_deterministic_policy.py::test_hidden_opponent_hands_cannot_change_decision; tests/humanlike_v2/test_humanlike_player_integration.py::test_registry_exposes_humanlike_without_changing_old_defaults,docs/status/F0028_3_ACCEPTANCE_2026-07-29.md::自动验收/批跑（report-only）; docs/status/F0028_4_ACCEPTANCE_2026-07-29.md::自动验收/性能（report-only）,PARTIAL,EV3,能保留有界公共印象；没有稳定的玩家身份系统，跨桌长期画像和完整历史习惯学习未实现,无已识别硬阻塞,P0,部分完成,config、runtime、`CognitiveState.reset_round()`；跨局有界公开印象测试,能保留有界公共印象；没有稳定的玩家身份系统，跨桌长期画像和完整历史习惯学习未实现
AU-004,学习规则,读取换牌/定缺/响应/番型/结算/公开范围等全部房规并形成风格,人类化决策规则：第 0—6 章 / 2. 学习规则,GP-001～GP-027,players/humanlike/config.py; players/humanlike/traceability.py; configs/humanlike_v2/default.json; players/humanlike/cognition.py; players/humanlike/policy.py; engine/exchange.py; engine/opening.py,players/humanlike/config.py:301::load_config; players/humanlike/config.py:156::HumanlikeConfig; players/humanlike/config.py:192::_validate_global_parameters; players/humanlike/traceability.py:12::ParameterTrace; players/humanlike/traceability.py:19::_gp_consumer; players/humanlike/traceability.py:31::_rp_consumer; players/humanlike/cognition.py:24::CognitiveState; players/humanlike/cognition.py:51::begin_new_round,players/humanlike/player.py:46::load_config; players/humanlike/settings_service.py:38::load_config; players/humanlike/config.py:333::HumanlikeConfig; players/humanlike/config.py:151::_validate_global_parameters; players/humanlike/traceability.py:46::ParameterTrace; players/humanlike/traceability.py:46::_gp_consumer,tests/humanlike_v2/test_cognition.py; tests/humanlike_v2/test_config.py,tests/humanlike_v2/test_cognition.py::test_bounded_noise_is_reproducible_and_stays_in_near_pool; tests/humanlike_v2/test_cognition.py::test_round_reset_keeps_only_bounded_public_impressions; tests/humanlike_v2/test_config.py::test_default_has_all_gp_profiles_and_stable_hash; tests/humanlike_v2/test_config.py::test_hash_ignores_json_format_and_key_order; tests/humanlike_v2/test_config.py::test_missing_gp_fails; tests/humanlike_v2/test_config.py::test_unknown_version_fails; tests/humanlike_v2/test_config.py::test_invalid_range_fails; tests/humanlike_v2/test_config.py::test_non_normalized_weights_fail,docs/status/F0028_4_ACCEPTANCE_2026-07-29.md::自动验收/性能（report-only）; docs/status/F0030_ACCEPTANCE_2026-07-29.md::自动验收/逐座批跑（report-only）,PARTIAL,EV3,27 GP 均注册并验证；部分房规是配置模型而非所有组合均有引擎分支和对照测试,无已识别硬阻塞,P0,部分完成,GP-001～027 validator、engine adapter、compatibility matrix、四座 profile,27 GP 均注册并验证；部分房规是配置模型而非所有组合均有引擎分支和对照测试
AU-005,风格动态变化,保守/平衡/激进随比分、局数、牌质和对手变化,人类化决策规则：第 0—6 章 / 2. 风格动态变化,GP-023～GP-027,players/humanlike/config.py; players/humanlike/traceability.py; configs/humanlike_v2/default.json; players/humanlike/cognition.py; players/humanlike/policy.py; players/humanlike/belief.py; players/analysis/opponent_model.py,players/humanlike/config.py:301::load_config; players/humanlike/config.py:156::HumanlikeConfig; players/humanlike/config.py:192::_validate_global_parameters; players/humanlike/traceability.py:12::ParameterTrace; players/humanlike/traceability.py:19::_gp_consumer; players/humanlike/traceability.py:31::_rp_consumer; players/humanlike/cognition.py:24::CognitiveState; players/humanlike/cognition.py:51::begin_new_round,players/humanlike/player.py:46::load_config; players/humanlike/settings_service.py:38::load_config; players/humanlike/config.py:333::HumanlikeConfig; players/humanlike/config.py:151::_validate_global_parameters; players/humanlike/traceability.py:46::ParameterTrace; players/humanlike/traceability.py:46::_gp_consumer,tests/humanlike_v2/test_cognition.py; tests/humanlike_v2/test_config.py,tests/humanlike_v2/test_cognition.py::test_bounded_noise_is_reproducible_and_stays_in_near_pool; tests/humanlike_v2/test_cognition.py::test_round_reset_keeps_only_bounded_public_impressions; tests/humanlike_v2/test_config.py::test_default_has_all_gp_profiles_and_stable_hash; tests/humanlike_v2/test_config.py::test_hash_ignores_json_format_and_key_order; tests/humanlike_v2/test_config.py::test_missing_gp_fails; tests/humanlike_v2/test_config.py::test_unknown_version_fails; tests/humanlike_v2/test_config.py::test_invalid_range_fails; tests/humanlike_v2/test_config.py::test_non_normalized_weights_fail,docs/status/F0028_3_ACCEPTANCE_2026-07-29.md::自动验收/批跑（report-only）; docs/status/F0028_4_ACCEPTANCE_2026-07-29.md::自动验收/性能（report-only）; docs/status/F0030_ACCEPTANCE_2026-07-29.md::自动验收/逐座批跑（report-only）,PARTIAL,EV3,风格会改变阈值、候选和扰动；对剩余局数、名次目标的系统效用建模较浅,无已识别硬阻塞,P2,部分完成,profile、cognition/policy 的 level/style 单调测试、score-gap 噪声门禁,风格会改变阈值、候选和扰动；对剩余局数、名次目标的系统效用建模较浅
AU-006,定庄与座位,庄家、上下对家、活动顺序、胡后重排,人类化决策规则：第 0—6 章 / 3. 定庄与座位,GP-003,engine/dice.py; engine/deal.py; engine/game_id.py; engine/blood_battle.py,engine/dice.py:10::DiceResult; engine/dice.py:16::to_dict; engine/deal.py:13::create_dealt_game; engine/game_id.py:16::DerivedSeeds; engine/game_id.py:23::normalize_game_id; engine/blood_battle.py:62::active_seats; engine/blood_battle.py:66::next_active; engine/blood_battle.py:474::apply_action,engine/dice.py:47::DiceResult; engine/orchestrator.py:125::create_dealt_game; engine/session.py:152::create_dealt_game; training/env.py:158::create_dealt_game; engine/game_id.py:50::DerivedSeeds; engine/deal.py:38::normalize_game_id,tests/humanlike_v2/test_audit_replay.py; tests/humanlike_v2/test_cognition.py; tests/humanlike_v2/test_deterministic_policy.py; tests/test_blood_battle.py,tests/humanlike_v2/test_audit_replay.py::test_writer_rejects_opponent_hand_leak_and_illegal_action; tests/humanlike_v2/test_cognition.py::test_player_emits_trace_v2_and_cognitive_rp_slots; tests/humanlike_v2/test_deterministic_policy.py::test_context_rejects_wrong_view_version_and_seat; tests/humanlike_v2/test_deterministic_policy.py::test_player_dingque_and_trace_are_deterministic; tests/humanlike_v2/test_deterministic_policy.py::test_hidden_opponent_hands_cannot_change_decision; tests/test_blood_battle.py::test_b02_discard_pass_cycle; tests/test_blood_battle.py::test_force_complete_response_unblocks; tests/test_blood_battle.py::test_blood_battle_continues_after_first_hu,docs/status/SPEC_IMPLEMENTATION_AUDIT_2026-07-29.md::测试与运行效果证据（report-only；未找到原始产物）,TESTED,EV3,原审计边界说明（未找到明确缺口）：座位与轮转可靠；庄家自定义加分/连庄组合没有完整矩阵测试,无已识别硬阻塞,P3,完成,`engine/deal.py`、`blood_battle.py`、state；game_id/dice/血战继续测试,座位与轮转可靠；庄家自定义加分/连庄组合没有完整矩阵测试
AU-007,独立对手模型,按座位分别建模且早期保留不确定性,人类化决策规则：第 0—6 章 / 3. 独立对手模型,RP-006～RP-017,players/humanlike/belief.py; players/analysis/opponent_model.py; players/analysis/danger.py,players/humanlike/belief.py:35::build_public_belief; players/humanlike/belief.py:15::PublicBelief; players/analysis/opponent_model.py:10::estimate_opponents; players/analysis/danger.py:29::rate_discard_danger; players/analysis/danger.py:68::danger_map_for_tiles,players/humanlike/player.py:107::build_public_belief; players/humanlike/belief.py:96::PublicBelief; players/analysis/discard_accuracy.py:96::estimate_opponents; players/analysis/pipeline.py:46::estimate_opponents; players/analysis/danger.py:76::rate_discard_danger; players/analysis/pipeline.py:100::danger_map_for_tiles,tests/humanlike_v2/test_deterministic_policy.py; tests/test_discard_recommend.py; tests/test_f0011_integrated.py,tests/humanlike_v2/test_deterministic_policy.py::test_public_belief_uses_only_visible_counts; tests/humanlike_v2/test_deterministic_policy.py::test_evaluation_is_repeatable_and_rng_free; tests/test_discard_recommend.py::test_strategy_ranks_include_ukeire_tiles; tests/test_f0011_integrated.py::test_build_f0010_context_and_rank; tests/test_f0011_integrated.py::test_fan_proxy_and_baseline_compat,docs/status/F0028_3_ACCEPTANCE_2026-07-29.md::自动验收/批跑（report-only）,PARTIAL,EV3,按座位分离公开压力，但不是源规范要求的完整多假设概率模型,无已识别硬阻塞,P3,部分完成,`PublicBelief.opponent_suit_pressure`、memory tokens,按座位分离公开压力，但不是源规范要求的完整多假设概率模型
AU-008,初始手牌整理,13/14 张、花色/对子/刻子/搭子/重叠结构、普通/七对/清一色方向,人类化决策规则：第 0—6 章 / 4. 初始手牌整理,RP-003～RP-005,engine/shanten.py; players/humanlike/plan.py; players/humanlike/cognition.py; players/humanlike/hand_analyzer.py; engine/win_check.py,engine/shanten.py:272::shanten; players/humanlike/plan.py:19::choose_plan; players/humanlike/plan.py:11::PlanSnapshot; players/humanlike/cognition.py:24::CognitiveState; players/humanlike/cognition.py:51::begin_new_round; players/humanlike/cognition.py:81::update_memory; players/humanlike/hand_analyzer.py:51::analyze_action; players/humanlike/hand_analyzer.py:29::visible_hand,engine/score.py:124::shanten; engine/shanten.py:65::shanten; players/analysis/discard_accuracy.py:42::shanten; players/analysis/pipeline.py:49::shanten; players/analysis/strategy.py:78::shanten; players/humanlike/hand_analyzer.py:54::shanten,tests/humanlike_v2/test_cognition.py; tests/test_shanten.py,tests/humanlike_v2/test_cognition.py::test_bounded_noise_is_reproducible_and_stays_in_near_pool; tests/humanlike_v2/test_cognition.py::test_round_reset_keeps_only_bounded_public_impressions; tests/test_shanten.py::test_s02_winning_standard_shanten_neg1; tests/test_shanten.py::test_s01_tenpai_shanten_0; tests/test_shanten.py::test_s03_seven_pairs_tenpai; tests/test_shanten.py::test_s04_dingque_raises_shanten,docs/status/F0028_3_ACCEPTANCE_2026-07-29.md::自动验收/批跑（report-only）; docs/status/F0028_4_ACCEPTANCE_2026-07-29.md::自动验收/性能（report-only）,PARTIAL,EV3,标准与七对向听可靠；Humanlike 特征将复杂结构压缩为 speed/value/defense/flexibility，未保留全部拆解与等待形状,无已识别硬阻塞,P3,部分完成,`engine/shanten.py`、humanlike hand analyzer、F0010/F0011 分析,标准与七对向听可靠；Humanlike 特征将复杂结构压缩为 speed/value/defense/flexibility，未保留全部拆解与等待形状
AU-009,初步计划可修正,初始方向不能锁死，后续信息可推翻,人类化决策规则：第 0—6 章 / 4. 初步计划可修正,"RP-019, RP-020",players/humanlike/plan.py; players/humanlike/cognition.py,players/humanlike/plan.py:19::choose_plan; players/humanlike/plan.py:11::PlanSnapshot; players/humanlike/cognition.py:24::CognitiveState; players/humanlike/cognition.py:51::begin_new_round; players/humanlike/cognition.py:81::update_memory,players/humanlike/evaluator.py:90::choose_plan; players/humanlike/plan.py:21::PlanSnapshot; players/humanlike/player.py:82::begin_new_round; players/humanlike/player.py:122::update_memory,tests/humanlike_v2/test_cognition.py,tests/humanlike_v2/test_cognition.py::test_bounded_noise_is_reproducible_and_stays_in_near_pool; tests/humanlike_v2/test_cognition.py::test_round_reset_keeps_only_bounded_public_impressions,docs/status/F0028_3_ACCEPTANCE_2026-07-29.md::自动验收/批跑（report-only）; docs/status/F0028_4_ACCEPTANCE_2026-07-29.md::自动验收/性能（report-only）,PARTIAL,EV3,有主/备计划和重启阈值；计划标签较粗，非第 7 章完整计划空间,无已识别硬阻塞,P2,部分完成,`plan.py`、`cognition.py` 的 plan inertia/restart,有主/备计划和重启阈值；计划标签较粗，非第 7 章完整计划空间
AU-010,换三张合法性,同花色三张、方向交换、接收后重算,人类化决策规则：第 0—6 章 / 5. 换三张合法性,"GP-005, GP-006, RP-001, RP-002",engine/exchange.py; engine/opening.py,engine/exchange.py:57::validate_exchange_tiles; engine/exchange.py:76::resolve_exchange_tiles; engine/exchange.py:38::resolve_exchange_direction; engine/opening.py:91::begin_opening; engine/opening.py:157::submit_exchange; engine/opening.py:176::submit_dingque,engine/exchange.py:87::validate_exchange_tiles; engine/opening.py:218::validate_exchange_tiles; engine/orchestrator.py:463::validate_exchange_tiles; training/env.py:485::validate_exchange_tiles; engine/opening.py:123::resolve_exchange_tiles; engine/opening.py:55::resolve_exchange_direction,tests/test_exchange_dingque.py,tests/test_exchange_dingque.py::test_t02_auto_dice_mapping; tests/test_exchange_dingque.py::test_t03_full_exchange_to_dingque; tests/test_exchange_dingque.py::test_human_face_exchange_resolves_to_physical_tiles; tests/test_exchange_dingque.py::test_t04_multiset_transfer; tests/test_exchange_dingque.py::test_t05_illegal_exchange; tests/test_exchange_dingque.py::test_t06_overwrite_pending; tests/test_exchange_dingque.py::test_t07_fixed_clockwise; tests/test_exchange_dingque.py::test_t09_dingque_overwrite,docs/status/SPEC_IMPLEMENTATION_AUDIT_2026-07-29.md::测试与运行效果证据（report-only；未找到原始产物）,TESTED,EV3,原审计边界说明（未找到明确缺口）：规则和实体牌守恒充分验证，支持固定/骰子等方向,无已识别硬阻塞,P0,完成,`engine/exchange.py`、opening；14 项 exchange/dingque 测试、实体牌转移测试,规则和实体牌守恒充分验证，支持固定/骰子等方向
AU-011,换牌策略,保护强结构、优先弱张、相近方案降低送牌、来源仅作弱线索,人类化决策规则：第 0—6 章 / 5. 换牌策略,GP-023～GP-026,players/humanlike/hand_analyzer.py; engine/shanten.py; engine/win_check.py; engine/exchange.py; engine/opening.py; players/humanlike/evaluator.py; players/humanlike/policy.py,players/humanlike/hand_analyzer.py:51::analyze_action; players/humanlike/hand_analyzer.py:29::visible_hand; players/humanlike/hand_analyzer.py:17::HandFeatures; engine/shanten.py:272::shanten; engine/win_check.py:21::WinForm; engine/win_check.py:27::WinCheckResult; engine/exchange.py:57::validate_exchange_tiles; engine/exchange.py:76::resolve_exchange_tiles,players/humanlike/evaluator.py:70::analyze_action; players/humanlike/player.py:111::analyze_action; players/humanlike/evaluator.py:66::visible_hand; players/humanlike/hand_analyzer.py:52::visible_hand; players/humanlike/hand_analyzer.py:80::HandFeatures; engine/score.py:124::shanten,tests/test_shanten.py; tests/test_win_fan.py,tests/test_shanten.py::test_s02_winning_standard_shanten_neg1; tests/test_shanten.py::test_s01_tenpai_shanten_0; tests/test_shanten.py::test_s03_seven_pairs_tenpai; tests/test_shanten.py::test_s04_dingque_raises_shanten; tests/test_win_fan.py::test_w01_standard_win; tests/test_win_fan.py::test_w02_seven_pairs,docs/status/F0028_3_ACCEPTANCE_2026-07-29.md::自动验收/批跑（report-only）; docs/status/F0028_4_ACCEPTANCE_2026-07-29.md::自动验收/性能（report-only）,PARTIAL,EV3,能基于结构和公开危险排序，但没有逐条实现刻子/顺子/对子保护与来源可信度模型,无已识别硬阻塞,P3,部分完成,Humanlike evaluator 的 exchange danger/结构评分、belief,能基于结构和公开危险排序，但没有逐条实现刻子/顺子/对子保护与来源可信度模型
AU-012,定缺选择,0 张优先、少而散优先、保护强结构、清一色仅自然影响,人类化决策规则：第 0—6 章 / 6. 定缺选择,RP-003～RP-005,players/humanlike/hand_analyzer.py; engine/shanten.py; engine/win_check.py; engine/opening.py; engine/legal.py; players/humanlike/evaluator.py,players/humanlike/hand_analyzer.py:51::analyze_action; players/humanlike/hand_analyzer.py:29::visible_hand; players/humanlike/hand_analyzer.py:17::HandFeatures; engine/shanten.py:272::shanten; engine/win_check.py:21::WinForm; engine/win_check.py:27::WinCheckResult; engine/opening.py:91::begin_opening; engine/opening.py:157::submit_exchange,players/humanlike/evaluator.py:70::analyze_action; players/humanlike/player.py:111::analyze_action; players/humanlike/evaluator.py:66::visible_hand; players/humanlike/hand_analyzer.py:52::visible_hand; players/humanlike/hand_analyzer.py:80::HandFeatures; engine/score.py:124::shanten,tests/test_exchange_dingque.py,tests/test_exchange_dingque.py::test_t03_full_exchange_to_dingque; tests/test_exchange_dingque.py::test_human_face_exchange_resolves_to_physical_tiles; tests/test_exchange_dingque.py::test_t04_multiset_transfer; tests/test_exchange_dingque.py::test_t05_illegal_exchange; tests/test_exchange_dingque.py::test_t06_overwrite_pending; tests/test_exchange_dingque.py::test_t07_fixed_clockwise; tests/test_exchange_dingque.py::test_t09_dingque_overwrite; tests/test_exchange_dingque.py::test_wrong_phase_ops,docs/status/F0028_3_ACCEPTANCE_2026-07-29.md::自动验收/批跑（report-only）,PARTIAL,EV3,有数量和结构启发式；清一色潜力、风格和清缺成本没有完整联合评估,无已识别硬阻塞,P2,部分完成,dingque action evaluator、shanten dingque、opening tests,有数量和结构启发式；清一色潜力、风格和清缺成本没有完整联合评估
AU-013,清缺约束,缺门未清只能打缺、不能胡，后期避免花猪,人类化决策规则：第 0—6 章 / 6. 清缺约束,"GP-002, RP-003",engine/legal.py; engine/win_check.py,engine/legal.py:57::legal_actions; engine/legal.py:31::legal_discards; engine/legal.py:127::action_in_legal; engine/win_check.py:21::WinForm; engine/win_check.py:27::WinCheckResult,engine/legal.py:75::legal_discards; engine/blood_battle.py:479::action_in_legal; engine/orchestrator.py:387::action_in_legal; training/env.py:214::action_in_legal; engine/win_check.py:110::WinCheckResult,tests/test_analysis.py; tests/test_win_fan.py,tests/test_analysis.py::test_an03_strategy_best_min_shanten; tests/test_win_fan.py::test_w01_standard_win; tests/test_win_fan.py::test_w02_seven_pairs,docs/status/SPEC_IMPLEMENTATION_AUDIT_2026-07-29.md::测试与运行效果证据（report-only；未找到原始产物）,TESTED,EV3,原审计边界说明（未找到明确缺口）：规则层强约束可靠；缺门内部“更安全/少送牌”的细粒度顺序仍是近似策略,无已识别硬阻塞,P3,完成,`engine/legal.py`、win_check、blood_battle；强制出缺与禁止胡测试,规则层强约束可靠；缺门内部“更安全/少送牌”的细粒度顺序仍是近似策略
AU-014,动态做牌方向,方向是动态目标，不是固定牌型,人类化决策规则：第 7—14 章 / 7.1 做牌方向,"RP-019, RP-020",players/humanlike/plan.py; players/humanlike/cognition.py,players/humanlike/plan.py:19::choose_plan; players/humanlike/plan.py:11::PlanSnapshot; players/humanlike/cognition.py:24::CognitiveState; players/humanlike/cognition.py:51::begin_new_round; players/humanlike/cognition.py:81::update_memory,players/humanlike/evaluator.py:90::choose_plan; players/humanlike/plan.py:21::PlanSnapshot; players/humanlike/player.py:82::begin_new_round; players/humanlike/player.py:122::update_memory,tests/humanlike_v2/test_cognition.py,tests/humanlike_v2/test_cognition.py::test_bounded_noise_is_reproducible_and_stays_in_near_pool; tests/humanlike_v2/test_cognition.py::test_round_reset_keeps_only_bounded_public_impressions,docs/status/F0028_3_ACCEPTANCE_2026-07-29.md::自动验收/批跑（report-only）; docs/status/F0028_4_ACCEPTANCE_2026-07-29.md::自动验收/性能（report-only）,PARTIAL,EV3,具备 clear_dingque/fast_win/value_hand/defend/balanced 等标签；牌型空间明显少于源规则,无已识别硬阻塞,P3,部分完成,`plan.py`、`cognition.py`；计划惯性/重启测试,具备 clear_dingque/fast_win/value_hand/defend/balanced 等标签；牌型空间明显少于源规则
AU-015,花色环境,根据四家定缺组合判断两门可用牌环境,人类化决策规则：第 7—14 章 / 7.2 花色环境,RP-006～RP-018,protocols/player_view_builder.py; protocols/player_view_v2.py; players/humanlike/view.py; training/oracle.py; engine/opening.py; engine/legal.py; players/humanlike/evaluator.py,protocols/player_view_builder.py:72::PlayerViewBuilder; protocols/player_view_builder.py:76::build; protocols/player_view_builder.py:143::build_legacy_dict; protocols/player_view_v2.py:34::PlayerViewV2; protocols/player_view_v2.py:12::freeze_mapping; protocols/player_view_v2.py:25::thaw; players/humanlike/view.py:66::build_decision_context; players/humanlike/view.py:19::DecisionContext,protocols/view_filter.py:13::PlayerViewBuilder; protocols/view_filter.py:13::build_legacy_dict; players/humanlike/view.py:57::PlayerViewV2; protocols/player_view_builder.py:135::PlayerViewV2; protocols/player_view_v2.py:43::freeze_mapping; players/humanlike/player.py:93::build_decision_context,tests/humanlike_v2/test_deterministic_policy.py; tests/humanlike_v2/test_player_view_v2.py,tests/humanlike_v2/test_deterministic_policy.py::test_context_rejects_wrong_view_version_and_seat; tests/humanlike_v2/test_player_view_v2.py::test_v2_whitelist_hides_opponents_wall_and_sentinel; tests/humanlike_v2/test_player_view_v2.py::test_gp021_wall_and_concealed_gang_visibility_modes; tests/humanlike_v2/test_player_view_v2.py::test_gp021_all_visibility_fields_have_hidden_partial_exact_contracts,docs/status/F0028_2_ACCEPTANCE_2026-07-28.md::自动验收（report-only）; docs/status/F0028_3_ACCEPTANCE_2026-07-29.md::自动验收/批跑（report-only）; docs/status/F0028_6_ACCEPTANCE_2026-07-29.md::自动验收/10950观测（report-only）,PARTIAL,EV3,可读取四家定缺和公开副露；没有对源文档列出的全部定缺组合逐案编码和测试,无已识别硬阻塞,P3,部分完成,PlayerView dingque、belief suit pressure,可读取四家定缺和公开副露；没有对源文档列出的全部定缺组合逐案编码和测试
AU-016,逐家方向假设,为每名对手维护两门、清一色、七对、对对胡、听牌等假设,人类化决策规则：第 7—14 章 / 7.3 逐家方向,RP-006～RP-017,players/humanlike/plan.py; players/humanlike/cognition.py; players/humanlike/belief.py; players/analysis/opponent_model.py; players/analysis/danger.py; players/humanlike/hand_analyzer.py; engine/shanten.py,players/humanlike/plan.py:19::choose_plan; players/humanlike/plan.py:11::PlanSnapshot; players/humanlike/cognition.py:24::CognitiveState; players/humanlike/cognition.py:51::begin_new_round; players/humanlike/cognition.py:81::update_memory; players/humanlike/belief.py:35::build_public_belief; players/humanlike/belief.py:15::PublicBelief; players/analysis/opponent_model.py:10::estimate_opponents,players/humanlike/evaluator.py:90::choose_plan; players/humanlike/plan.py:21::PlanSnapshot; players/humanlike/player.py:82::begin_new_round; players/humanlike/player.py:122::update_memory; players/humanlike/player.py:107::build_public_belief; players/humanlike/belief.py:96::PublicBelief,tests/humanlike_v2/test_cognition.py; tests/humanlike_v2/test_deterministic_policy.py; tests/test_discard_recommend.py; tests/test_f0011_integrated.py,tests/humanlike_v2/test_cognition.py::test_bounded_noise_is_reproducible_and_stays_in_near_pool; tests/humanlike_v2/test_cognition.py::test_round_reset_keeps_only_bounded_public_impressions; tests/humanlike_v2/test_deterministic_policy.py::test_public_belief_uses_only_visible_counts; tests/humanlike_v2/test_deterministic_policy.py::test_evaluation_is_repeatable_and_rng_free; tests/test_discard_recommend.py::test_strategy_ranks_include_ukeire_tiles; tests/test_f0011_integrated.py::test_build_f0010_context_and_rank; tests/test_f0011_integrated.py::test_fan_proxy_and_baseline_compat,docs/status/F0028_3_ACCEPTANCE_2026-07-29.md::自动验收/批跑（report-only）; docs/status/F0028_4_ACCEPTANCE_2026-07-29.md::自动验收/性能（report-only）,PARTIAL,EV3,F0010 有较丰富预测，但 Humanlike v2 生产决策只消费简化花色压力/危险度，不是完整贝叶斯假设分布,无已识别硬阻塞,P3,部分完成,F0010 hand prediction；Humanlike `PublicBelief`,F0010 有较丰富预测，但 Humanlike v2 生产决策只消费简化花色压力/危险度，不是完整贝叶斯假设分布
AU-017,动态调整,随手牌、公开牌、碰杠、对手进度和阶段调整,人类化决策规则：第 7—14 章 / 7.4–7.8 动态调整,RP-006～RP-020,players/humanlike/belief.py; players/analysis/opponent_model.py; players/analysis/danger.py; players/humanlike/hand_analyzer.py; engine/shanten.py; engine/win_check.py; engine/blood_battle.py,players/humanlike/belief.py:35::build_public_belief; players/humanlike/belief.py:15::PublicBelief; players/analysis/opponent_model.py:10::estimate_opponents; players/analysis/danger.py:29::rate_discard_danger; players/analysis/danger.py:68::danger_map_for_tiles; players/humanlike/hand_analyzer.py:51::analyze_action; players/humanlike/hand_analyzer.py:29::visible_hand; players/humanlike/hand_analyzer.py:17::HandFeatures,players/humanlike/player.py:107::build_public_belief; players/humanlike/belief.py:96::PublicBelief; players/analysis/discard_accuracy.py:96::estimate_opponents; players/analysis/pipeline.py:46::estimate_opponents; players/analysis/danger.py:76::rate_discard_danger; players/analysis/pipeline.py:100::danger_map_for_tiles,tests/humanlike_v2/test_deterministic_policy.py; tests/test_discard_recommend.py; tests/test_f0011_integrated.py,tests/humanlike_v2/test_deterministic_policy.py::test_public_belief_uses_only_visible_counts; tests/humanlike_v2/test_deterministic_policy.py::test_evaluation_is_repeatable_and_rng_free; tests/test_discard_recommend.py::test_strategy_ranks_include_ukeire_tiles; tests/test_f0011_integrated.py::test_build_f0010_context_and_rank; tests/test_f0011_integrated.py::test_fan_proxy_and_baseline_compat,docs/status/F0028_3_ACCEPTANCE_2026-07-29.md::自动验收/批跑（report-only）,PARTIAL,EV3,新观测会重算特征与计划；阶段性阈值和逐条策略未全部落地,无已识别硬阻塞,P2,部分完成,hand features、public belief、phase、plan restart,新观测会重算特征与计划；阶段性阈值和逐条策略未全部落地
AU-018,胡牌人数,胡后重估速度、风险和活动顺序,人类化决策规则：第 7—14 章 / 7.9 胡牌人数,"RP-018, RP-021",protocols/player_view_builder.py; protocols/player_view_v2.py; players/humanlike/view.py; training/oracle.py; players/humanlike/belief.py; players/analysis/opponent_model.py; players/analysis/danger.py,protocols/player_view_builder.py:72::PlayerViewBuilder; protocols/player_view_builder.py:76::build; protocols/player_view_builder.py:143::build_legacy_dict; protocols/player_view_v2.py:34::PlayerViewV2; protocols/player_view_v2.py:12::freeze_mapping; protocols/player_view_v2.py:25::thaw; players/humanlike/view.py:66::build_decision_context; players/humanlike/view.py:19::DecisionContext,protocols/view_filter.py:13::PlayerViewBuilder; protocols/view_filter.py:13::build_legacy_dict; players/humanlike/view.py:57::PlayerViewV2; protocols/player_view_builder.py:135::PlayerViewV2; protocols/player_view_v2.py:43::freeze_mapping; players/humanlike/player.py:93::build_decision_context,tests/humanlike_v2/test_deterministic_policy.py; tests/humanlike_v2/test_player_view_v2.py,tests/humanlike_v2/test_deterministic_policy.py::test_context_rejects_wrong_view_version_and_seat; tests/humanlike_v2/test_player_view_v2.py::test_v2_whitelist_hides_opponents_wall_and_sentinel; tests/humanlike_v2/test_player_view_v2.py::test_gp021_wall_and_concealed_gang_visibility_modes; tests/humanlike_v2/test_player_view_v2.py::test_gp021_all_visibility_fields_have_hidden_partial_exact_contracts,docs/status/F0028_2_ACCEPTANCE_2026-07-28.md::自动验收（report-only）; docs/status/F0028_3_ACCEPTANCE_2026-07-29.md::自动验收/批跑（report-only）; docs/status/F0028_6_ACCEPTANCE_2026-07-29.md::自动验收/10950观测（report-only）,PARTIAL,EV3,规则顺序会更新；策略效用只间接反映，未实现完整“第几胡”收益曲线,无已识别硬阻塞,P0,部分完成,active seats、blood battle、PlayerView status,规则顺序会更新；策略效用只间接反映，未实现完整“第几胡”收益曲线
AU-019,比分与剩余局,领先求稳、落后追分、目标名次,人类化决策规则：第 7—14 章 / 7.10 比分/剩余局,"GP-027, RP-022",players/humanlike/config.py; players/humanlike/traceability.py; configs/humanlike_v2/default.json; players/humanlike/cognition.py; players/humanlike/policy.py,players/humanlike/config.py:301::load_config; players/humanlike/config.py:156::HumanlikeConfig; players/humanlike/config.py:192::_validate_global_parameters; players/humanlike/traceability.py:12::ParameterTrace; players/humanlike/traceability.py:19::_gp_consumer; players/humanlike/traceability.py:31::_rp_consumer; players/humanlike/cognition.py:24::CognitiveState; players/humanlike/cognition.py:51::begin_new_round,players/humanlike/player.py:46::load_config; players/humanlike/settings_service.py:38::load_config; players/humanlike/config.py:333::HumanlikeConfig; players/humanlike/config.py:151::_validate_global_parameters; players/humanlike/traceability.py:46::ParameterTrace; players/humanlike/traceability.py:46::_gp_consumer,tests/humanlike_v2/test_cognition.py; tests/humanlike_v2/test_config.py,tests/humanlike_v2/test_cognition.py::test_bounded_noise_is_reproducible_and_stays_in_near_pool; tests/humanlike_v2/test_cognition.py::test_round_reset_keeps_only_bounded_public_impressions; tests/humanlike_v2/test_config.py::test_default_has_all_gp_profiles_and_stable_hash; tests/humanlike_v2/test_config.py::test_hash_ignores_json_format_and_key_order; tests/humanlike_v2/test_config.py::test_missing_gp_fails; tests/humanlike_v2/test_config.py::test_unknown_version_fails; tests/humanlike_v2/test_config.py::test_invalid_range_fails; tests/humanlike_v2/test_config.py::test_non_normalized_weights_fail,docs/status/F0028_4_ACCEPTANCE_2026-07-29.md::自动验收/性能（report-only）; docs/status/F0030_ACCEPTANCE_2026-07-29.md::自动验收/逐座批跑（report-only）,PARTIAL,EV3,分差会抑制噪声并进入部分评价；多局目标与剩余局数未形成完整 match utility,无已识别硬阻塞,P3,部分完成,scores、GP-027、score-gap 噪声门禁,分差会抑制噪声并进入部分评价；多局目标与剩余局数未形成完整 match utility
AU-020,玩家风格与水平,不同水平、风格影响候选、深度、风险与牌型,人类化决策规则：第 7—14 章 / 7.11 玩家风格/水平,GP-023～GP-026,players/humanlike/config.py; players/humanlike/traceability.py; configs/humanlike_v2/default.json; players/humanlike/cognition.py; players/humanlike/policy.py; players/humanlike/belief.py; players/analysis/opponent_model.py,players/humanlike/config.py:301::load_config; players/humanlike/config.py:156::HumanlikeConfig; players/humanlike/config.py:192::_validate_global_parameters; players/humanlike/traceability.py:12::ParameterTrace; players/humanlike/traceability.py:19::_gp_consumer; players/humanlike/traceability.py:31::_rp_consumer; players/humanlike/cognition.py:24::CognitiveState; players/humanlike/cognition.py:51::begin_new_round,players/humanlike/player.py:46::load_config; players/humanlike/settings_service.py:38::load_config; players/humanlike/config.py:333::HumanlikeConfig; players/humanlike/config.py:151::_validate_global_parameters; players/humanlike/traceability.py:46::ParameterTrace; players/humanlike/traceability.py:46::_gp_consumer,tests/humanlike_v2/test_cognition.py; tests/humanlike_v2/test_config.py,tests/humanlike_v2/test_cognition.py::test_bounded_noise_is_reproducible_and_stays_in_near_pool; tests/humanlike_v2/test_cognition.py::test_round_reset_keeps_only_bounded_public_impressions; tests/humanlike_v2/test_config.py::test_default_has_all_gp_profiles_and_stable_hash; tests/humanlike_v2/test_config.py::test_hash_ignores_json_format_and_key_order; tests/humanlike_v2/test_config.py::test_missing_gp_fails; tests/humanlike_v2/test_config.py::test_unknown_version_fails; tests/humanlike_v2/test_config.py::test_invalid_range_fails; tests/humanlike_v2/test_config.py::test_non_normalized_weights_fail,docs/status/F0028_3_ACCEPTANCE_2026-07-29.md::自动验收/批跑（report-only）; docs/status/F0028_4_ACCEPTANCE_2026-07-29.md::自动验收/性能（report-only）; docs/status/F0030_ACCEPTANCE_2026-07-29.md::自动验收/逐座批跑（report-only）,PARTIAL,EV3,参数确实影响候选/阈值/扰动；尚无足够行为案例证明所有风格维度均可辨识,无已识别硬阻塞,P2,部分完成,GP-023/026，profile 单调测试,参数确实影响候选/阈值/扰动；尚无足够行为案例证明所有风格维度均可辨识
AU-021,冲突与复核,速度、番数、防守、计划冲突时加权并持续复核,人类化决策规则：第 7—14 章 / 7.12–7.13 冲突与复核,"RP-019, RP-020, RP-024～RP-029",players/humanlike/plan.py; players/humanlike/cognition.py; players/humanlike/evaluator.py; players/humanlike/policy.py,players/humanlike/plan.py:19::choose_plan; players/humanlike/plan.py:11::PlanSnapshot; players/humanlike/cognition.py:24::CognitiveState; players/humanlike/cognition.py:51::begin_new_round; players/humanlike/cognition.py:81::update_memory; players/humanlike/evaluator.py:60::evaluate_candidates; players/humanlike/evaluator.py:28::EvaluationResult; players/humanlike/evaluator.py:20::ScoredCandidate,players/humanlike/evaluator.py:90::choose_plan; players/humanlike/plan.py:21::PlanSnapshot; players/humanlike/player.py:82::begin_new_round; players/humanlike/player.py:122::update_memory; players/humanlike/player.py:121::evaluate_candidates; players/humanlike/evaluator.py:109::EvaluationResult,tests/humanlike_v2/test_cognition.py; tests/humanlike_v2/test_deterministic_policy.py,tests/humanlike_v2/test_cognition.py::test_bounded_noise_is_reproducible_and_stays_in_near_pool; tests/humanlike_v2/test_cognition.py::test_clear_score_gap_disables_noise_and_think_time_is_bounded; tests/humanlike_v2/test_cognition.py::test_round_reset_keeps_only_bounded_public_impressions; tests/humanlike_v2/test_deterministic_policy.py::test_evaluation_is_repeatable_and_rng_free,docs/status/F0028_3_ACCEPTANCE_2026-07-29.md::自动验收/批跑（report-only）; docs/status/F0028_4_ACCEPTANCE_2026-07-29.md::自动验收/性能（report-only）,PARTIAL,EV3,有统一评分与复核机制；评分项是粗粒度代理，不是所有源规则冲突顺序,无已识别硬阻塞,P2,部分完成,Q evaluator、plan inertia/restart、trace,有统一评分与复核机制；评分项是粗粒度代理，不是所有源规则冲突顺序
AU-022,全番型配置,只考虑启用番型、叠加/互斥、封顶后的边际价值,人类化决策规则：第 7—14 章 / 7.14 全番型配置,GP-011～GP-020,engine/fan.py; players/humanlike/config.py; players/humanlike/traceability.py; configs/humanlike_v2/default.json; configs/fan_table.json,engine/fan.py:258::compute_fan; engine/fan.py:87::apply_fan_cap; engine/fan.py:59::FanTable; players/humanlike/config.py:301::load_config; players/humanlike/config.py:156::HumanlikeConfig; players/humanlike/config.py:192::_validate_global_parameters; players/humanlike/traceability.py:12::ParameterTrace; players/humanlike/traceability.py:19::_gp_consumer,engine/blood_battle.py:368::compute_fan; engine/fan.py:334::apply_fan_cap; players/humanlike/player.py:46::load_config; players/humanlike/settings_service.py:38::load_config; players/humanlike/config.py:333::HumanlikeConfig; players/humanlike/config.py:151::_validate_global_parameters,tests/humanlike_v2/test_config.py,tests/humanlike_v2/test_config.py::test_default_has_all_gp_profiles_and_stable_hash; tests/humanlike_v2/test_config.py::test_hash_ignores_json_format_and_key_order; tests/humanlike_v2/test_config.py::test_missing_gp_fails; tests/humanlike_v2/test_config.py::test_unknown_version_fails; tests/humanlike_v2/test_config.py::test_invalid_range_fails; tests/humanlike_v2/test_config.py::test_non_normalized_weights_fail; tests/humanlike_v2/test_config.py::test_missing_player_cognitive_gp_fails; tests/humanlike_v2/test_config.py::test_player_cognitive_parameters_are_independent,docs/status/F0030_ACCEPTANCE_2026-07-29.md::自动验收/逐座批跑（report-only）,PARTIAL,EV3,规则计番支持常见番型与封顶；Humanlike 的价值评估未完整枚举配置番型关系,无已识别硬阻塞,P1,部分完成,`engine/fan.py`、fan table、hand_value proxy,规则计番支持常见番型与封顶；Humanlike 的价值评估未完整枚举配置番型关系
AU-023,活牌与摸牌机会,区分未见牌和估计墙内活牌，考虑剩余摸牌次数,人类化决策规则：第 7—14 章 / 7.15 活牌与摸牌机会,"RP-014～RP-018, RP-021",players/humanlike/runtime.py; players/humanlike/belief.py; players/analysis/opponent_model.py; players/analysis/danger.py,players/humanlike/runtime.py:34::RoundRuntime; players/humanlike/runtime.py:46::create_round; players/humanlike/runtime.py:80::apply_event; players/humanlike/belief.py:35::build_public_belief; players/humanlike/belief.py:15::PublicBelief; players/analysis/opponent_model.py:10::estimate_opponents; players/analysis/danger.py:29::rate_discard_danger; players/analysis/danger.py:68::danger_map_for_tiles,players/humanlike/player.py:107::build_public_belief; players/humanlike/belief.py:96::PublicBelief; players/analysis/discard_accuracy.py:96::estimate_opponents; players/analysis/pipeline.py:46::estimate_opponents; players/analysis/danger.py:76::rate_discard_danger; players/analysis/pipeline.py:100::danger_map_for_tiles,tests/humanlike_v2/test_deterministic_policy.py; tests/humanlike_v2/test_runtime.py; tests/test_discard_recommend.py; tests/test_f0011_integrated.py,tests/humanlike_v2/test_deterministic_policy.py::test_public_belief_uses_only_visible_counts; tests/humanlike_v2/test_deterministic_policy.py::test_evaluation_is_repeatable_and_rng_free; tests/humanlike_v2/test_runtime.py::test_event_decision_and_finalize_lifecycle; tests/humanlike_v2/test_runtime.py::test_unknown_rp_and_invalid_transition_fail; tests/test_discard_recommend.py::test_strategy_ranks_include_ukeire_tiles; tests/test_f0011_integrated.py::test_build_f0010_context_and_rank; tests/test_f0011_integrated.py::test_fan_proxy_and_baseline_compat,docs/status/F0028_3_ACCEPTANCE_2026-07-29.md::自动验收/批跑（report-only）,PARTIAL,EV3,未见牌有实现；Humanlike 决策中墙内分配和摸牌上下界使用有限，不能视为精确概率模型,无已识别硬阻塞,P3,部分完成,belief unseen counts、runtime RP-018/021,未见牌有实现；Humanlike 决策中墙内分配和摸牌上下界使用有限，不能视为精确概率模型
AU-024,先胡与顺序,权衡先胡、做大、继续血战风险,人类化决策规则：第 7—14 章 / 7.16 先胡/顺序,"RP-022, RP-023",players/humanlike/belief.py; players/analysis/opponent_model.py; players/analysis/danger.py; engine/blood_battle.py; engine/session.py; engine/orchestrator.py; engine/legal.py,players/humanlike/belief.py:35::build_public_belief; players/humanlike/belief.py:15::PublicBelief; players/analysis/opponent_model.py:10::estimate_opponents; players/analysis/danger.py:29::rate_discard_danger; players/analysis/danger.py:68::danger_map_for_tiles; engine/blood_battle.py:62::active_seats; engine/blood_battle.py:66::next_active; engine/blood_battle.py:474::apply_action,players/humanlike/player.py:107::build_public_belief; players/humanlike/belief.py:96::PublicBelief; players/analysis/discard_accuracy.py:96::estimate_opponents; players/analysis/pipeline.py:46::estimate_opponents; players/analysis/danger.py:76::rate_discard_danger; players/analysis/pipeline.py:100::danger_map_for_tiles,tests/humanlike_v2/test_deterministic_policy.py; tests/test_blood_battle.py; tests/test_discard_recommend.py; tests/test_f0011_integrated.py,tests/humanlike_v2/test_deterministic_policy.py::test_public_belief_uses_only_visible_counts; tests/humanlike_v2/test_deterministic_policy.py::test_evaluation_is_repeatable_and_rng_free; tests/test_blood_battle.py::test_b02_discard_pass_cycle; tests/test_blood_battle.py::test_force_complete_response_unblocks; tests/test_blood_battle.py::test_blood_battle_continues_after_first_hu; tests/test_blood_battle.py::test_illegal_action; tests/test_discard_recommend.py::test_strategy_ranks_include_ukeire_tiles; tests/test_f0011_integrated.py::test_build_f0010_context_and_rank,docs/status/F0028_3_ACCEPTANCE_2026-07-29.md::自动验收/批跑（report-only）,PARTIAL,EV3,能权衡速度和价值，但没有独立、可校验的胡牌顺序效用函数,无已识别硬阻塞,P2,部分完成,speed/value/defense 与 score,能权衡速度和价值，但没有独立、可校验的胡牌顺序效用函数
AU-025,主/备计划,同时维护主计划和备选计划，条件触发切换,人类化决策规则：第 7—14 章 / 7.17 主/备计划,"RP-019, RP-020",players/humanlike/plan.py; players/humanlike/cognition.py,players/humanlike/plan.py:19::choose_plan; players/humanlike/plan.py:11::PlanSnapshot; players/humanlike/cognition.py:24::CognitiveState; players/humanlike/cognition.py:51::begin_new_round; players/humanlike/cognition.py:81::update_memory,players/humanlike/evaluator.py:90::choose_plan; players/humanlike/plan.py:21::PlanSnapshot; players/humanlike/player.py:82::begin_new_round; players/humanlike/player.py:122::update_memory,tests/humanlike_v2/test_cognition.py,tests/humanlike_v2/test_cognition.py::test_bounded_noise_is_reproducible_and_stays_in_near_pool; tests/humanlike_v2/test_cognition.py::test_round_reset_keeps_only_bounded_public_impressions,docs/status/F0028_3_ACCEPTANCE_2026-07-29.md::自动验收/批跑（report-only）; docs/status/F0028_4_ACCEPTANCE_2026-07-29.md::自动验收/性能（report-only）,INTEGRATED,EV4,原审计边界说明（未找到明确缺口）：有主备计划及惯性/重启；计划内容仍是有限标签集,无已识别硬阻塞,P2,完成,PlanSnapshot、CognitiveState、trace v2,有主备计划及惯性/重启；计划内容仍是有限标签集
AU-026,算牌顺序,先自己后别人，按信息可信度、阶段和已胡玩家更新,人类化决策规则：第 7—14 章 / 8.1–8.4 算牌顺序,RP-003～RP-021,engine/blood_battle.py; engine/session.py; engine/orchestrator.py; engine/legal.py,engine/blood_battle.py:62::active_seats; engine/blood_battle.py:66::next_active; engine/blood_battle.py:474::apply_action; engine/session.py:33::GameSession; engine/session.py:68::apply; engine/session.py:161::play_random_game; engine/orchestrator.py:57::PlayerGameRunner; engine/orchestrator.py:123::run,engine/blood_battle.py:146::active_seats; engine/blood_battle.py:162::next_active; engine/orchestrator.py:234::next_active; training/env.py:415::next_active; engine/session.py:77::apply_action; main.py:144::GameSession,tests/humanlike_v2/test_humanlike_player_integration.py; tests/test_blood_battle.py,tests/humanlike_v2/test_humanlike_player_integration.py::test_humanlike_self_play_has_no_policy_crash_or_full_state_channel; tests/humanlike_v2/test_humanlike_player_integration.py::test_same_game_produces_same_decision_histories; tests/test_blood_battle.py::test_b02_discard_pass_cycle; tests/test_blood_battle.py::test_force_complete_response_unblocks; tests/test_blood_battle.py::test_blood_battle_continues_after_first_hu; tests/test_blood_battle.py::test_b10_random_games_terminate; tests/test_blood_battle.py::test_b11_more_random; tests/test_blood_battle.py::test_illegal_action,docs/status/SPEC_IMPLEMENTATION_AUDIT_2026-07-29.md::测试与运行效果证据（report-only；未找到原始产物）,PARTIAL,EV3,处理顺序明确且只用公开信息；可信度层级与完整事件影响多为启发式,无已识别硬阻塞,P3,部分完成,hand analyzer → belief → plan 管线；attention,处理顺序明确且只用公开信息；可信度层级与完整事件影响多为启发式
AU-027,有限记忆,衰减、模糊、显著事件强化、遗忘后不无因精确恢复,人类化决策规则：第 7—14 章 / 8.5 有限记忆,"GP-024, RP-024",players/humanlike/memory.py,players/humanlike/memory.py:93::MemoryStore; players/humanlike/memory.py:106::update; players/humanlike/memory.py:62::extract_visible_tokens,players/humanlike/cognition.py:43::MemoryStore; players/humanlike/cognition.py:82::extract_visible_tokens,tests/humanlike_v2/test_cognition.py,tests/humanlike_v2/test_cognition.py::test_memory_decay_fuzziness_and_public_reinforcement; tests/humanlike_v2/test_cognition.py::test_cumulative_visible_history_is_not_a_new_memory_prompt; tests/humanlike_v2/test_cognition.py::test_memory_capacity_evicts_stably,docs/status/F0028_4_ACCEPTANCE_2026-07-29.md::自动验收/性能（report-only）,TESTED,EV3,原审计边界说明（未找到明确缺口）：以可见事件步数为时间，行为确定可复现；不是神经或个体化长期记忆,无已识别硬阻塞,P3,完成,`memory.py`；衰减/模糊/强化/容量测试,以可见事件步数为时间，行为确定可复现；不是神经或个体化长期记忆
AU-028,行为序列与反观察,根据出牌顺序和行为变化推断，也考虑自己的信息暴露,人类化决策规则：第 7—14 章 / 8.6–8.7 行为序列/反观察,RP-006～RP-017,未找到,未找到,未找到,未找到,未找到,docs/status/SPEC_IMPLEMENTATION_AUDIT_2026-07-29.md::测试与运行效果证据（report-only；未找到原始产物）,SPECIFIED,EV0,声称的实现文件未找到；未找到非占位实现符号；未找到生产调用方；未找到同时调用候选符号并含有效断言的测试；能消费出牌序列；Humanlike v2 未显式建模“对手如何观察自己”的二阶信念,当前Windows .venv不可执行，无法补做当前运行验证,P2,部分完成,discard history、F0010 predictor、memory,能消费出牌序列；Humanlike v2 未显式建模“对手如何观察自己”的二阶信念
AU-029,局中/终局信息边界,局中公开信息与终局公开信息分离,人类化决策规则：第 7—14 章 / 8.8 信息边界,"GP-021, RP-031",engine/audit.py; protocols/player_view_builder.py,engine/audit.py:77::DecisionAuditWriter; engine/audit.py:115::record_decision; engine/audit.py:240::verify_audit; protocols/player_view_builder.py:72::PlayerViewBuilder; protocols/player_view_builder.py:76::build; protocols/player_view_builder.py:143::build_legacy_dict,engine/orchestrator.py:140::DecisionAuditWriter; players/humanlike/audit_replay.py:32::verify_audit; protocols/view_filter.py:13::PlayerViewBuilder; protocols/view_filter.py:13::build_legacy_dict,tests/humanlike_v2/test_audit_replay.py; tests/humanlike_v2/test_player_view_v2.py,tests/humanlike_v2/test_audit_replay.py::test_writer_verifier_and_footer_contract; tests/humanlike_v2/test_audit_replay.py::test_tampering_and_truncation_are_detected; tests/humanlike_v2/test_audit_replay.py::test_writer_rejects_opponent_hand_leak_and_illegal_action; tests/humanlike_v2/test_audit_replay.py::test_runner_audit_verifies_and_policy_replays; tests/humanlike_v2/test_player_view_v2.py::test_v2_whitelist_hides_opponents_wall_and_sentinel; tests/humanlike_v2/test_player_view_v2.py::test_gp021_wall_and_concealed_gang_visibility_modes; tests/humanlike_v2/test_player_view_v2.py::test_gp021_all_visibility_fields_have_hidden_partial_exact_contracts,docs/status/F0028_2_ACCEPTANCE_2026-07-28.md::自动验收（report-only）; docs/status/F0028_5_ACCEPTANCE_2026-07-29.md::自动验收/9294决策复演（report-only）,INTEGRATED,EV4,原审计边界说明（未找到明确缺口）：private audit 保留历史观测；普通 legacy steps 仍含全状态，按私有文件管理,无已识别硬阻塞,P3,完成,immutable PlayerView audit、view hash、终局不覆写测试,private audit 保留历史观测；普通 legacy steps 仍含全状态，按私有文件管理
AU-030,剩余机会,估计各家剩余摸牌机会，碰杠胡后重算,人类化决策规则：第 7—14 章 / 8.9 剩余机会,"RP-018, RP-021",engine/blood_battle.py; engine/session.py; engine/orchestrator.py; engine/legal.py,engine/blood_battle.py:62::active_seats; engine/blood_battle.py:66::next_active; engine/blood_battle.py:474::apply_action; engine/session.py:33::GameSession; engine/session.py:68::apply; engine/session.py:161::play_random_game; engine/orchestrator.py:57::PlayerGameRunner; engine/orchestrator.py:123::run,engine/blood_battle.py:146::active_seats; engine/blood_battle.py:162::next_active; engine/orchestrator.py:234::next_active; training/env.py:415::next_active; engine/session.py:77::apply_action; main.py:144::GameSession,tests/humanlike_v2/test_humanlike_player_integration.py; tests/test_blood_battle.py,tests/humanlike_v2/test_humanlike_player_integration.py::test_humanlike_self_play_has_no_policy_crash_or_full_state_channel; tests/humanlike_v2/test_humanlike_player_integration.py::test_same_game_produces_same_decision_histories; tests/test_blood_battle.py::test_b02_discard_pass_cycle; tests/test_blood_battle.py::test_force_complete_response_unblocks; tests/test_blood_battle.py::test_blood_battle_continues_after_first_hu; tests/test_blood_battle.py::test_b10_random_games_terminate; tests/test_blood_battle.py::test_b11_more_random; tests/test_blood_battle.py::test_illegal_action,docs/status/SPEC_IMPLEMENTATION_AUDIT_2026-07-29.md::测试与运行效果证据（report-only；未找到原始产物）,PARTIAL,EV3,引擎轮转准确；策略侧没有完整的区间模拟器作为主要决策输入,无已识别硬阻塞,P3,部分完成,state/runtime 有活动顺序和 wall；RP slot,引擎轮转准确；策略侧没有完整的区间模拟器作为主要决策输入
AU-031,响应优先,合法性先于策略，多人响应确定解析,人类化决策规则：第 7—14 章 / 9.1 响应优先,GP-008～GP-010,engine/legal.py; players/humanlike/candidates.py; engine/blood_battle.py; engine/session.py; engine/orchestrator.py,engine/legal.py:57::legal_actions; engine/legal.py:31::legal_discards; engine/legal.py:127::action_in_legal; players/humanlike/candidates.py:52::build_candidates; players/humanlike/candidates.py:24::stable_action_key; players/humanlike/candidates.py:35::CandidateSet; engine/blood_battle.py:62::active_seats; engine/blood_battle.py:66::next_active,engine/legal.py:75::legal_discards; engine/blood_battle.py:479::action_in_legal; engine/orchestrator.py:387::action_in_legal; training/env.py:214::action_in_legal; players/humanlike/player.py:116::build_candidates; players/humanlike/attention.py:51::stable_action_key,tests/humanlike_v2/test_deterministic_policy.py; tests/test_analysis.py,tests/humanlike_v2/test_deterministic_policy.py::test_mandatory_hu_survives_candidate_cap; tests/humanlike_v2/test_deterministic_policy.py::test_stable_action_key_is_explicit; tests/humanlike_v2/test_deterministic_policy.py::test_evaluation_is_repeatable_and_rng_free; tests/test_analysis.py::test_an03_strategy_best_min_shanten,docs/status/F0028_3_ACCEPTANCE_2026-07-29.md::自动验收/批跑（report-only）,INTEGRATED,EV4,原审计边界说明（未找到明确缺口）：胡优先与多人胡确定；GP-008 所有优先组合未形成完整参数化测试矩阵,无已识别硬阻塞,P0,完成,legal/session/blood_battle；响应与多响测试,胡优先与多人胡确定；GP-008 所有优先组合未形成完整参数化测试矩阵
AU-032,胡牌响应,自摸/点炮/抢杠、可放弃/强制胡、过胡,人类化决策规则：第 7—14 章 / 9.2 胡牌响应,"GP-009, GP-010",engine/legal.py; players/humanlike/candidates.py; engine/blood_battle.py; engine/session.py; engine/orchestrator.py,engine/legal.py:57::legal_actions; engine/legal.py:31::legal_discards; engine/legal.py:127::action_in_legal; players/humanlike/candidates.py:52::build_candidates; players/humanlike/candidates.py:24::stable_action_key; players/humanlike/candidates.py:35::CandidateSet; engine/blood_battle.py:62::active_seats; engine/blood_battle.py:66::next_active,engine/legal.py:75::legal_discards; engine/blood_battle.py:479::action_in_legal; engine/orchestrator.py:387::action_in_legal; training/env.py:214::action_in_legal; players/humanlike/player.py:116::build_candidates; players/humanlike/attention.py:51::stable_action_key,tests/humanlike_v2/test_deterministic_policy.py; tests/test_analysis.py,tests/humanlike_v2/test_deterministic_policy.py::test_mandatory_hu_survives_candidate_cap; tests/humanlike_v2/test_deterministic_policy.py::test_stable_action_key_is_explicit; tests/humanlike_v2/test_deterministic_policy.py::test_evaluation_is_repeatable_and_rng_free; tests/test_analysis.py::test_an03_strategy_best_min_shanten,docs/status/F0028_3_ACCEPTANCE_2026-07-29.md::自动验收/批跑（report-only）,PARTIAL,EV3,核心胡路径存在；“最后若干张能胡必胡”和所有过胡恢复模式证据不足,无已识别硬阻塞,P0,部分完成,win_check/legal/blood_battle、qiang-gang 与 pass-hu 状态,核心胡路径存在；“最后若干张能胡必胡”和所有过胡恢复模式证据不足
AU-033,杠牌响应,明/暗/补杠、抢杠、杠分、补牌与风险权衡,人类化决策规则：第 7—14 章 / 9.3 杠牌响应,GP-014～GP-020,engine/legal.py; players/humanlike/candidates.py; players/humanlike/belief.py; players/analysis/opponent_model.py; players/analysis/danger.py; engine/blood_battle.py; engine/session.py,engine/legal.py:57::legal_actions; engine/legal.py:31::legal_discards; engine/legal.py:127::action_in_legal; players/humanlike/candidates.py:52::build_candidates; players/humanlike/candidates.py:24::stable_action_key; players/humanlike/candidates.py:35::CandidateSet; players/humanlike/belief.py:35::build_public_belief; players/humanlike/belief.py:15::PublicBelief,engine/legal.py:75::legal_discards; engine/blood_battle.py:479::action_in_legal; engine/orchestrator.py:387::action_in_legal; training/env.py:214::action_in_legal; players/humanlike/player.py:116::build_candidates; players/humanlike/attention.py:51::stable_action_key,tests/humanlike_v2/test_deterministic_policy.py; tests/test_analysis.py,tests/humanlike_v2/test_deterministic_policy.py::test_public_belief_uses_only_visible_counts; tests/humanlike_v2/test_deterministic_policy.py::test_mandatory_hu_survives_candidate_cap; tests/humanlike_v2/test_deterministic_policy.py::test_stable_action_key_is_explicit; tests/humanlike_v2/test_deterministic_policy.py::test_evaluation_is_repeatable_and_rng_free; tests/test_analysis.py::test_an03_strategy_best_min_shanten,docs/status/F0028_3_ACCEPTANCE_2026-07-29.md::自动验收/批跑（report-only）,PARTIAL,EV3,规则转移实现较完整；AI 对杠后风险、呼叫转移和收益的评估较粗,无已识别硬阻塞,P0,部分完成,blood_battle/score/legal；杠与抢杠代码、基础测试,规则转移实现较完整；AI 对杠后风险、呼叫转移和收益的评估较粗
AU-034,碰牌响应,碰后结构、速度、暴露、后续出牌和让序,人类化决策规则：第 7—14 章 / 9.4 碰牌响应,"GP-008, GP-023",engine/legal.py; players/humanlike/candidates.py; players/humanlike/config.py; players/humanlike/traceability.py; configs/humanlike_v2/default.json; players/humanlike/hand_analyzer.py; engine/shanten.py,engine/legal.py:57::legal_actions; engine/legal.py:31::legal_discards; engine/legal.py:127::action_in_legal; players/humanlike/candidates.py:52::build_candidates; players/humanlike/candidates.py:24::stable_action_key; players/humanlike/candidates.py:35::CandidateSet; players/humanlike/config.py:301::load_config; players/humanlike/config.py:156::HumanlikeConfig,engine/legal.py:75::legal_discards; engine/blood_battle.py:479::action_in_legal; engine/orchestrator.py:387::action_in_legal; training/env.py:214::action_in_legal; players/humanlike/player.py:116::build_candidates; players/humanlike/attention.py:51::stable_action_key,tests/humanlike_v2/test_config.py,tests/humanlike_v2/test_config.py::test_default_has_all_gp_profiles_and_stable_hash; tests/humanlike_v2/test_config.py::test_hash_ignores_json_format_and_key_order; tests/humanlike_v2/test_config.py::test_missing_gp_fails; tests/humanlike_v2/test_config.py::test_unknown_version_fails; tests/humanlike_v2/test_config.py::test_invalid_range_fails; tests/humanlike_v2/test_config.py::test_non_normalized_weights_fail; tests/humanlike_v2/test_config.py::test_missing_player_cognitive_gp_fails; tests/humanlike_v2/test_config.py::test_player_cognitive_parameters_are_independent,docs/status/F0028_3_ACCEPTANCE_2026-07-29.md::自动验收/批跑（report-only）; docs/status/F0030_ACCEPTANCE_2026-07-29.md::自动验收/逐座批跑（report-only）,PARTIAL,EV3,合法性和偏好实现；是否碰主要由简化加分，不是完整多因素推演,无已识别硬阻塞,P0,部分完成,PONG legal/apply、profile peng preference,合法性和偏好实现；是否碰主要由简化加分，不是完整多因素推演
AU-035,摸牌后判断,胡/杠/出牌重新排序并更新计划,人类化决策规则：第 7—14 章 / 9.5 摸牌后判断,RP-023～RP-029,engine/orchestrator.py; players/humanlike/player.py,engine/orchestrator.py:57::PlayerGameRunner; engine/orchestrator.py:123::run; engine/orchestrator.py:342::_play_seat_action; players/humanlike/player.py:29::HumanlikeV2Player; players/humanlike/player.py:56::observe; players/humanlike/player.py:88::decide,main.py:128::PlayerGameRunner; engine/orchestrator.py:575::PlayerGameRunner; display/app.py:766::PlayerGameRunner; main.py:163::_play_seat_action; engine/orchestrator.py:244::_play_seat_action; players/humanlike/audit_replay.py:60::HumanlikeV2Player,tests/humanlike_v2/test_cognition.py; tests/humanlike_v2/test_deterministic_policy.py; tests/humanlike_v2/test_humanlike_player_integration.py; tests/test_session_scores.py,tests/humanlike_v2/test_cognition.py::test_player_emits_trace_v2_and_cognitive_rp_slots; tests/humanlike_v2/test_deterministic_policy.py::test_player_dingque_and_trace_are_deterministic; tests/humanlike_v2/test_deterministic_policy.py::test_hidden_opponent_hands_cannot_change_decision; tests/humanlike_v2/test_humanlike_player_integration.py::test_registry_exposes_humanlike_without_changing_old_defaults; tests/humanlike_v2/test_humanlike_player_integration.py::test_humanlike_self_play_has_no_policy_crash_or_full_state_channel; tests/humanlike_v2/test_humanlike_player_integration.py::test_same_game_produces_same_decision_histories; tests/test_session_scores.py::test_starting_scores_applied_at_run_start; tests/test_session_scores.py::test_second_hand_starts_from_previous_totals,docs/status/F0028_3_ACCEPTANCE_2026-07-29.md::自动验收/批跑（report-only）,INTEGRATED,EV4,原审计边界说明（未找到明确缺口）：每次请求基于新 PlayerView 重算；真实 deadline 不参与策略随机源,无已识别硬阻塞,P2,完成,orchestrator → policy 决策管线,每次请求基于新 PlayerView 重算；真实 deadline 不参与策略随机源
AU-036,出牌管线,清缺、牌效、听前/听后、结构保留与候选排序,人类化决策规则：第 7—14 章 / 10.1–10.5 出牌,"RP-003～RP-005, RP-019",engine/legal.py; players/humanlike/candidates.py; players/humanlike/hand_analyzer.py; engine/shanten.py; engine/win_check.py,engine/legal.py:57::legal_actions; engine/legal.py:31::legal_discards; engine/legal.py:127::action_in_legal; players/humanlike/candidates.py:52::build_candidates; players/humanlike/candidates.py:24::stable_action_key; players/humanlike/candidates.py:35::CandidateSet; players/humanlike/hand_analyzer.py:51::analyze_action; players/humanlike/hand_analyzer.py:29::visible_hand,engine/legal.py:75::legal_discards; engine/blood_battle.py:479::action_in_legal; engine/orchestrator.py:387::action_in_legal; training/env.py:214::action_in_legal; players/humanlike/player.py:116::build_candidates; players/humanlike/attention.py:51::stable_action_key,tests/humanlike_v2/test_deterministic_policy.py; tests/test_analysis.py,tests/humanlike_v2/test_deterministic_policy.py::test_mandatory_hu_survives_candidate_cap; tests/humanlike_v2/test_deterministic_policy.py::test_stable_action_key_is_explicit; tests/humanlike_v2/test_deterministic_policy.py::test_evaluation_is_repeatable_and_rng_free; tests/test_analysis.py::test_an03_strategy_best_min_shanten,docs/status/F0028_3_ACCEPTANCE_2026-07-29.md::自动验收/批跑（report-only）,PARTIAL,EV3,基础牌效可靠；Humanlike v2 没有覆盖源文档全部拆搭/听牌保留细则,无已识别硬阻塞,P3,部分完成,shanten/ukeire、candidate/evaluator、F0011,基础牌效可靠；Humanlike v2 没有覆盖源文档全部拆搭/听牌保留细则
AU-037,防守风险,多家主观风险、点炮损失与安全牌,人类化决策规则：第 7—14 章 / 10.6 防守风险,RP-006～RP-018,players/humanlike/belief.py; players/analysis/opponent_model.py; players/analysis/danger.py,players/humanlike/belief.py:35::build_public_belief; players/humanlike/belief.py:15::PublicBelief; players/analysis/opponent_model.py:10::estimate_opponents; players/analysis/danger.py:29::rate_discard_danger; players/analysis/danger.py:68::danger_map_for_tiles,players/humanlike/player.py:107::build_public_belief; players/humanlike/belief.py:96::PublicBelief; players/analysis/discard_accuracy.py:96::estimate_opponents; players/analysis/pipeline.py:46::estimate_opponents; players/analysis/danger.py:76::rate_discard_danger; players/analysis/pipeline.py:100::danger_map_for_tiles,tests/humanlike_v2/test_deterministic_policy.py; tests/test_discard_recommend.py; tests/test_f0011_integrated.py,tests/humanlike_v2/test_deterministic_policy.py::test_public_belief_uses_only_visible_counts; tests/humanlike_v2/test_deterministic_policy.py::test_evaluation_is_repeatable_and_rng_free; tests/test_discard_recommend.py::test_strategy_ranks_include_ukeire_tiles; tests/test_f0011_integrated.py::test_build_f0010_context_and_rank; tests/test_f0011_integrated.py::test_fan_proxy_and_baseline_compat,docs/status/F0028_3_ACCEPTANCE_2026-07-29.md::自动验收/批跑（report-only）,PARTIAL,EV3,有公开信息危险代理；不是规范中的逐家听牌×等待×损失概率公式,无已识别硬阻塞,P2,部分完成,belief danger、F0010 danger、defense score,有公开信息危险代理；不是规范中的逐家听牌×等待×损失概率公式
AU-038,人类表现,节奏、不完全理性、安全牌储备、扣牌、信息表达、多轮计划、理由冲突,人类化决策规则：第 7—14 章 / 10.7–10.13 人类表现,"GP-024～GP-026, RP-024～RP-029",players/humanlike/plan.py; players/humanlike/cognition.py,players/humanlike/plan.py:19::choose_plan; players/humanlike/plan.py:11::PlanSnapshot; players/humanlike/cognition.py:24::CognitiveState; players/humanlike/cognition.py:51::begin_new_round; players/humanlike/cognition.py:81::update_memory,players/humanlike/evaluator.py:90::choose_plan; players/humanlike/plan.py:21::PlanSnapshot; players/humanlike/player.py:82::begin_new_round; players/humanlike/player.py:122::update_memory,tests/humanlike_v2/test_cognition.py,tests/humanlike_v2/test_cognition.py::test_bounded_noise_is_reproducible_and_stays_in_near_pool; tests/humanlike_v2/test_cognition.py::test_round_reset_keeps_only_bounded_public_impressions,docs/status/F0028_3_ACCEPTANCE_2026-07-29.md::自动验收/批跑（report-only）; docs/status/F0028_4_ACCEPTANCE_2026-07-29.md::自动验收/性能（report-only）,PARTIAL,EV3,有可复现思考时间和近似候选扰动；不真实 sleep，扣牌/诈唬/多轮序列计划未完整实现,无已识别硬阻塞,P2,部分完成,cognition/policy 的 think-time、bounded noise、plan、trace,有可复现思考时间和近似候选扰动；不真实 sleep，扣牌/诈唬/多轮序列计划未完整实现
AU-039,胡后处理,胡牌退出摸打、公开范围、继续观察和结算,人类化决策规则：第 7—14 章 / 11. 胡后处理,GP-011～GP-020,engine/score.py; engine/fan.py,engine/score.py:128::ScoreService; engine/score.py:158::apply_hu_zimo; engine/score.py:180::apply_hu_dianpao; engine/fan.py:258::compute_fan; engine/fan.py:87::apply_fan_cap; engine/fan.py:59::FanTable,engine/blood_battle.py:52::ScoreService; engine/blood_battle.py:512::apply_hu_zimo; engine/blood_battle.py:388::apply_hu_dianpao; engine/blood_battle.py:368::compute_fan; engine/fan.py:334::apply_fan_cap,tests/test_score.py; tests/test_score_ledger.py,tests/test_score.py::test_sc01_dianpao_fan2; tests/test_score.py::test_sc02_multi_ron; tests/test_score.py::test_sc03_zimo; tests/test_score.py::test_sc04_an_gang; tests/test_score.py::test_sc05_hua_zhu; tests/test_score.py::test_score_events_written; tests/test_score_ledger.py::test_ledger_matches_balances; tests/test_score_ledger.py::test_build_game_result_includes_score_events,docs/status/SPEC_IMPLEMENTATION_AUDIT_2026-07-29.md::测试与运行效果证据（report-only；未找到原始产物）,TESTED,EV3,原审计边界说明（未找到明确缺口）：血战继续与公开范围实现；已胡 AI 的持续学习深度有限,无已识别硬阻塞,P2,完成,blood battle status、PlayerView visibility、score events,血战继续与公开范围实现；已胡 AI 的持续学习深度有限
AU-040,终局计分,胡/杠/花猪/查叫/退税/呼叫转移/封顶、总分与排名,人类化决策规则：第 7—14 章 / 12. 终局计分,"GP-023～GP-026, RP-024～RP-033",engine/blood_battle.py; engine/session.py; engine/orchestrator.py; engine/legal.py; engine/fan.py; configs/fan_table.json; engine/score.py,engine/blood_battle.py:62::active_seats; engine/blood_battle.py:66::next_active; engine/blood_battle.py:474::apply_action; engine/session.py:33::GameSession; engine/session.py:68::apply; engine/session.py:161::play_random_game; engine/orchestrator.py:57::PlayerGameRunner; engine/orchestrator.py:123::run,engine/blood_battle.py:146::active_seats; engine/blood_battle.py:162::next_active; engine/orchestrator.py:234::next_active; training/env.py:415::next_active; engine/session.py:77::apply_action; main.py:144::GameSession,tests/humanlike_v2/test_humanlike_player_integration.py; tests/test_blood_battle.py,tests/humanlike_v2/test_humanlike_player_integration.py::test_humanlike_self_play_has_no_policy_crash_or_full_state_channel; tests/humanlike_v2/test_humanlike_player_integration.py::test_same_game_produces_same_decision_histories; tests/test_blood_battle.py::test_b02_discard_pass_cycle; tests/test_blood_battle.py::test_force_complete_response_unblocks; tests/test_blood_battle.py::test_blood_battle_continues_after_first_hu; tests/test_blood_battle.py::test_b10_random_games_terminate; tests/test_blood_battle.py::test_b11_more_random; tests/test_blood_battle.py::test_illegal_action,docs/status/F0030_ACCEPTANCE_2026-07-29.md::自动验收/逐座批跑（report-only）,PARTIAL,EV3,常见路径和账本可审计；全部平台配置组合、真实房规夹具和边界顺序未穷尽,无已识别硬阻塞,P0,部分完成,score/fan/result/reward；计分、账本、会话分数测试,常见路径和账本可审计；全部平台配置组合、真实房规夹具和边界顺序未穷尽
AU-041,玩家模型,水平、风格、情绪、记忆一致性、局后约束、解释记录,人类化决策规则：第 7—14 章 / 13. 玩家模型,"GP-023～GP-027, RP-024～RP-033",players/humanlike/config.py; players/humanlike/traceability.py; configs/humanlike_v2/default.json; players/humanlike/cognition.py; players/humanlike/policy.py; players/humanlike/memory.py,players/humanlike/config.py:301::load_config; players/humanlike/config.py:156::HumanlikeConfig; players/humanlike/config.py:192::_validate_global_parameters; players/humanlike/traceability.py:12::ParameterTrace; players/humanlike/traceability.py:19::_gp_consumer; players/humanlike/traceability.py:31::_rp_consumer; players/humanlike/cognition.py:24::CognitiveState; players/humanlike/cognition.py:51::begin_new_round,players/humanlike/player.py:46::load_config; players/humanlike/settings_service.py:38::load_config; players/humanlike/config.py:333::HumanlikeConfig; players/humanlike/config.py:151::_validate_global_parameters; players/humanlike/traceability.py:46::ParameterTrace; players/humanlike/traceability.py:46::_gp_consumer,tests/humanlike_v2/test_cognition.py; tests/humanlike_v2/test_config.py,tests/humanlike_v2/test_cognition.py::test_bounded_noise_is_reproducible_and_stays_in_near_pool; tests/humanlike_v2/test_cognition.py::test_round_reset_keeps_only_bounded_public_impressions; tests/humanlike_v2/test_config.py::test_default_has_all_gp_profiles_and_stable_hash; tests/humanlike_v2/test_config.py::test_hash_ignores_json_format_and_key_order; tests/humanlike_v2/test_config.py::test_missing_gp_fails; tests/humanlike_v2/test_config.py::test_unknown_version_fails; tests/humanlike_v2/test_config.py::test_invalid_range_fails; tests/humanlike_v2/test_config.py::test_non_normalized_weights_fail,docs/status/F0028_4_ACCEPTANCE_2026-07-29.md::自动验收/性能（report-only）; docs/status/F0030_ACCEPTANCE_2026-07-29.md::自动验收/逐座批跑（report-only）,PARTIAL,EV3,人格/情绪/解释已接入；长期学习和真人风格校准未实现,缺少已批准的外部能力/数据；合规真人数据与冻结评估集未找到,P0,部分完成,config/profile、cognition、audit trace v2,人格/情绪/解释已接入；长期学习和真人风格校准未实现
AU-042,有限认知,Top-K 注意、有限候选/深度、满意停止、惯性、近似选择、超时默认,人类化决策规则：第 7—14 章 / 14. 有限认知,"GP-024～GP-026, RP-024～RP-029",players/humanlike/runtime.py,players/humanlike/runtime.py:34::RoundRuntime; players/humanlike/runtime.py:46::create_round; players/humanlike/runtime.py:80::apply_event,未找到,tests/humanlike_v2/test_runtime.py,tests/humanlike_v2/test_runtime.py::test_event_decision_and_finalize_lifecycle; tests/humanlike_v2/test_runtime.py::test_unknown_rp_and_invalid_transition_fail,docs/status/F0030_ACCEPTANCE_2026-07-29.md::自动验收/逐座批跑（report-only）,TESTED,EV3,未找到生产调用方；原审计边界说明（未找到明确缺口）：机制完整且确定可复现；有限推演是启发式评估，不是深层未来状态搜索,无已识别硬阻塞,P3,完成,attention/memory/cognition/policy；10 项 cognition 测试,机制完整且确定可复现；有限推演是启发式评估，不是深层未来状态搜索
AU-043,总体流程,配置→发牌→换牌→定缺→血战→结算→归档的统一流程,人类化决策规则：第 15—18 章与参数 / 15. 总体流程,"GP-001～GP-027, RP-001～RP-033",players/humanlike/runtime.py,players/humanlike/runtime.py:34::RoundRuntime; players/humanlike/runtime.py:46::create_round; players/humanlike/runtime.py:80::apply_event,未找到,tests/humanlike_v2/test_runtime.py,tests/humanlike_v2/test_runtime.py::test_event_decision_and_finalize_lifecycle; tests/humanlike_v2/test_runtime.py::test_unknown_rp_and_invalid_transition_fail,docs/status/SPEC_IMPLEMENTATION_AUDIT_2026-07-29.md::测试与运行效果证据（report-only；未找到原始产物）,TESTED,EV3,未找到生产调用方；原审计边界说明（未找到明确缺口）：生产流程可跑通且确定；事件类型并非完全按源规范的原子事件对象实现,无已识别硬阻塞,P1,完成,orchestrator/session/opening/blood_battle；完整局和 2/3/4 人批跑,生产流程可跑通且确定；事件类型并非完全按源规范的原子事件对象实现
AU-044,阶段边界,第一阶段只做人类化规则与接口，不承诺自动学习最优策略,人类化决策规则：第 15—18 章与参数 / 16. 阶段边界,"GP-001, GP-023～GP-027",players/humanlike/config.py; players/humanlike/traceability.py; configs/humanlike_v2/default.json; training/env.py; training/action_codec_v2.py; training/observations_v2.py; training/reward_v2.py,players/humanlike/config.py:301::load_config; players/humanlike/config.py:156::HumanlikeConfig; players/humanlike/config.py:192::_validate_global_parameters; players/humanlike/traceability.py:12::ParameterTrace; players/humanlike/traceability.py:19::_gp_consumer; players/humanlike/traceability.py:31::_rp_consumer; training/env.py:54::ChengduMahjongEnv; training/env.py:130::reset,players/humanlike/player.py:46::load_config; players/humanlike/settings_service.py:38::load_config; players/humanlike/config.py:333::HumanlikeConfig; players/humanlike/config.py:151::_validate_global_parameters; players/humanlike/traceability.py:46::ParameterTrace; players/humanlike/traceability.py:46::_gp_consumer,tests/humanlike_v2/test_config.py,tests/humanlike_v2/test_config.py::test_default_has_all_gp_profiles_and_stable_hash; tests/humanlike_v2/test_config.py::test_hash_ignores_json_format_and_key_order; tests/humanlike_v2/test_config.py::test_missing_gp_fails; tests/humanlike_v2/test_config.py::test_unknown_version_fails; tests/humanlike_v2/test_config.py::test_invalid_range_fails; tests/humanlike_v2/test_config.py::test_non_normalized_weights_fail; tests/humanlike_v2/test_config.py::test_missing_player_cognitive_gp_fails; tests/humanlike_v2/test_config.py::test_player_cognitive_parameters_are_independent,docs/status/F0028_6_ACCEPTANCE_2026-07-29.md::自动验收/10950观测（report-only）; docs/status/F0030_ACCEPTANCE_2026-07-29.md::自动验收/逐座批跑（report-only）,INTEGRATED,EV4,原审计边界说明（未找到明确缺口）：明确保留 rule_ai/current_s2 基线，不引入深度学习框架,无已识别硬阻塞,P1,完成,F0028 分层架构、profile opt-in,明确保留 rule_ai/current_s2 基线，不引入深度学习框架
AU-045,GP 注册,GP-001～027 完整、唯一、可验证、可追踪,人类化决策规则：第 15—18 章与参数 / 17. GP 注册,GP-001～GP-027,players/humanlike/config.py; players/humanlike/traceability.py; configs/humanlike_v2/default.json,players/humanlike/config.py:301::load_config; players/humanlike/config.py:156::HumanlikeConfig; players/humanlike/config.py:192::_validate_global_parameters; players/humanlike/traceability.py:12::ParameterTrace; players/humanlike/traceability.py:19::_gp_consumer; players/humanlike/traceability.py:31::_rp_consumer,players/humanlike/player.py:46::load_config; players/humanlike/settings_service.py:38::load_config; players/humanlike/config.py:333::HumanlikeConfig; players/humanlike/config.py:151::_validate_global_parameters; players/humanlike/traceability.py:46::ParameterTrace; players/humanlike/traceability.py:46::_gp_consumer,tests/humanlike_v2/test_config.py,tests/humanlike_v2/test_config.py::test_default_has_all_gp_profiles_and_stable_hash; tests/humanlike_v2/test_config.py::test_hash_ignores_json_format_and_key_order; tests/humanlike_v2/test_config.py::test_missing_gp_fails; tests/humanlike_v2/test_config.py::test_unknown_version_fails; tests/humanlike_v2/test_config.py::test_invalid_range_fails; tests/humanlike_v2/test_config.py::test_non_normalized_weights_fail; tests/humanlike_v2/test_config.py::test_missing_player_cognitive_gp_fails; tests/humanlike_v2/test_config.py::test_player_cognitive_parameters_are_independent,docs/status/F0030_ACCEPTANCE_2026-07-29.md::自动验收/逐座批跑（report-only）,INTEGRATED,EV4,原审计边界说明（未找到明确缺口）：F0030 后 GP-024～027 迁到逐玩家，权威版本升级 PARAMS 1.1,无已识别硬阻塞,P0,完成,config validator、default/compatibility、traceability,F0030 后 GP-024～027 迁到逐玩家，权威版本升级 PARAMS 1.1
AU-046,RP 注册,RP-001～033 的生命周期、更新与归档,人类化决策规则：第 15—18 章与参数 / 17. RP 注册,RP-001～RP-033,players/humanlike/runtime.py,players/humanlike/runtime.py:34::RoundRuntime; players/humanlike/runtime.py:46::create_round; players/humanlike/runtime.py:80::apply_event,未找到,tests/humanlike_v2/test_runtime.py,tests/humanlike_v2/test_runtime.py::test_event_decision_and_finalize_lifecycle; tests/humanlike_v2/test_runtime.py::test_unknown_rp_and_invalid_transition_fail,docs/status/SPEC_IMPLEMENTATION_AUDIT_2026-07-29.md::测试与运行效果证据（report-only；未找到原始产物）,PARTIAL,EV3,未找到生产调用方；33 个槽位齐全；部分 RP 是摘要或占位，未逐项实现源公式的全部动态语义,无已识别硬阻塞,P3,部分完成,`runtime.py`；exactly-33/lifecycle 测试,33 个槽位齐全；部分 RP 是摘要或占位，未逐项实现源公式的全部动态语义
AU-047,RP-033 学习输出,仅用公开信息更新下一局画像并受历史长度限制,人类化决策规则：第 15—18 章与参数 / 17. RP-033 学习输出,RP-033,engine/audit.py; players/humanlike/player.py,engine/audit.py:77::DecisionAuditWriter; engine/audit.py:115::record_decision; engine/audit.py:240::verify_audit; players/humanlike/player.py:29::HumanlikeV2Player; players/humanlike/player.py:56::observe; players/humanlike/player.py:88::decide,engine/orchestrator.py:140::DecisionAuditWriter; players/humanlike/audit_replay.py:32::verify_audit; players/humanlike/audit_replay.py:60::HumanlikeV2Player,tests/humanlike_v2/test_audit_replay.py; tests/humanlike_v2/test_cognition.py; tests/humanlike_v2/test_deterministic_policy.py; tests/humanlike_v2/test_humanlike_player_integration.py,tests/humanlike_v2/test_audit_replay.py::test_writer_verifier_and_footer_contract; tests/humanlike_v2/test_audit_replay.py::test_tampering_and_truncation_are_detected; tests/humanlike_v2/test_audit_replay.py::test_writer_rejects_opponent_hand_leak_and_illegal_action; tests/humanlike_v2/test_audit_replay.py::test_runner_audit_verifies_and_policy_replays; tests/humanlike_v2/test_cognition.py::test_player_emits_trace_v2_and_cognitive_rp_slots; tests/humanlike_v2/test_deterministic_policy.py::test_player_dingque_and_trace_are_deterministic; tests/humanlike_v2/test_deterministic_policy.py::test_hidden_opponent_hands_cannot_change_decision; tests/humanlike_v2/test_humanlike_player_integration.py::test_registry_exposes_humanlike_without_changing_old_defaults,docs/status/F0028_3_ACCEPTANCE_2026-07-29.md::自动验收/批跑（report-only）; docs/status/F0028_5_ACCEPTANCE_2026-07-29.md::自动验收/9294决策复演（report-only）,SCAFFOLDED,EV1,没有完整 `Profile_next` 学习率更新和持久化画像；当前主要是策略实例内的有界公开印象,无已识别硬阻塞,P0,未实现,runtime 注册、round reset 保留印象,没有完整 `Profile_next` 学习率更新和持久化画像；当前主要是策略实例内的有界公开印象
AU-048,数值校验,类型、枚举、范围、权重、版本、冲突显式失败,人类化决策规则：第 15—18 章与参数 / 18. 数值校验,GP-001～GP-027,players/humanlike/config.py; players/humanlike/traceability.py; configs/humanlike_v2/default.json,players/humanlike/config.py:301::load_config; players/humanlike/config.py:156::HumanlikeConfig; players/humanlike/config.py:192::_validate_global_parameters; players/humanlike/traceability.py:12::ParameterTrace; players/humanlike/traceability.py:19::_gp_consumer; players/humanlike/traceability.py:31::_rp_consumer,players/humanlike/player.py:46::load_config; players/humanlike/settings_service.py:38::load_config; players/humanlike/config.py:333::HumanlikeConfig; players/humanlike/config.py:151::_validate_global_parameters; players/humanlike/traceability.py:46::ParameterTrace; players/humanlike/traceability.py:46::_gp_consumer,tests/humanlike_v2/test_config.py,tests/humanlike_v2/test_config.py::test_default_has_all_gp_profiles_and_stable_hash; tests/humanlike_v2/test_config.py::test_hash_ignores_json_format_and_key_order; tests/humanlike_v2/test_config.py::test_missing_gp_fails; tests/humanlike_v2/test_config.py::test_unknown_version_fails; tests/humanlike_v2/test_config.py::test_invalid_range_fails; tests/humanlike_v2/test_config.py::test_non_normalized_weights_fail; tests/humanlike_v2/test_config.py::test_missing_player_cognitive_gp_fails; tests/humanlike_v2/test_config.py::test_player_cognitive_parameters_are_independent,docs/status/F0030_ACCEPTANCE_2026-07-29.md::自动验收/逐座批跑（report-only）,INTEGRATED,EV4,原审计边界说明（未找到明确缺口）：启动/保存校验强；运行期所有派生概率并非统一通过一个数值校验器,无已识别硬阻塞,P0,完成,strict config、settings service、engine adapter；非法配置测试,启动/保存校验强；运行期所有派生概率并非统一通过一个数值校验器
AU-049,六项 Q 评价,speed/live/fan/risk/plan/match 六项归一化加权和有界噪声,人类化决策规则：第 15—18 章与参数 / 18. Q 评价,"GP-025, RP-019～RP-029",players/humanlike/runtime.py,players/humanlike/runtime.py:34::RoundRuntime; players/humanlike/runtime.py:46::create_round; players/humanlike/runtime.py:80::apply_event,未找到,tests/humanlike_v2/test_runtime.py,tests/humanlike_v2/test_runtime.py::test_event_decision_and_finalize_lifecycle; tests/humanlike_v2/test_runtime.py::test_unknown_rp_and_invalid_transition_fail,docs/status/SPEC_IMPLEMENTATION_AUDIT_2026-07-29.md::测试与运行效果证据（report-only；未找到原始产物）,PARTIAL,EV3,未找到生产调用方；当前确定性 evaluator 实际主要用 speed/hand_value/defense/flexibility；认知层补计划/噪声，但与源公式并非一一同构,无已识别硬阻塞,P2,部分完成,evaluator/cognition/policy、trace,当前确定性 evaluator 实际主要用 speed/hand_value/defense/flexibility；认知层补计划/噪声，但与源公式并非一一同构
AU-050,概率约束,对手假设归一、保留不确定性、死叫严格、未见不等于墙内,人类化决策规则：第 15—18 章与参数 / 18. 概率约束,RP-006～RP-018,protocols/player_view_builder.py; protocols/player_view_v2.py; players/humanlike/view.py; training/oracle.py; players/humanlike/belief.py; players/analysis/opponent_model.py; players/analysis/danger.py,protocols/player_view_builder.py:72::PlayerViewBuilder; protocols/player_view_builder.py:76::build; protocols/player_view_builder.py:143::build_legacy_dict; protocols/player_view_v2.py:34::PlayerViewV2; protocols/player_view_v2.py:12::freeze_mapping; protocols/player_view_v2.py:25::thaw; players/humanlike/view.py:66::build_decision_context; players/humanlike/view.py:19::DecisionContext,protocols/view_filter.py:13::PlayerViewBuilder; protocols/view_filter.py:13::build_legacy_dict; players/humanlike/view.py:57::PlayerViewV2; protocols/player_view_builder.py:135::PlayerViewV2; protocols/player_view_v2.py:43::freeze_mapping; players/humanlike/player.py:93::build_decision_context,tests/humanlike_v2/test_deterministic_policy.py; tests/humanlike_v2/test_player_view_v2.py,tests/humanlike_v2/test_deterministic_policy.py::test_context_rejects_wrong_view_version_and_seat; tests/humanlike_v2/test_player_view_v2.py::test_v2_whitelist_hides_opponents_wall_and_sentinel; tests/humanlike_v2/test_player_view_v2.py::test_gp021_wall_and_concealed_gang_visibility_modes; tests/humanlike_v2/test_player_view_v2.py::test_gp021_all_visibility_fields_have_hidden_partial_exact_contracts,docs/status/F0028_2_ACCEPTANCE_2026-07-28.md::自动验收（report-only）; docs/status/F0028_3_ACCEPTANCE_2026-07-29.md::自动验收/批跑（report-only）; docs/status/F0028_6_ACCEPTANCE_2026-07-29.md::自动验收/10950观测（report-only）,PARTIAL,EV3,核心信息边界正确；未形成完整归一化假设分布、墙内活牌概率与死叫判定链,无已识别硬阻塞,P3,部分完成,visible/unseen、belief、view audit,核心信息边界正确；未形成完整归一化假设分布、墙内活牌概率与死叫判定链
AU-051,版本与源绑定,保存 RULES/PARAMS/IMPL 版本和源 SHA-256，未知组合拒绝,程序实现规范：第 0—10 章 / 0–1. 版本与源绑定,GP-001,players/humanlike/config.py,players/humanlike/config.py:301::load_config; players/humanlike/config.py:156::HumanlikeConfig; players/humanlike/config.py:192::_validate_global_parameters,players/humanlike/player.py:46::load_config; players/humanlike/settings_service.py:38::load_config; players/humanlike/config.py:333::HumanlikeConfig; players/humanlike/config.py:151::_validate_global_parameters,tests/humanlike_v2/test_config.py,tests/humanlike_v2/test_config.py::test_default_has_all_gp_profiles_and_stable_hash; tests/humanlike_v2/test_config.py::test_hash_ignores_json_format_and_key_order; tests/humanlike_v2/test_config.py::test_missing_gp_fails; tests/humanlike_v2/test_config.py::test_unknown_version_fails; tests/humanlike_v2/test_config.py::test_invalid_range_fails; tests/humanlike_v2/test_config.py::test_non_normalized_weights_fail; tests/humanlike_v2/test_config.py::test_missing_player_cognitive_gp_fails; tests/humanlike_v2/test_config.py::test_player_cognitive_parameters_are_independent,docs/status/F0030_ACCEPTANCE_2026-07-29.md::自动验收/逐座批跑（report-only）,INTEGRATED,EV4,原审计边界说明（未找到明确缺口）：当前权威已演进到 PARAMS 1.1 / IMPL 2.1，loader 兼容 1.0/2.0,无已识别硬阻塞,P0,完成,config constants/compatibility；源 hash 实测匹配,当前权威已演进到 PARAMS 1.1 / IMPL 2.1，loader 兼容 1.0/2.0
AU-052,冲突裁决,规则、参数、不变量、实现顺序明确；冲突不静默默认,程序实现规范：第 0—10 章 / 1.3 冲突裁决,GP-001～GP-027,players/humanlike/config.py; players/humanlike/traceability.py; configs/humanlike_v2/default.json,players/humanlike/config.py:301::load_config; players/humanlike/config.py:156::HumanlikeConfig; players/humanlike/config.py:192::_validate_global_parameters; players/humanlike/traceability.py:12::ParameterTrace; players/humanlike/traceability.py:19::_gp_consumer; players/humanlike/traceability.py:31::_rp_consumer,players/humanlike/player.py:46::load_config; players/humanlike/settings_service.py:38::load_config; players/humanlike/config.py:333::HumanlikeConfig; players/humanlike/config.py:151::_validate_global_parameters; players/humanlike/traceability.py:46::ParameterTrace; players/humanlike/traceability.py:46::_gp_consumer,tests/humanlike_v2/test_config.py,tests/humanlike_v2/test_config.py::test_default_has_all_gp_profiles_and_stable_hash; tests/humanlike_v2/test_config.py::test_hash_ignores_json_format_and_key_order; tests/humanlike_v2/test_config.py::test_missing_gp_fails; tests/humanlike_v2/test_config.py::test_unknown_version_fails; tests/humanlike_v2/test_config.py::test_invalid_range_fails; tests/humanlike_v2/test_config.py::test_non_normalized_weights_fail; tests/humanlike_v2/test_config.py::test_missing_player_cognitive_gp_fails; tests/humanlike_v2/test_config.py::test_player_cognitive_parameters_are_independent,docs/status/F0030_ACCEPTANCE_2026-07-29.md::自动验收/逐座批跑（report-only）,PARTIAL,EV3,配置冲突可拒绝；部分平台规则仍由现有 EngineConfig 默认值承载，未全部做到单一 GP 权威,无已识别硬阻塞,P1,部分完成,config/engine adapter 明确失败,配置冲突可拒绝；部分平台规则仍由现有 EngineConfig 默认值承载，未全部做到单一 GP 权威
AU-053,IR-001～018,实体去重、活牌分层、账本分层、强制候选、Top-K、可见性、不可变历史等,程序实现规范：第 0—10 章 / 2. IR-001～018,"GP-001～GP-027, RP-001～RP-033",protocols/player_view_builder.py; protocols/player_view_v2.py; players/humanlike/view.py; training/oracle.py; players/humanlike/attention.py; players/humanlike/candidates.py; players/humanlike/belief.py,protocols/player_view_builder.py:72::PlayerViewBuilder; protocols/player_view_builder.py:76::build; protocols/player_view_builder.py:143::build_legacy_dict; protocols/player_view_v2.py:34::PlayerViewV2; protocols/player_view_v2.py:12::freeze_mapping; protocols/player_view_v2.py:25::thaw; players/humanlike/view.py:66::build_decision_context; players/humanlike/view.py:19::DecisionContext,protocols/view_filter.py:13::PlayerViewBuilder; protocols/view_filter.py:13::build_legacy_dict; players/humanlike/view.py:57::PlayerViewV2; protocols/player_view_builder.py:135::PlayerViewV2; protocols/player_view_v2.py:43::freeze_mapping; players/humanlike/player.py:93::build_decision_context,tests/humanlike_v2/test_deterministic_policy.py; tests/humanlike_v2/test_player_view_v2.py,tests/humanlike_v2/test_deterministic_policy.py::test_context_rejects_wrong_view_version_and_seat; tests/humanlike_v2/test_player_view_v2.py::test_v2_whitelist_hides_opponents_wall_and_sentinel; tests/humanlike_v2/test_player_view_v2.py::test_gp021_wall_and_concealed_gang_visibility_modes; tests/humanlike_v2/test_player_view_v2.py::test_gp021_all_visibility_fields_have_hidden_partial_exact_contracts,docs/status/F0028_2_ACCEPTANCE_2026-07-28.md::自动验收（report-only）; docs/status/F0028_3_ACCEPTANCE_2026-07-29.md::自动验收/批跑（report-only）; docs/status/F0028_4_ACCEPTANCE_2026-07-29.md::自动验收/性能（report-only）,PARTIAL,EV3,关键不变量落地；估计活牌、剩余摸牌区间、完整账本层级和贝叶斯解释仍有简化,无已识别硬阻塞,P3,部分完成,physical tile/view/runtime/audit/cognition,关键不变量落地；估计活牌、剩余摸牌区间、完整账本层级和贝叶斯解释仍有简化
AU-054,九模块架构,controller/engine/state/view/policy/resolver/scoring/audit/training 分离,程序实现规范：第 0—10 章 / 3. 九模块架构,"GP-001～GP-027, RP-001～RP-033",engine/orchestrator.py; engine/state.py,engine/orchestrator.py:57::PlayerGameRunner; engine/orchestrator.py:123::run; engine/orchestrator.py:342::_play_seat_action; engine/state.py:195::GameState; engine/state.py:89::PlayerState; engine/state.py:51::from_dict,main.py:128::PlayerGameRunner; engine/orchestrator.py:575::PlayerGameRunner; display/app.py:766::PlayerGameRunner; main.py:163::_play_seat_action; engine/orchestrator.py:244::_play_seat_action; engine/deal.py:61::GameState,tests/humanlike_v2/test_humanlike_player_integration.py; tests/humanlike_v2/test_state_v5_migration.py; tests/test_exchange_dingque.py; tests/test_reward.py; tests/test_session_scores.py,tests/humanlike_v2/test_humanlike_player_integration.py::test_humanlike_self_play_has_no_policy_crash_or_full_state_channel; tests/humanlike_v2/test_humanlike_player_integration.py::test_same_game_produces_same_decision_histories; tests/humanlike_v2/test_state_v5_migration.py::test_legacy_migration_is_deterministic_and_non_mutating; tests/humanlike_v2/test_state_v5_migration.py::test_bad_legacy_state_fails_instead_of_guessing; tests/test_exchange_dingque.py::test_t12_v1_dealt_readable; tests/test_reward.py::test_rw02_rank_bonus; tests/test_session_scores.py::test_starting_scores_applied_at_run_start; tests/test_session_scores.py::test_second_hand_starts_from_previous_totals,docs/status/F0028_2_ACCEPTANCE_2026-07-28.md::自动验收（report-only）,INTEGRATED,EV4,原审计边界说明（未找到明确缺口）：未照搬建议 `src/`，而是在既有仓库模块内实现；权威边界清楚,无已识别硬阻塞,P3,完成,对应 `engine/`、`protocols/`、`players/humanlike/`、`training/`,未照搬建议 `src/`，而是在既有仓库模块内实现；权威边界清楚
AU-055,Match Controller,锁 GP、四玩家、多局比分、终止、版本/seed,程序实现规范：第 0—10 章 / 3.1 Match Controller,GP-001～GP-027,engine/orchestrator.py; engine/session.py,engine/orchestrator.py:57::PlayerGameRunner; engine/orchestrator.py:123::run; engine/orchestrator.py:342::_play_seat_action; engine/session.py:33::GameSession; engine/session.py:68::apply; engine/session.py:161::play_random_game,main.py:128::PlayerGameRunner; engine/orchestrator.py:575::PlayerGameRunner; display/app.py:766::PlayerGameRunner; main.py:163::_play_seat_action; engine/orchestrator.py:244::_play_seat_action; main.py:144::GameSession,tests/humanlike_v2/test_humanlike_player_integration.py; tests/test_blood_battle.py; tests/test_session_scores.py,tests/humanlike_v2/test_humanlike_player_integration.py::test_humanlike_self_play_has_no_policy_crash_or_full_state_channel; tests/humanlike_v2/test_humanlike_player_integration.py::test_same_game_produces_same_decision_histories; tests/test_blood_battle.py::test_b10_random_games_terminate; tests/test_blood_battle.py::test_b11_more_random; tests/test_blood_battle.py::test_session_wrapper; tests/test_session_scores.py::test_starting_scores_applied_at_run_start; tests/test_session_scores.py::test_second_hand_starts_from_previous_totals,docs/status/SPEC_IMPLEMENTATION_AUDIT_2026-07-29.md::测试与运行效果证据（report-only；未找到原始产物）,PARTIAL,EV3,单局与连续比分可用；自定义整场排名、提前结束和完整 match object 能力有限,无已识别硬阻塞,P0,部分完成,orchestrator/runner/session/config/game_id,单局与连续比分可用；自定义整场排名、提前结束和完整 match object 能力有限
AU-056,Rule Engine,发换定、摸打碰杠胡、过胡、多响应、血战终止,程序实现规范：第 0—10 章 / 3.2 Rule Engine,GP-002～GP-020,engine/blood_battle.py; engine/legal.py,engine/blood_battle.py:62::active_seats; engine/blood_battle.py:66::next_active; engine/blood_battle.py:474::apply_action; engine/legal.py:57::legal_actions; engine/legal.py:31::legal_discards; engine/legal.py:127::action_in_legal,engine/blood_battle.py:146::active_seats; engine/blood_battle.py:162::next_active; engine/orchestrator.py:234::next_active; training/env.py:415::next_active; engine/session.py:77::apply_action; engine/legal.py:75::legal_discards,tests/test_analysis.py; tests/test_blood_battle.py; tests/test_legal_actions.py,tests/test_analysis.py::test_an03_strategy_best_min_shanten; tests/test_blood_battle.py::test_b02_discard_pass_cycle; tests/test_blood_battle.py::test_force_complete_response_unblocks; tests/test_blood_battle.py::test_blood_battle_continues_after_first_hu; tests/test_blood_battle.py::test_illegal_action; tests/test_legal_actions.py::test_response_has_pass,docs/status/SPEC_IMPLEMENTATION_AUDIT_2026-07-29.md::测试与运行效果证据（report-only；未找到原始产物）,TESTED,EV3,原审计边界说明（未找到明确缺口）：核心规则可运行；GP-008/009/010 所有平台变体未完整矩阵验证,无已识别硬阻塞,P0,完成,engine modules；规则测试和随机完整局,核心规则可运行；GP-008/009/010 所有平台变体未完整矩阵验证
AU-057,State Store,保存完整真实状态，仅授权模块读取,程序实现规范：第 0—10 章 / 3.3 State Store,RP-001～RP-023,engine/state.py; training/oracle.py,engine/state.py:195::GameState; engine/state.py:89::PlayerState; engine/state.py:51::from_dict; training/oracle.py:13::TrainingTruth; training/oracle.py:19::build_training_truth,engine/deal.py:61::GameState; engine/deal.py:52::PlayerState; training/oracle.py:20::TrainingTruth,tests/humanlike_v2/test_player_view_v2.py; tests/humanlike_v2/test_state_v5_migration.py; tests/test_exchange_dingque.py; tests/test_reward.py; tests/test_state_serde.py,tests/humanlike_v2/test_player_view_v2.py::test_oracle_is_separate_and_production_modules_do_not_import_it; tests/humanlike_v2/test_state_v5_migration.py::test_legacy_migration_is_deterministic_and_non_mutating; tests/humanlike_v2/test_state_v5_migration.py::test_bad_legacy_state_fails_instead_of_guessing; tests/test_exchange_dingque.py::test_t12_v1_dealt_readable; tests/test_reward.py::test_rw02_rank_bonus; tests/test_state_serde.py::test_t08_dict_roundtrip; tests/test_state_serde.py::test_strict_rejects_bad_hand_sizes; tests/test_state_serde.py::test_unsupported_schema_version,docs/status/F0028_2_ACCEPTANCE_2026-07-28.md::自动验收（report-only）; docs/status/F0028_6_ACCEPTANCE_2026-07-29.md::自动验收/10950观测（report-only）,TESTED,EV3,原审计边界说明（未找到明确缺口）：AI 私有认知不写入 GameState；这与规范 PlayerRoundState 示例不同但边界更安全,无已识别硬阻塞,P3,完成,`GameState` schema 5、oracle 分离,AI 私有认知不写入 GameState；这与规范 PlayerRoundState 示例不同但边界更安全
AU-058,Player View,独立白名单观测，隐藏字段不存在而非置空,程序实现规范：第 0—10 章 / 3.4 Player View,GP-021,protocols/player_view_builder.py; protocols/player_view_v2.py,protocols/player_view_builder.py:72::PlayerViewBuilder; protocols/player_view_builder.py:76::build; protocols/player_view_builder.py:143::build_legacy_dict; protocols/player_view_v2.py:34::PlayerViewV2; protocols/player_view_v2.py:12::freeze_mapping; protocols/player_view_v2.py:25::thaw,protocols/view_filter.py:13::PlayerViewBuilder; protocols/view_filter.py:13::build_legacy_dict; players/humanlike/view.py:57::PlayerViewV2; protocols/player_view_builder.py:135::PlayerViewV2; protocols/player_view_v2.py:43::freeze_mapping,tests/humanlike_v2/test_player_view_v2.py,tests/humanlike_v2/test_player_view_v2.py::test_v2_whitelist_hides_opponents_wall_and_sentinel; tests/humanlike_v2/test_player_view_v2.py::test_gp021_wall_and_concealed_gang_visibility_modes; tests/humanlike_v2/test_player_view_v2.py::test_gp021_all_visibility_fields_have_hidden_partial_exact_contracts,docs/status/F0028_2_ACCEPTANCE_2026-07-28.md::自动验收（report-only）,TESTED,EV3,原审计边界说明（未找到明确缺口）：PlayerView v2 强类型冻结；wire 仍保留 v1 legacy mapping,无已识别硬阻塞,P3,完成,builder/v2；GP-021、泄漏、隐藏哨兵测试,PlayerView v2 强类型冻结；wire 仍保留 v1 legacy mapping
AU-059,Humanlike Policy,记忆→注意→结构→信念→计划→候选→推演→停止→扰动→trace,程序实现规范：第 0—10 章 / 3.5 Human-like Policy,"GP-023～GP-027, RP-001～RP-033",players/humanlike/player.py; players/humanlike/policy.py,players/humanlike/player.py:29::HumanlikeV2Player; players/humanlike/player.py:56::observe; players/humanlike/player.py:88::decide; players/humanlike/policy.py:76::select_cognitively; players/humanlike/policy.py:23::CognitiveDecision,players/humanlike/audit_replay.py:60::HumanlikeV2Player; players/humanlike/player.py:135::select_cognitively; players/humanlike/policy.py:172::CognitiveDecision,tests/humanlike_v2/test_cognition.py; tests/humanlike_v2/test_deterministic_policy.py; tests/humanlike_v2/test_humanlike_player_integration.py,tests/humanlike_v2/test_cognition.py::test_mandatory_action_never_consumes_rng; tests/humanlike_v2/test_cognition.py::test_bounded_noise_is_reproducible_and_stays_in_near_pool; tests/humanlike_v2/test_cognition.py::test_clear_score_gap_disables_noise_and_think_time_is_bounded; tests/humanlike_v2/test_cognition.py::test_player_emits_trace_v2_and_cognitive_rp_slots; tests/humanlike_v2/test_deterministic_policy.py::test_player_dingque_and_trace_are_deterministic; tests/humanlike_v2/test_deterministic_policy.py::test_hidden_opponent_hands_cannot_change_decision; tests/humanlike_v2/test_humanlike_player_integration.py::test_registry_exposes_humanlike_without_changing_old_defaults,docs/status/F0028_3_ACCEPTANCE_2026-07-29.md::自动验收/批跑（report-only）; docs/status/F0028_4_ACCEPTANCE_2026-07-29.md::自动验收/性能（report-only）,PARTIAL,EV3,顺序和机制存在；信念、计划和推演比规范简化,无已识别硬阻塞,P2,部分完成,humanlike 模块链、trace v2,顺序和机制存在；信念、计划和推演比规范简化
AU-060,Action Resolver,按 GP-008 确定解析多人响应，顺序不受返回时序影响,程序实现规范：第 0—10 章 / 3.6 Action Resolver,RP-024～RP-032,engine/audit.py; engine/replay.py,engine/audit.py:77::DecisionAuditWriter; engine/audit.py:115::record_decision; engine/audit.py:240::verify_audit; engine/replay.py:13::ReplaySession; engine/replay.py:83::StepRecorder,engine/orchestrator.py:140::DecisionAuditWriter; players/humanlike/audit_replay.py:32::verify_audit; main.py:192::ReplaySession; engine/orchestrator.py:135::StepRecorder,tests/humanlike_v2/test_audit_replay.py; tests/test_persistence.py,tests/humanlike_v2/test_audit_replay.py::test_writer_verifier_and_footer_contract; tests/humanlike_v2/test_audit_replay.py::test_tampering_and_truncation_are_detected; tests/humanlike_v2/test_audit_replay.py::test_writer_rejects_opponent_hand_leak_and_illegal_action; tests/humanlike_v2/test_audit_replay.py::test_runner_audit_verifies_and_policy_replays; tests/test_persistence.py::test_s03_steps_replay,docs/status/F0028_5_ACCEPTANCE_2026-07-29.md::自动验收/9294决策复演（report-only）,PARTIAL,EV3,胡/碰/杠核心确定；全部可配置优先模式的直接测试不足,无已识别硬阻塞,P0,部分完成,session/blood_battle/legal,胡/碰/杠核心确定；全部可配置优先模式的直接测试不足
AU-061,Scoring,GP-011～020 驱动胡、杠、转移、终局调整,程序实现规范：第 0—10 章 / 3.7 Scoring,GP-001～GP-027,training/env.py,training/env.py:54::ChengduMahjongEnv; training/env.py:130::reset; training/env.py:200::step,training/env.py:752::ChengduMahjongEnv; training/spaces.py:1::ChengduMahjongEnv,tests/humanlike_v2/test_training_contract_v2.py; tests/test_env.py,tests/humanlike_v2/test_training_contract_v2.py::test_v2_observation_shapes_and_no_hidden_fields; tests/humanlike_v2/test_training_contract_v2.py::test_v2_fixed_index_and_shaping_off; tests/humanlike_v2/test_training_contract_v2.py::test_v2_shaping_is_separate_from_true_score; tests/humanlike_v2/test_training_contract_v2.py::test_illegal_raise_preserves_state_and_terminate_penalizes; tests/humanlike_v2/test_training_contract_v2.py::test_v1_integer_semantics_remain_legal_list_index; tests/test_env.py::test_e01_reset_returns_obs_with_legals; tests/test_env.py::test_e03_illegal_action_raises; tests/test_env.py::test_e04_same_game_id_dealt_hands,docs/status/F0028_6_ACCEPTANCE_2026-07-29.md::自动验收/10950观测（report-only）,PARTIAL,EV3,常见番型和基础结算已实现；并非所有配置组合和番型关系均有代码/夹具证明,无已识别硬阻塞,P1,部分完成,fan/score/config/ledger tests,常见番型和基础结算已实现；并非所有配置组合和番型关系均有代码/夹具证明
AU-062,Replay/Audit,事件、状态/view/config hash、候选、RNG、计分,程序实现规范：第 0—10 章 / 3.8 Replay/Audit,GP-004,engine/physical_tile.py; engine/state.py,engine/physical_tile.py:14::PhysicalTile; engine/physical_tile.py:31::id; engine/state.py:195::GameState; engine/state.py:89::PlayerState; engine/state.py:51::from_dict,engine/blood_battle.py:444::PhysicalTile; engine/physical_tile.py:97::PhysicalTile; engine/deal.py:61::GameState; engine/deal.py:52::PlayerState,tests/humanlike_v2/test_state_v5_migration.py; tests/test_exchange_dingque.py; tests/test_reward.py; tests/test_state_serde.py,tests/humanlike_v2/test_state_v5_migration.py::test_legacy_migration_is_deterministic_and_non_mutating; tests/humanlike_v2/test_state_v5_migration.py::test_bad_legacy_state_fails_instead_of_guessing; tests/test_exchange_dingque.py::test_human_face_exchange_resolves_to_physical_tiles; tests/test_exchange_dingque.py::test_t12_v1_dealt_readable; tests/test_reward.py::test_rw02_rank_bonus; tests/test_state_serde.py::test_t08_dict_roundtrip; tests/test_state_serde.py::test_strict_rejects_bad_hand_sizes; tests/test_state_serde.py::test_unsupported_schema_version,docs/status/F0028_2_ACCEPTANCE_2026-07-28.md::自动验收（report-only）,PARTIAL,EV3,决策审计很强；完整规则事件重演仍依赖 legacy steps，未统一成规范的全事件日志,无已识别硬阻塞,P0,部分完成,Audit v1、legacy steps；篡改/截断/复演测试,决策审计很强；完整规则事件重演仍依赖 legacy steps，未统一成规范的全事件日志
AU-063,Training Wrapper,生产规则引擎复用到训练，支持单/多智能体/自博弈,程序实现规范：第 0—10 章 / 3.9 Training wrapper,GP-003,engine/orchestrator.py; engine/session.py; engine/blood_battle.py; engine/state.py; training/env.py; training/action_codec_v2.py; training/observations_v2.py,engine/orchestrator.py:57::PlayerGameRunner; engine/orchestrator.py:123::run; engine/orchestrator.py:342::_play_seat_action; engine/session.py:33::GameSession; engine/session.py:68::apply; engine/session.py:161::play_random_game; engine/blood_battle.py:62::active_seats; engine/blood_battle.py:66::next_active,main.py:128::PlayerGameRunner; engine/orchestrator.py:575::PlayerGameRunner; display/app.py:766::PlayerGameRunner; main.py:163::_play_seat_action; engine/orchestrator.py:244::_play_seat_action; main.py:144::GameSession,tests/humanlike_v2/test_humanlike_player_integration.py; tests/test_blood_battle.py; tests/test_session_scores.py,tests/humanlike_v2/test_humanlike_player_integration.py::test_humanlike_self_play_has_no_policy_crash_or_full_state_channel; tests/humanlike_v2/test_humanlike_player_integration.py::test_same_game_produces_same_decision_histories; tests/test_blood_battle.py::test_b10_random_games_terminate; tests/test_blood_battle.py::test_b11_more_random; tests/test_blood_battle.py::test_session_wrapper; tests/test_session_scores.py::test_starting_scores_applied_at_run_start; tests/test_session_scores.py::test_second_hand_starts_from_previous_totals,docs/status/F0028_2_ACCEPTANCE_2026-07-28.md::自动验收（report-only）; docs/status/F0028_6_ACCEPTANCE_2026-07-29.md::自动验收/10950观测（report-only）,PARTIAL,EV3,单 learner + 固定对手完成；统一四智能体/自博弈接口未实现,缺少已批准的外部能力/数据；训练模式实现与数据契约未找到,P0,部分完成,`ChengduMahjongEnv` v1/v2,单 learner + 固定对手完成；统一四智能体/自博弈接口未实现
AU-064,牌编码,0～26 face、0～107 physical id，守恒按实体,程序实现规范：第 0—10 章 / 4.1 牌编码,RP-003～RP-005,engine/physical_tile.py; engine/invariants.py; engine/state.py,engine/physical_tile.py:14::PhysicalTile; engine/physical_tile.py:31::id; engine/invariants.py:45::assert_event_boundary; engine/invariants.py:26::ownership_regions; engine/state.py:195::GameState; engine/state.py:89::PlayerState; engine/state.py:51::from_dict,engine/blood_battle.py:444::PhysicalTile; engine/physical_tile.py:97::PhysicalTile; engine/state.py:449::assert_event_boundary; engine/invariants.py:73::ownership_regions; engine/deal.py:61::GameState; engine/deal.py:52::PlayerState,tests/humanlike_v2/test_invariants.py; tests/humanlike_v2/test_state_v5_migration.py; tests/test_exchange_dingque.py; tests/test_reward.py; tests/test_state_serde.py,tests/humanlike_v2/test_invariants.py::test_ready_state_owns_every_physical_tile_once; tests/humanlike_v2/test_invariants.py::test_duplicate_ownership_reports_structured_failure; tests/humanlike_v2/test_state_v5_migration.py::test_legacy_migration_is_deterministic_and_non_mutating; tests/humanlike_v2/test_state_v5_migration.py::test_bad_legacy_state_fails_instead_of_guessing; tests/test_exchange_dingque.py::test_human_face_exchange_resolves_to_physical_tiles; tests/test_exchange_dingque.py::test_t12_v1_dealt_readable; tests/test_reward.py::test_rw02_rank_bonus; tests/test_state_serde.py::test_t08_dict_roundtrip,docs/status/F0028_2_ACCEPTANCE_2026-07-28.md::自动验收（report-only）,TESTED,EV3,原审计边界说明（未找到明确缺口）：UI/策略边界仍投影 face，兼顾兼容性,无已识别硬阻塞,P0,完成,physical_tile/deck/state migration；实体牌测试,UI/策略边界仍投影 face，兼顾兼容性
AU-065,玩家与活动顺序,固定 seat、HU_EXITED、active seats,程序实现规范：第 0—10 章 / 4.2 玩家与活动顺序,RP-006～RP-018,engine/blood_battle.py; engine/session.py; engine/orchestrator.py; engine/legal.py,engine/blood_battle.py:62::active_seats; engine/blood_battle.py:66::next_active; engine/blood_battle.py:474::apply_action; engine/session.py:33::GameSession; engine/session.py:68::apply; engine/session.py:161::play_random_game; engine/orchestrator.py:57::PlayerGameRunner; engine/orchestrator.py:123::run,engine/blood_battle.py:146::active_seats; engine/blood_battle.py:162::next_active; engine/orchestrator.py:234::next_active; training/env.py:415::next_active; engine/session.py:77::apply_action; main.py:144::GameSession,tests/humanlike_v2/test_humanlike_player_integration.py; tests/test_blood_battle.py,tests/humanlike_v2/test_humanlike_player_integration.py::test_humanlike_self_play_has_no_policy_crash_or_full_state_channel; tests/humanlike_v2/test_humanlike_player_integration.py::test_same_game_produces_same_decision_histories; tests/test_blood_battle.py::test_b02_discard_pass_cycle; tests/test_blood_battle.py::test_force_complete_response_unblocks; tests/test_blood_battle.py::test_blood_battle_continues_after_first_hu; tests/test_blood_battle.py::test_b10_random_games_terminate; tests/test_blood_battle.py::test_b11_more_random; tests/test_blood_battle.py::test_illegal_action,docs/status/SPEC_IMPLEMENTATION_AUDIT_2026-07-29.md::测试与运行效果证据（report-only；未找到原始产物）,TESTED,EV3,原审计边界说明（未找到明确缺口）：项目还支持 2/3 人，这是兼容扩展,无已识别硬阻塞,P3,完成,state/blood_battle,项目还支持 2/3 人，这是兼容扩展
AU-066,手牌与组合,concealed ids、counts、meld、dingque、pass-hu 一致,程序实现规范：第 0—10 章 / 4.3 手牌与组合,GP-011～GP-020,players/humanlike/hand_analyzer.py; engine/shanten.py; engine/win_check.py; engine/invariants.py; engine/state.py,players/humanlike/hand_analyzer.py:51::analyze_action; players/humanlike/hand_analyzer.py:29::visible_hand; players/humanlike/hand_analyzer.py:17::HandFeatures; engine/shanten.py:272::shanten; engine/win_check.py:21::WinForm; engine/win_check.py:27::WinCheckResult; engine/invariants.py:45::assert_event_boundary; engine/invariants.py:26::ownership_regions,players/humanlike/evaluator.py:70::analyze_action; players/humanlike/player.py:111::analyze_action; players/humanlike/evaluator.py:66::visible_hand; players/humanlike/hand_analyzer.py:52::visible_hand; players/humanlike/hand_analyzer.py:80::HandFeatures; engine/score.py:124::shanten,tests/humanlike_v2/test_invariants.py; tests/test_shanten.py; tests/test_win_fan.py,tests/humanlike_v2/test_invariants.py::test_ready_state_owns_every_physical_tile_once; tests/humanlike_v2/test_invariants.py::test_duplicate_ownership_reports_structured_failure; tests/test_shanten.py::test_s02_winning_standard_shanten_neg1; tests/test_shanten.py::test_s01_tenpai_shanten_0; tests/test_shanten.py::test_s03_seven_pairs_tenpai; tests/test_shanten.py::test_s04_dingque_raises_shanten; tests/test_win_fan.py::test_w01_standard_win; tests/test_win_fan.py::test_w02_seven_pairs,docs/status/F0028_2_ACCEPTANCE_2026-07-28.md::自动验收（report-only）; docs/status/F0028_3_ACCEPTANCE_2026-07-29.md::自动验收/批跑（report-only）,PARTIAL,EV3,权威以实体手牌为主并投影 face；`tile_type_counts`不作为长期独立字段，符合不重复权威原则,无已识别硬阻塞,P3,部分完成,state/physical tile/invariants,权威以实体手牌为主并投影 face；`tile_type_counts`不作为长期独立字段，符合不重复权威原则
AU-067,可见牌,实体去重后聚合 own/discard/meld/hu/gang,程序实现规范：第 0—10 章 / 4.4 可见牌,GP-001～GP-027,protocols/player_view_builder.py; protocols/player_view_v2.py; players/humanlike/view.py; training/oracle.py; engine/physical_tile.py; engine/invariants.py; engine/state.py,protocols/player_view_builder.py:72::PlayerViewBuilder; protocols/player_view_builder.py:76::build; protocols/player_view_builder.py:143::build_legacy_dict; protocols/player_view_v2.py:34::PlayerViewV2; protocols/player_view_v2.py:12::freeze_mapping; protocols/player_view_v2.py:25::thaw; players/humanlike/view.py:66::build_decision_context; players/humanlike/view.py:19::DecisionContext,protocols/view_filter.py:13::PlayerViewBuilder; protocols/view_filter.py:13::build_legacy_dict; players/humanlike/view.py:57::PlayerViewV2; protocols/player_view_builder.py:135::PlayerViewV2; protocols/player_view_v2.py:43::freeze_mapping; players/humanlike/player.py:93::build_decision_context,tests/humanlike_v2/test_deterministic_policy.py; tests/humanlike_v2/test_player_view_v2.py,tests/humanlike_v2/test_deterministic_policy.py::test_context_rejects_wrong_view_version_and_seat; tests/humanlike_v2/test_player_view_v2.py::test_v2_whitelist_hides_opponents_wall_and_sentinel; tests/humanlike_v2/test_player_view_v2.py::test_gp021_wall_and_concealed_gang_visibility_modes; tests/humanlike_v2/test_player_view_v2.py::test_gp021_all_visibility_fields_have_hidden_partial_exact_contracts,docs/status/F0028_2_ACCEPTANCE_2026-07-28.md::自动验收（report-only）; docs/status/F0028_3_ACCEPTANCE_2026-07-29.md::自动验收/批跑（report-only）; docs/status/F0028_6_ACCEPTANCE_2026-07-29.md::自动验收/10950观测（report-only）,INTEGRATED,EV4,原审计边界说明（未找到明确缺口）：被认领弃牌与副露去重有自动测试/批跑证据,无已识别硬阻塞,P3,完成,PlayerView builder、belief 去重,被认领弃牌与副露去重有自动测试/批跑证据
AU-068,计分对象,match-before/ledger/end-adjust/result/match-after 分层,程序实现规范：第 0—10 章 / 4.5 计分对象,"GP-011～GP-020, RP-022～RP-023",engine/score.py; engine/reward.py; training/reward_v2.py,engine/score.py:128::ScoreService; engine/score.py:158::apply_hu_zimo; engine/score.py:180::apply_hu_dianpao; engine/reward.py:28::RewardConfig; engine/reward.py:43::load; training/reward_v2.py:40::visible_potential; training/reward_v2.py:66::shaping_delta; training/reward_v2.py:20::TrainingContractConfig,engine/blood_battle.py:52::ScoreService; engine/blood_battle.py:512::apply_hu_zimo; engine/blood_battle.py:388::apply_hu_dianpao; training/env.py:197::visible_potential; training/env.py:258::shaping_delta; training/env.py:92::TrainingContractConfig,tests/humanlike_v2/test_training_contract_v2.py; tests/test_episode_log.py; tests/test_reward.py; tests/test_score.py,tests/humanlike_v2/test_training_contract_v2.py::test_v2_shaping_is_separate_from_true_score; tests/humanlike_v2/test_training_contract_v2.py::test_illegal_raise_preserves_state_and_terminate_penalizes; tests/test_episode_log.py::test_lg01_jsonl_parseable; tests/test_reward.py::test_rw01_deal_in_penalty; tests/test_reward.py::test_rw02_rank_bonus; tests/test_reward.py::test_rw03_engine_score_mode; tests/test_score.py::test_sc01_dianpao_fan2; tests/test_score.py::test_sc02_multi_ron,docs/status/F0028_6_ACCEPTANCE_2026-07-29.md::自动验收/10950观测（report-only）,PARTIAL,EV3,账本与总分可核对；数据类字段命名未完全按规范五层显式呈现,无已识别硬阻塞,P0,部分完成,scores、score_events、result/session totals,账本与总分可核对；数据类字段命名未完全按规范五层显式呈现
AU-069,配置模型,27 GP、4 profile、强类型、冻结、hash、版本组合,程序实现规范：第 0—10 章 / 5. 配置模型,GP-001～GP-027,players/humanlike/config.py,players/humanlike/config.py:301::load_config; players/humanlike/config.py:156::HumanlikeConfig; players/humanlike/config.py:192::_validate_global_parameters,players/humanlike/player.py:46::load_config; players/humanlike/settings_service.py:38::load_config; players/humanlike/config.py:333::HumanlikeConfig; players/humanlike/config.py:151::_validate_global_parameters,tests/humanlike_v2/test_config.py,tests/humanlike_v2/test_config.py::test_default_has_all_gp_profiles_and_stable_hash; tests/humanlike_v2/test_config.py::test_hash_ignores_json_format_and_key_order; tests/humanlike_v2/test_config.py::test_missing_gp_fails; tests/humanlike_v2/test_config.py::test_unknown_version_fails; tests/humanlike_v2/test_config.py::test_invalid_range_fails; tests/humanlike_v2/test_config.py::test_non_normalized_weights_fail; tests/humanlike_v2/test_config.py::test_missing_player_cognitive_gp_fails; tests/humanlike_v2/test_config.py::test_player_cognitive_parameters_are_independent,docs/status/F0030_ACCEPTANCE_2026-07-29.md::自动验收/逐座批跑（report-only）,INTEGRATED,EV4,原审计边界说明（未找到明确缺口）：F0030 将 4 个认知 GP 逐座化，旧配置确定迁移,无已识别硬阻塞,P0,完成,config/default/compatibility/settings；11 config tests,F0030 将 4 个认知 GP 逐座化，旧配置确定迁移
AU-070,Round/Player/View 状态,运行态、玩家态、可见态分层，33 RP 生命周期,程序实现规范：第 0—10 章 / 6. Round/Player/View 状态,RP-001～RP-033,players/humanlike/runtime.py; protocols/player_view_v2.py,players/humanlike/runtime.py:34::RoundRuntime; players/humanlike/runtime.py:46::create_round; players/humanlike/runtime.py:80::apply_event; protocols/player_view_v2.py:34::PlayerViewV2; protocols/player_view_v2.py:12::freeze_mapping; protocols/player_view_v2.py:25::thaw,players/humanlike/view.py:57::PlayerViewV2; protocols/player_view_builder.py:135::PlayerViewV2; protocols/player_view_v2.py:43::freeze_mapping,tests/humanlike_v2/test_runtime.py,tests/humanlike_v2/test_runtime.py::test_event_decision_and_finalize_lifecycle; tests/humanlike_v2/test_runtime.py::test_unknown_rp_and_invalid_transition_fail,docs/status/F0028_2_ACCEPTANCE_2026-07-28.md::自动验收（report-only）,PARTIAL,EV3,核心字段齐全但不是规范 TypeScript 接口逐字段照搬；AI 认知保留在策略侧,无已识别硬阻塞,P1,部分完成,state/runtime/PlayerView,核心字段齐全但不是规范 TypeScript 接口逐字段照搬；AI 认知保留在策略侧
AU-071,状态机与事件,CONFIGURED→SETTLED，标准顺序，原子事件后 hash/断言,程序实现规范：第 0—10 章 / 7. 状态机/事件,RP-030～RP-032,engine/orchestrator.py; engine/session.py; engine/blood_battle.py; engine/state.py; engine/audit.py; players/humanlike/audit_replay.py; engine/replay.py,engine/orchestrator.py:57::PlayerGameRunner; engine/orchestrator.py:123::run; engine/orchestrator.py:342::_play_seat_action; engine/session.py:33::GameSession; engine/session.py:68::apply; engine/session.py:161::play_random_game; engine/blood_battle.py:62::active_seats; engine/blood_battle.py:66::next_active,main.py:128::PlayerGameRunner; engine/orchestrator.py:575::PlayerGameRunner; display/app.py:766::PlayerGameRunner; main.py:163::_play_seat_action; engine/orchestrator.py:244::_play_seat_action; main.py:144::GameSession,tests/humanlike_v2/test_humanlike_player_integration.py; tests/test_blood_battle.py; tests/test_session_scores.py,tests/humanlike_v2/test_humanlike_player_integration.py::test_humanlike_self_play_has_no_policy_crash_or_full_state_channel; tests/humanlike_v2/test_humanlike_player_integration.py::test_same_game_produces_same_decision_histories; tests/test_blood_battle.py::test_b10_random_games_terminate; tests/test_blood_battle.py::test_b11_more_random; tests/test_blood_battle.py::test_session_wrapper; tests/test_session_scores.py::test_starting_scores_applied_at_run_start; tests/test_session_scores.py::test_second_hand_starts_from_previous_totals,docs/status/F0028_2_ACCEPTANCE_2026-07-28.md::自动验收（report-only）; docs/status/F0028_5_ACCEPTANCE_2026-07-29.md::自动验收/9294决策复演（report-only）,PARTIAL,EV3,阶段顺序可运行；没有每一种规范原子事件都作为统一不可变事件并逐事件写 hash,无已识别硬阻塞,P0,部分完成,engine phase/orchestrator/audit/invariants,阶段顺序可运行；没有每一种规范原子事件都作为统一不可变事件并逐事件写 hash
AU-072,合法行动与解析,无吃、定缺约束、碰/明暗补杠/抢杠、多响,程序实现规范：第 0—10 章 / 8. 合法行动与解析,GP-008～GP-010,engine/legal.py; players/humanlike/candidates.py; engine/opening.py; players/humanlike/evaluator.py; engine/blood_battle.py; engine/session.py; engine/orchestrator.py,engine/legal.py:57::legal_actions; engine/legal.py:31::legal_discards; engine/legal.py:127::action_in_legal; players/humanlike/candidates.py:52::build_candidates; players/humanlike/candidates.py:24::stable_action_key; players/humanlike/candidates.py:35::CandidateSet; engine/opening.py:91::begin_opening; engine/opening.py:157::submit_exchange,engine/legal.py:75::legal_discards; engine/blood_battle.py:479::action_in_legal; engine/orchestrator.py:387::action_in_legal; training/env.py:214::action_in_legal; players/humanlike/player.py:116::build_candidates; players/humanlike/attention.py:51::stable_action_key,tests/humanlike_v2/test_deterministic_policy.py; tests/test_analysis.py; tests/test_exchange_dingque.py,tests/humanlike_v2/test_deterministic_policy.py::test_mandatory_hu_survives_candidate_cap; tests/humanlike_v2/test_deterministic_policy.py::test_stable_action_key_is_explicit; tests/humanlike_v2/test_deterministic_policy.py::test_evaluation_is_repeatable_and_rng_free; tests/test_analysis.py::test_an03_strategy_best_min_shanten; tests/test_exchange_dingque.py::test_t03_full_exchange_to_dingque; tests/test_exchange_dingque.py::test_human_face_exchange_resolves_to_physical_tiles; tests/test_exchange_dingque.py::test_t04_multiset_transfer; tests/test_exchange_dingque.py::test_t05_illegal_exchange,docs/status/F0028_3_ACCEPTANCE_2026-07-29.md::自动验收/批跑（report-only）,INTEGRATED,EV4,原审计边界说明（未找到明确缺口）：主要规则路径已实现；少数参数化恢复/强制胡边界测试仍不足,无已识别硬阻塞,P0,完成,legal/blood_battle/session/score,主要规则路径已实现；少数参数化恢复/强制胡边界测试仍不足
AU-073,AI 决策管线,只读上下文、mandatory、有限候选、满意停止、有界噪声,程序实现规范：第 0—10 章 / 9. AI 决策管线,"GP-023～GP-027, RP-019～RP-029",engine/legal.py; players/humanlike/candidates.py; protocols/player_view_builder.py; protocols/player_view_v2.py; players/humanlike/view.py; training/oracle.py; players/humanlike/cognition.py,engine/legal.py:57::legal_actions; engine/legal.py:31::legal_discards; engine/legal.py:127::action_in_legal; players/humanlike/candidates.py:52::build_candidates; players/humanlike/candidates.py:24::stable_action_key; players/humanlike/candidates.py:35::CandidateSet; protocols/player_view_builder.py:72::PlayerViewBuilder; protocols/player_view_builder.py:76::build,engine/legal.py:75::legal_discards; engine/blood_battle.py:479::action_in_legal; engine/orchestrator.py:387::action_in_legal; training/env.py:214::action_in_legal; players/humanlike/player.py:116::build_candidates; players/humanlike/attention.py:51::stable_action_key,tests/humanlike_v2/test_deterministic_policy.py; tests/humanlike_v2/test_player_view_v2.py; tests/test_analysis.py,tests/humanlike_v2/test_deterministic_policy.py::test_mandatory_hu_survives_candidate_cap; tests/humanlike_v2/test_deterministic_policy.py::test_stable_action_key_is_explicit; tests/humanlike_v2/test_deterministic_policy.py::test_evaluation_is_repeatable_and_rng_free; tests/humanlike_v2/test_player_view_v2.py::test_v2_whitelist_hides_opponents_wall_and_sentinel; tests/humanlike_v2/test_player_view_v2.py::test_gp021_wall_and_concealed_gang_visibility_modes; tests/humanlike_v2/test_player_view_v2.py::test_gp021_all_visibility_fields_have_hidden_partial_exact_contracts; tests/test_analysis.py::test_an03_strategy_best_min_shanten,docs/status/F0028_2_ACCEPTANCE_2026-07-28.md::自动验收（report-only）; docs/status/F0028_3_ACCEPTANCE_2026-07-29.md::自动验收/批跑（report-only）; docs/status/F0028_4_ACCEPTANCE_2026-07-29.md::自动验收/性能（report-only）,INTEGRATED,EV4,原审计边界说明（未找到明确缺口）：“有限 lookahead”主要是单步特征近似，非完整状态树搜索,无已识别硬阻塞,P3,完成,humanlike view/candidates/cognition/policy,“有限 lookahead”主要是单步特征近似，非完整状态树搜索
AU-074,手牌分析,标准/七对/特殊牌型、Top-N 拆解、弃牌向听、等待形状,程序实现规范：第 0—10 章 / 10.1 手牌分析,RP-003～RP-005,players/humanlike/hand_analyzer.py; engine/shanten.py; engine/win_check.py,players/humanlike/hand_analyzer.py:51::analyze_action; players/humanlike/hand_analyzer.py:29::visible_hand; players/humanlike/hand_analyzer.py:17::HandFeatures; engine/shanten.py:272::shanten; engine/win_check.py:21::WinForm; engine/win_check.py:27::WinCheckResult,players/humanlike/evaluator.py:70::analyze_action; players/humanlike/player.py:111::analyze_action; players/humanlike/evaluator.py:66::visible_hand; players/humanlike/hand_analyzer.py:52::visible_hand; players/humanlike/hand_analyzer.py:80::HandFeatures; engine/score.py:124::shanten,tests/test_shanten.py; tests/test_win_fan.py,tests/test_shanten.py::test_s02_winning_standard_shanten_neg1; tests/test_shanten.py::test_s01_tenpai_shanten_0; tests/test_shanten.py::test_s03_seven_pairs_tenpai; tests/test_shanten.py::test_s04_dingque_raises_shanten; tests/test_win_fan.py::test_w01_standard_win; tests/test_win_fan.py::test_w02_seven_pairs,docs/status/F0028_3_ACCEPTANCE_2026-07-29.md::自动验收/批跑（report-only）,PARTIAL,EV3,标准和七对覆盖好；Humanlike v2 不输出全部拆解/等待形状/配置特殊牌型状态,无已识别硬阻塞,P1,部分完成,shanten/F0011/humanlike hand analyzer,标准和七对覆盖好；Humanlike v2 不输出全部拆解/等待形状/配置特殊牌型状态
AU-075,信念与风险,unseen 与墙内 live 分离、清缺概率、假设贝叶斯更新、逐家风险,程序实现规范：第 0—10 章 / 10.2–10.5 信念/风险,GP-001～GP-027,training/env.py,training/env.py:54::ChengduMahjongEnv; training/env.py:130::reset; training/env.py:200::step,training/env.py:752::ChengduMahjongEnv; training/spaces.py:1::ChengduMahjongEnv,tests/humanlike_v2/test_training_contract_v2.py; tests/test_env.py,tests/humanlike_v2/test_training_contract_v2.py::test_v2_observation_shapes_and_no_hidden_fields; tests/humanlike_v2/test_training_contract_v2.py::test_v2_fixed_index_and_shaping_off; tests/humanlike_v2/test_training_contract_v2.py::test_v2_shaping_is_separate_from_true_score; tests/humanlike_v2/test_training_contract_v2.py::test_illegal_raise_preserves_state_and_terminate_penalizes; tests/humanlike_v2/test_training_contract_v2.py::test_v1_integer_semantics_remain_legal_list_index; tests/test_env.py::test_e01_reset_returns_obs_with_legals; tests/test_env.py::test_e03_illegal_action_raises; tests/test_env.py::test_e04_same_game_id_dealt_hands,docs/status/F0028_6_ACCEPTANCE_2026-07-29.md::自动验收/10950观测（report-only）,PARTIAL,EV3,公开信息启发式可用；未严格实现规范公式和完整假设集合,无已识别硬阻塞,P2,部分完成,belief/F0010 danger/predict,公开信息启发式可用；未严格实现规范公式和完整假设集合
AU-076,注意/记忆/摸牌/Q,Top-K、指数衰减、剩余摸牌区间、六项 Q,程序实现规范：第 0—10 章 / 10.6–10.9 注意/记忆/摸牌/Q,"GP-021, RP-001～RP-023",training/observations_v2.py,training/observations_v2.py:22::encode_observation_v2; training/observations_v2.py:89::flatten_observation_v2,training/env.py:688::encode_observation_v2,tests/humanlike_v2/test_training_contract_v2.py,tests/humanlike_v2/test_training_contract_v2.py::test_v2_observation_shapes_and_no_hidden_fields,docs/status/F0028_6_ACCEPTANCE_2026-07-29.md::自动验收/10950观测（report-only）,PARTIAL,EV3,注意和记忆完成度高；摸牌机会和 Q 公式语义不完全,无已识别硬阻塞,P3,部分完成,attention/memory/runtime/evaluator,注意和记忆完成度高；摸牌机会和 Q 公式语义不完全
AU-077,训练模式,规则对规则、学习对规则、单智能体、四智能体自博弈、离线 BC、回放 RL、域随机化,程序实现规范：第 11—19 章 / 11.1 训练模式,GP-008～GP-010,training/action_codec_v2.py,training/action_codec_v2.py:32::encode_action; training/action_codec_v2.py:50::decode_action; training/action_codec_v2.py:66::legal_action_mask,training/action_codec_v2.py:69::encode_action; training/env.py:661::encode_action; training/env.py:659::decode_action; training/env.py:688::legal_action_mask,tests/humanlike_v2/test_training_contract_v2.py,tests/humanlike_v2/test_training_contract_v2.py::test_codec_is_fixed_unique_and_roundtrips; tests/humanlike_v2/test_training_contract_v2.py::test_codec_rejects_mixed_exchange_and_mask_is_exact,docs/status/F0028_6_ACCEPTANCE_2026-07-29.md::自动验收/10950观测（report-only）,PARTIAL,EV3,规则对规则和单 learner 固定对手可用；四智能体统一接口、BC、回放 RL、域随机化未实现,缺少已批准的外部能力/数据；训练模式实现与数据契约未找到,P0,部分完成,runner/env/player registry,规则对规则和单 learner 固定对手可用；四智能体统一接口、BC、回放 RL、域随机化未实现
AU-078,观测空间,手牌/副露/定缺/弃牌序列/活动座位/墙/比分/过胡/mask/可选认知,程序实现规范：第 11—19 章 / 11.2 观测空间,GP-011～GP-020,training/reward_v2.py; training/env.py,training/reward_v2.py:40::visible_potential; training/reward_v2.py:66::shaping_delta; training/reward_v2.py:20::TrainingContractConfig; training/env.py:54::ChengduMahjongEnv; training/env.py:130::reset; training/env.py:200::step,training/env.py:197::visible_potential; training/env.py:258::shaping_delta; training/env.py:92::TrainingContractConfig; training/env.py:752::ChengduMahjongEnv; training/spaces.py:1::ChengduMahjongEnv,tests/humanlike_v2/test_training_contract_v2.py; tests/test_env.py,tests/humanlike_v2/test_training_contract_v2.py::test_v2_observation_shapes_and_no_hidden_fields; tests/humanlike_v2/test_training_contract_v2.py::test_v2_fixed_index_and_shaping_off; tests/humanlike_v2/test_training_contract_v2.py::test_v2_shaping_is_separate_from_true_score; tests/humanlike_v2/test_training_contract_v2.py::test_illegal_raise_preserves_state_and_terminate_penalizes; tests/humanlike_v2/test_training_contract_v2.py::test_v1_integer_semantics_remain_legal_list_index; tests/test_env.py::test_e01_reset_returns_obs_with_legals; tests/test_env.py::test_e03_illegal_action_raises; tests/test_env.py::test_e04_same_game_id_dealt_hands,docs/status/F0028_6_ACCEPTANCE_2026-07-29.md::自动验收/10950观测（report-only）,PARTIAL,EV3,大部分块已实现；cognitive 在配置模型存在但 env 默认路径未形成完整可切换训练输入，过胡表达也较弱,无已识别硬阻塞,P1,部分完成,`observations_v2.py`，921 维 flat；2/3/4 人形状/泄漏测试,大部分块已实现；cognitive 在配置模型存在但 env 默认路径未形成完整可切换训练输入，过胡表达也较弱
AU-079,动作空间,结构动作、固定 mask、非法 raise 或惩罚终止,程序实现规范：第 11—19 章 / 11.3 动作空间,"RP-022, RP-033",training/env.py,training/env.py:54::ChengduMahjongEnv; training/env.py:130::reset; training/env.py:200::step,training/env.py:752::ChengduMahjongEnv; training/spaces.py:1::ChengduMahjongEnv,tests/humanlike_v2/test_training_contract_v2.py; tests/test_env.py,tests/humanlike_v2/test_training_contract_v2.py::test_v2_observation_shapes_and_no_hidden_fields; tests/humanlike_v2/test_training_contract_v2.py::test_v2_fixed_index_and_shaping_off; tests/humanlike_v2/test_training_contract_v2.py::test_v2_shaping_is_separate_from_true_score; tests/humanlike_v2/test_training_contract_v2.py::test_illegal_raise_preserves_state_and_terminate_penalizes; tests/humanlike_v2/test_training_contract_v2.py::test_v1_integer_semantics_remain_legal_list_index; tests/test_env.py::test_e01_reset_returns_obs_with_legals; tests/test_env.py::test_e03_illegal_action_raises; tests/test_env.py::test_e04_same_game_id_dealt_hands,docs/status/F0028_6_ACCEPTANCE_2026-07-29.md::自动验收/10950观测（report-only）,INTEGRATED,EV4,原审计边界说明（未找到明确缺口）：v2 显式 opt-in；v1 保留 legal-list index 语义,无已识别硬阻塞,P3,完成,codec v2 635 项、env v2；roundtrip/mask/非法测试,v2 显式 opt-in；v1 保留 legal-list index 语义
AU-080,奖励,真实得分为主、PlayerView 势能塑形、真实/塑形分离,程序实现规范：第 11—19 章 / 11.4 奖励,RP-030～RP-032,engine/audit.py; engine/replay.py,engine/audit.py:77::DecisionAuditWriter; engine/audit.py:115::record_decision; engine/audit.py:240::verify_audit; engine/replay.py:13::ReplaySession; engine/replay.py:83::StepRecorder,engine/orchestrator.py:140::DecisionAuditWriter; players/humanlike/audit_replay.py:32::verify_audit; main.py:192::ReplaySession; engine/orchestrator.py:135::StepRecorder,tests/humanlike_v2/test_audit_replay.py; tests/test_persistence.py,tests/humanlike_v2/test_audit_replay.py::test_writer_verifier_and_footer_contract; tests/humanlike_v2/test_audit_replay.py::test_tampering_and_truncation_are_detected; tests/humanlike_v2/test_audit_replay.py::test_writer_rejects_opponent_hand_leak_and_illegal_action; tests/humanlike_v2/test_audit_replay.py::test_runner_audit_verifies_and_policy_replays; tests/test_persistence.py::test_s03_steps_replay,docs/status/F0028_5_ACCEPTANCE_2026-07-29.md::自动验收/9294决策复演（report-only）,INTEGRATED,EV4,原审计边界说明（未找到明确缺口）：默认关闭 shaping；没有为具体 RL 算法调参或证明提升收敛,无已识别硬阻塞,P3,完成,reward_v2/env/metrics；shaping 与 true score 测试,默认关闭 shaping；没有为具体 RL 算法调参或证明提升收敛
AU-081,Episode,单局/整场长 episode、合法跨局状态继承,程序实现规范：第 11—19 章 / 11.5 Episode,RP-024～RP-032,engine/audit.py,engine/audit.py:77::DecisionAuditWriter; engine/audit.py:115::record_decision; engine/audit.py:240::verify_audit,engine/orchestrator.py:140::DecisionAuditWriter; players/humanlike/audit_replay.py:32::verify_audit,tests/humanlike_v2/test_audit_replay.py,tests/humanlike_v2/test_audit_replay.py::test_writer_verifier_and_footer_contract; tests/humanlike_v2/test_audit_replay.py::test_tampering_and_truncation_are_detected; tests/humanlike_v2/test_audit_replay.py::test_writer_rejects_opponent_hand_leak_and_illegal_action; tests/humanlike_v2/test_audit_replay.py::test_runner_audit_verifies_and_policy_replays,docs/status/F0028_5_ACCEPTANCE_2026-07-29.md::自动验收/9294决策复演（report-only）,PARTIAL,EV3,单局 episode 完成；带跨局认知/比分的长 episode 训练接口未完整实现,无已识别硬阻塞,P0,部分完成,env 单局、session 多局分数,单局 episode 完成；带跨局认知/比分的长 episode 训练接口未完整实现
AU-082,事件日志,每原子事件写 public payload、private hash、state before/after/config hash,程序实现规范：第 11—19 章 / 12.1 事件日志,RP-024～RP-032,engine/audit.py,engine/audit.py:77::DecisionAuditWriter; engine/audit.py:115::record_decision; engine/audit.py:240::verify_audit,engine/orchestrator.py:140::DecisionAuditWriter; players/humanlike/audit_replay.py:32::verify_audit,tests/humanlike_v2/test_audit_replay.py,tests/humanlike_v2/test_audit_replay.py::test_writer_verifier_and_footer_contract; tests/humanlike_v2/test_audit_replay.py::test_tampering_and_truncation_are_detected; tests/humanlike_v2/test_audit_replay.py::test_writer_rejects_opponent_hand_leak_and_illegal_action; tests/humanlike_v2/test_audit_replay.py::test_runner_audit_verifies_and_policy_replays,docs/status/F0028_5_ACCEPTANCE_2026-07-29.md::自动验收/9294决策复演（report-only）,PARTIAL,EV3,decision audit 有 hash 链；未形成一套完全覆盖所有原子规则事件的统一日志,无已识别硬阻塞,P3,部分完成,legacy episode/steps + Audit v1,decision audit 有 hash 链；未形成一套完全覆盖所有原子规则事件的统一日志
AU-083,AI 决策日志,view、记忆、注意、计划、legal/candidate/checked/score/stop/RNG/action/time,程序实现规范：第 11—19 章 / 12.2 AI 决策日志,RP-024～RP-032,engine/audit.py; players/humanlike/audit_replay.py,engine/audit.py:77::DecisionAuditWriter; engine/audit.py:115::record_decision; engine/audit.py:240::verify_audit; players/humanlike/audit_replay.py:27::replay_humanlike_audit,engine/orchestrator.py:140::DecisionAuditWriter; players/humanlike/audit_replay.py:32::verify_audit,tests/humanlike_v2/test_audit_replay.py,tests/humanlike_v2/test_audit_replay.py::test_writer_verifier_and_footer_contract; tests/humanlike_v2/test_audit_replay.py::test_tampering_and_truncation_are_detected; tests/humanlike_v2/test_audit_replay.py::test_writer_rejects_opponent_hand_leak_and_illegal_action; tests/humanlike_v2/test_audit_replay.py::test_runner_audit_verifies_and_policy_replays,docs/status/F0028_5_ACCEPTANCE_2026-07-29.md::自动验收/9294决策复演（report-only）,INTEGRATED,EV4,原审计边界说明（未找到明确缺口）：private audit 可验证/篡改检测；需按敏感文件管理，未提供公开脱敏导出,无已识别硬阻塞,P2,完成,DecisionTrace v2、Audit v1,private audit 可验证/篡改检测；需按敏感文件管理，未提供公开脱敏导出
AU-084,确定性回放,同配置/seed/策略/事件得到同墙、状态、动作、结算,程序实现规范：第 11—19 章 / 12.3 确定性回放,GP-001～GP-027,players/base_player.py; engine/session.py,players/base_player.py:13::BasePlayer; players/base_player.py:34::observe; engine/session.py:33::GameSession; engine/session.py:68::apply; engine/session.py:161::play_random_game,main.py:144::GameSession; engine/orchestrator.py:208::GameSession; engine/session.py:200::GameSession; players/analysis/predict_eval.py:156::GameSession; training/env.py:390::GameSession,tests/test_blood_battle.py,tests/test_blood_battle.py::test_b10_random_games_terminate; tests/test_blood_battle.py::test_b11_more_random; tests/test_blood_battle.py::test_session_wrapper,docs/status/SPEC_IMPLEMENTATION_AUDIT_2026-07-29.md::测试与运行效果证据（report-only；未找到原始产物）,PARTIAL,EV3,策略输入序列复演和 state hash 证据很强；完整事件重演仍分散在 legacy steps,无已识别硬阻塞,P1,部分完成,game_id tests、audit replay、60 局 9294 决策复演,策略输入序列复演和 state hash 证据很强；完整事件重演仍分散在 legacy steps
AU-085,核心接口,RuleEngine/ViewBuilder/Policy/Scoring 的清晰接口,程序实现规范：第 11—19 章 / 13.1–13.4 接口,GP-001～GP-027,training/env.py,training/env.py:54::ChengduMahjongEnv; training/env.py:130::reset; training/env.py:200::step,training/env.py:752::ChengduMahjongEnv; training/spaces.py:1::ChengduMahjongEnv,tests/humanlike_v2/test_training_contract_v2.py; tests/test_env.py,tests/humanlike_v2/test_training_contract_v2.py::test_v2_observation_shapes_and_no_hidden_fields; tests/humanlike_v2/test_training_contract_v2.py::test_v2_fixed_index_and_shaping_off; tests/humanlike_v2/test_training_contract_v2.py::test_v2_shaping_is_separate_from_true_score; tests/humanlike_v2/test_training_contract_v2.py::test_illegal_raise_preserves_state_and_terminate_penalizes; tests/humanlike_v2/test_training_contract_v2.py::test_v1_integer_semantics_remain_legal_list_index; tests/test_env.py::test_e01_reset_returns_obs_with_legals; tests/test_env.py::test_e03_illegal_action_raises; tests/test_env.py::test_e04_same_game_id_dealt_hands,docs/status/F0028_6_ACCEPTANCE_2026-07-29.md::自动验收/10950观测（report-only）,INTEGRATED,EV4,原审计边界说明（未找到明确缺口）：接口为项目原生 Python 形态，不照搬 TypeScript 示例；功能边界等价,无已识别硬阻塞,P1,完成,Python 模块函数、GameSession、BasePlayer、DecisionResult,接口为项目原生 Python 形态，不照搬 TypeScript 示例；功能边界等价
AU-086,训练接口,reset/step/mask/clone/restore、多玩家 ActionMap,程序实现规范：第 11—19 章 / 13.5 训练接口,RP-030～RP-032,engine/invariants.py; engine/state.py,engine/invariants.py:45::assert_event_boundary; engine/invariants.py:26::ownership_regions; engine/state.py:195::GameState; engine/state.py:89::PlayerState; engine/state.py:51::from_dict,engine/state.py:449::assert_event_boundary; engine/invariants.py:73::ownership_regions; engine/deal.py:61::GameState; engine/deal.py:52::PlayerState,tests/humanlike_v2/test_invariants.py; tests/humanlike_v2/test_state_v5_migration.py; tests/test_exchange_dingque.py; tests/test_reward.py; tests/test_state_serde.py,tests/humanlike_v2/test_invariants.py::test_ready_state_owns_every_physical_tile_once; tests/humanlike_v2/test_invariants.py::test_duplicate_ownership_reports_structured_failure; tests/humanlike_v2/test_state_v5_migration.py::test_legacy_migration_is_deterministic_and_non_mutating; tests/humanlike_v2/test_state_v5_migration.py::test_bad_legacy_state_fails_instead_of_guessing; tests/test_exchange_dingque.py::test_t12_v1_dealt_readable; tests/test_reward.py::test_rw02_rank_bonus; tests/test_state_serde.py::test_t08_dict_roundtrip; tests/test_state_serde.py::test_strict_rejects_bad_hand_sizes,docs/status/F0028_2_ACCEPTANCE_2026-07-28.md::自动验收（report-only）,PARTIAL,EV3,单 learner reset/step/mask 完成；公开 clone/restore 和多玩家 ActionMap 未实现,无已识别硬阻塞,P0,部分完成,env reset/step/mask,单 learner reset/step/mask 完成；公开 clone/restore 和多玩家 ActionMap 未实现
AU-087,每事件断言,守恒、张数、actor、HU_EXITED、清缺、legal、view、账本、状态机,程序实现规范：第 11—19 章 / 14.1 每事件断言,无直接GP/RP；测试追踪,engine/legal.py; players/humanlike/candidates.py; protocols/player_view_builder.py; protocols/player_view_v2.py; players/humanlike/view.py; training/oracle.py; engine/score.py,engine/legal.py:57::legal_actions; engine/legal.py:31::legal_discards; engine/legal.py:127::action_in_legal; players/humanlike/candidates.py:52::build_candidates; players/humanlike/candidates.py:24::stable_action_key; players/humanlike/candidates.py:35::CandidateSet; protocols/player_view_builder.py:72::PlayerViewBuilder; protocols/player_view_builder.py:76::build,engine/legal.py:75::legal_discards; engine/blood_battle.py:479::action_in_legal; engine/orchestrator.py:387::action_in_legal; training/env.py:214::action_in_legal; players/humanlike/player.py:116::build_candidates; players/humanlike/attention.py:51::stable_action_key,tests/humanlike_v2/test_deterministic_policy.py; tests/humanlike_v2/test_player_view_v2.py; tests/test_analysis.py,tests/humanlike_v2/test_deterministic_policy.py::test_mandatory_hu_survives_candidate_cap; tests/humanlike_v2/test_deterministic_policy.py::test_stable_action_key_is_explicit; tests/humanlike_v2/test_deterministic_policy.py::test_evaluation_is_repeatable_and_rng_free; tests/humanlike_v2/test_player_view_v2.py::test_v2_whitelist_hides_opponents_wall_and_sentinel; tests/humanlike_v2/test_player_view_v2.py::test_gp021_wall_and_concealed_gang_visibility_modes; tests/humanlike_v2/test_player_view_v2.py::test_gp021_all_visibility_fields_have_hidden_partial_exact_contracts; tests/test_analysis.py::test_an03_strategy_best_min_shanten,docs/status/F0028_2_ACCEPTANCE_2026-07-28.md::自动验收（report-only）; docs/status/F0028_3_ACCEPTANCE_2026-07-29.md::自动验收/批跑（report-only）; docs/status/F0028_6_ACCEPTANCE_2026-07-29.md::自动验收/10950观测（report-only）,PARTIAL,EV3,关键守恒/泄漏/legal 有强证据；不是所有事件都统一自动执行十项断言,无已识别硬阻塞,P0,部分完成,invariants/state/legal/view/audit,关键守恒/泄漏/legal 有强证据；不是所有事件都统一自动执行十项断言
AU-088,单元测试清单,换牌、定缺、碰杠胡、多响、过胡、终局结算、回放等,程序实现规范：第 11—19 章 / 14.2 单元测试清单,无直接GP/RP；测试生成,engine/exchange.py; engine/opening.py; engine/legal.py; players/humanlike/evaluator.py; engine/blood_battle.py; engine/session.py; engine/orchestrator.py,engine/exchange.py:57::validate_exchange_tiles; engine/exchange.py:76::resolve_exchange_tiles; engine/exchange.py:38::resolve_exchange_direction; engine/opening.py:91::begin_opening; engine/opening.py:157::submit_exchange; engine/opening.py:176::submit_dingque; engine/legal.py:57::legal_actions; engine/legal.py:31::legal_discards,engine/exchange.py:87::validate_exchange_tiles; engine/opening.py:218::validate_exchange_tiles; engine/orchestrator.py:463::validate_exchange_tiles; training/env.py:485::validate_exchange_tiles; engine/opening.py:123::resolve_exchange_tiles; engine/opening.py:55::resolve_exchange_direction,tests/test_analysis.py; tests/test_exchange_dingque.py,tests/test_analysis.py::test_an03_strategy_best_min_shanten; tests/test_exchange_dingque.py::test_t02_auto_dice_mapping; tests/test_exchange_dingque.py::test_t03_full_exchange_to_dingque; tests/test_exchange_dingque.py::test_human_face_exchange_resolves_to_physical_tiles; tests/test_exchange_dingque.py::test_t04_multiset_transfer; tests/test_exchange_dingque.py::test_t05_illegal_exchange; tests/test_exchange_dingque.py::test_t06_overwrite_pending; tests/test_exchange_dingque.py::test_t07_fixed_clockwise,docs/status/F0028_3_ACCEPTANCE_2026-07-29.md::自动验收/批跑（report-only）,PARTIAL,EV3,大多数主路径覆盖；最后若干张强制胡、过胡恢复矩阵、查大叫/退税/呼叫转移等直接用例不足,无已识别硬阻塞,P1,部分完成,358 pytest 分布于 engine/humanlike/training,大多数主路径覆盖；最后若干张强制胡、过胡恢复矩阵、查大叫/退税/呼叫转移等直接用例不足
AU-089,属性测试,随机合法局验证守恒、mask、泄漏、复现,程序实现规范：第 11—19 章 / 14.3 属性测试,无直接GP/RP；测试生成,engine/legal.py; players/humanlike/candidates.py; protocols/player_view_builder.py; protocols/player_view_v2.py; players/humanlike/view.py; training/oracle.py; players/humanlike/config.py,engine/legal.py:57::legal_actions; engine/legal.py:31::legal_discards; engine/legal.py:127::action_in_legal; players/humanlike/candidates.py:52::build_candidates; players/humanlike/candidates.py:24::stable_action_key; players/humanlike/candidates.py:35::CandidateSet; protocols/player_view_builder.py:72::PlayerViewBuilder; protocols/player_view_builder.py:76::build,engine/legal.py:75::legal_discards; engine/blood_battle.py:479::action_in_legal; engine/orchestrator.py:387::action_in_legal; training/env.py:214::action_in_legal; players/humanlike/player.py:116::build_candidates; players/humanlike/attention.py:51::stable_action_key,tests/humanlike_v2/test_deterministic_policy.py; tests/humanlike_v2/test_player_view_v2.py; tests/test_analysis.py,tests/humanlike_v2/test_deterministic_policy.py::test_mandatory_hu_survives_candidate_cap; tests/humanlike_v2/test_deterministic_policy.py::test_stable_action_key_is_explicit; tests/humanlike_v2/test_deterministic_policy.py::test_evaluation_is_repeatable_and_rng_free; tests/humanlike_v2/test_player_view_v2.py::test_v2_whitelist_hides_opponents_wall_and_sentinel; tests/humanlike_v2/test_player_view_v2.py::test_gp021_wall_and_concealed_gang_visibility_modes; tests/humanlike_v2/test_player_view_v2.py::test_gp021_all_visibility_fields_have_hidden_partial_exact_contracts; tests/test_analysis.py::test_an03_strategy_best_min_shanten,docs/status/F0028_2_ACCEPTANCE_2026-07-28.md::自动验收（report-only）; docs/status/F0028_3_ACCEPTANCE_2026-07-29.md::自动验收/批跑（report-only）; docs/status/F0028_6_ACCEPTANCE_2026-07-29.md::自动验收/10950观测（report-only）,PARTIAL,EV3,达到属性式目标，但未使用系统化 property-based 生成/缩减框架，状态空间覆盖不可量化,无已识别硬阻塞,P0,部分完成,随机批跑、参数化 2/3/4 人、固定 seed,达到属性式目标，但未使用系统化 property-based 生成/缩减框架，状态空间覆盖不可量化
AU-090,章节对照测试,每个源规则章节固定 GP/RP 案例与不同 profile 允许行为集,程序实现规范：第 11—19 章 / 14.4 章节对照测试,"GP-001～GP-027, RP-001～RP-033",players/humanlike/config.py; players/humanlike/traceability.py; configs/humanlike_v2/default.json,players/humanlike/config.py:301::load_config; players/humanlike/config.py:156::HumanlikeConfig; players/humanlike/config.py:192::_validate_global_parameters; players/humanlike/traceability.py:12::ParameterTrace; players/humanlike/traceability.py:19::_gp_consumer; players/humanlike/traceability.py:31::_rp_consumer,players/humanlike/player.py:46::load_config; players/humanlike/settings_service.py:38::load_config; players/humanlike/config.py:333::HumanlikeConfig; players/humanlike/config.py:151::_validate_global_parameters; players/humanlike/traceability.py:46::ParameterTrace; players/humanlike/traceability.py:46::_gp_consumer,tests/humanlike_v2/test_config.py,tests/humanlike_v2/test_config.py::test_default_has_all_gp_profiles_and_stable_hash; tests/humanlike_v2/test_config.py::test_hash_ignores_json_format_and_key_order; tests/humanlike_v2/test_config.py::test_missing_gp_fails; tests/humanlike_v2/test_config.py::test_unknown_version_fails; tests/humanlike_v2/test_config.py::test_invalid_range_fails; tests/humanlike_v2/test_config.py::test_non_normalized_weights_fail; tests/humanlike_v2/test_config.py::test_missing_player_cognitive_gp_fails; tests/humanlike_v2/test_config.py::test_player_cognitive_parameters_are_independent,docs/status/F0030_ACCEPTANCE_2026-07-29.md::自动验收/逐座批跑（report-only）,SCAFFOLDED,EV1,没有一套第 0～18 章逐章编号的完整 golden-case 测试库；本报告不能替代可执行对照测试,无已识别硬阻塞,P3,未实现,分散单测、F0028 验收,没有一套第 0～18 章逐章编号的完整 golden-case 测试库；本报告不能替代可执行对照测试
AU-091,回归指标,规则率、复现率、打法指标、风格差异、真人分布对比,程序实现规范：第 11—19 章 / 14.5 回归指标,RP-030～RP-033,protocols/player_view_builder.py; protocols/player_view_v2.py; players/humanlike/view.py; training/oracle.py; players/humanlike/cognition.py; players/humanlike/policy.py; engine/physical_tile.py,protocols/player_view_builder.py:72::PlayerViewBuilder; protocols/player_view_builder.py:76::build; protocols/player_view_builder.py:143::build_legacy_dict; protocols/player_view_v2.py:34::PlayerViewV2; protocols/player_view_v2.py:12::freeze_mapping; protocols/player_view_v2.py:25::thaw; players/humanlike/view.py:66::build_decision_context; players/humanlike/view.py:19::DecisionContext,protocols/view_filter.py:13::PlayerViewBuilder; protocols/view_filter.py:13::build_legacy_dict; players/humanlike/view.py:57::PlayerViewV2; protocols/player_view_builder.py:135::PlayerViewV2; protocols/player_view_v2.py:43::freeze_mapping; players/humanlike/player.py:93::build_decision_context,tests/humanlike_v2/test_deterministic_policy.py; tests/humanlike_v2/test_player_view_v2.py,tests/humanlike_v2/test_deterministic_policy.py::test_context_rejects_wrong_view_version_and_seat; tests/humanlike_v2/test_player_view_v2.py::test_v2_whitelist_hides_opponents_wall_and_sentinel; tests/humanlike_v2/test_player_view_v2.py::test_gp021_wall_and_concealed_gang_visibility_modes; tests/humanlike_v2/test_player_view_v2.py::test_gp021_all_visibility_fields_have_hidden_partial_exact_contracts,docs/status/F0028_2_ACCEPTANCE_2026-07-28.md::自动验收（report-only）; docs/status/F0028_3_ACCEPTANCE_2026-07-29.md::自动验收/批跑（report-only）; docs/status/F0028_4_ACCEPTANCE_2026-07-29.md::自动验收/性能（report-only）,PARTIAL,EV3,工程质量指标已具备；规则差异率、风格统计显著性和真人牌谱差异未报告,缺少已批准的外部能力/数据；合规真人数据与冻结评估集未找到,P2,部分完成,metrics_v2、批跑零非法/泄漏/守恒、性能报告,工程质量指标已具备；规则差异率、风格统计显著性和真人牌谱差异未报告
AU-092,源规则追踪,章节→GP/RP→模块；每参数 consumer/test；派生特征来源/版本/索引,程序实现规范：第 11—19 章 / 15. 源规则追踪,"GP-001～GP-027, RP-001～RP-033",players/humanlike/traceability.py,players/humanlike/traceability.py:12::ParameterTrace; players/humanlike/traceability.py:19::_gp_consumer; players/humanlike/traceability.py:31::_rp_consumer,players/humanlike/traceability.py:46::ParameterTrace; players/humanlike/traceability.py:46::_gp_consumer; players/humanlike/traceability.py:49::_rp_consumer,未找到,未找到,docs/status/SPEC_IMPLEMENTATION_AUDIT_2026-07-29.md::测试与运行效果证据（report-only；未找到原始产物）,PARTIAL,EV2,未找到同时调用候选符号并含有效断言的测试；GP/RP 参数追踪完整；派生特征没有全部声明 formula version、visibility、normalization 和训练索引,当前Windows .venv不可执行，无法补做当前运行验证,P0,部分完成,60 条 PARAMETER_TRACES、F0028 文档,GP/RP 参数追踪完整；派生特征没有全部声明 formula version、visibility、normalization 和训练索引
AU-093,项目结构,领域分层且规则/AI/训练/回放分开,程序实现规范：第 11—19 章 / 16. 项目结构,无直接GP/RP；架构约束,players/humanlike/hand_analyzer.py; engine/shanten.py; engine/win_check.py; engine/audit.py; players/humanlike/audit_replay.py; engine/replay.py; engine/orchestrator.py,players/humanlike/hand_analyzer.py:51::analyze_action; players/humanlike/hand_analyzer.py:29::visible_hand; players/humanlike/hand_analyzer.py:17::HandFeatures; engine/shanten.py:272::shanten; engine/win_check.py:21::WinForm; engine/win_check.py:27::WinCheckResult; engine/audit.py:77::DecisionAuditWriter; engine/audit.py:115::record_decision,players/humanlike/evaluator.py:70::analyze_action; players/humanlike/player.py:111::analyze_action; players/humanlike/evaluator.py:66::visible_hand; players/humanlike/hand_analyzer.py:52::visible_hand; players/humanlike/hand_analyzer.py:80::HandFeatures; engine/score.py:124::shanten,tests/humanlike_v2/test_audit_replay.py; tests/test_shanten.py; tests/test_win_fan.py,tests/humanlike_v2/test_audit_replay.py::test_writer_rejects_opponent_hand_leak_and_illegal_action; tests/test_shanten.py::test_s02_winning_standard_shanten_neg1; tests/test_shanten.py::test_s01_tenpai_shanten_0; tests/test_shanten.py::test_s03_seven_pairs_tenpai; tests/test_shanten.py::test_s04_dingque_raises_shanten; tests/test_win_fan.py::test_w01_standard_win; tests/test_win_fan.py::test_w02_seven_pairs,docs/status/F0028_3_ACCEPTANCE_2026-07-29.md::自动验收/批跑（report-only）; docs/status/F0028_5_ACCEPTANCE_2026-07-29.md::自动验收/9294决策复演（report-only）,INTEGRATED,EV4,原审计边界说明（未找到明确缺口）：按既有仓库兼容落地，未创建平行 `src/`，这是批准过的实现差异,无已识别硬阻塞,P1,完成,engine/protocols/players/training,按既有仓库兼容落地，未创建平行 `src/`，这是批准过的实现差异
AU-094,实施顺序,规则→视图隔离→基础策略→认知→训练,程序实现规范：第 11—19 章 / 17. 实施顺序,无直接GP/RP；实施顺序,players/humanlike/cognition.py; players/humanlike/policy.py; training/env.py; training/action_codec_v2.py; training/observations_v2.py; training/reward_v2.py; training/metrics_v2.py,players/humanlike/cognition.py:24::CognitiveState; players/humanlike/cognition.py:51::begin_new_round; players/humanlike/cognition.py:81::update_memory; players/humanlike/policy.py:76::select_cognitively; players/humanlike/policy.py:23::CognitiveDecision; training/env.py:54::ChengduMahjongEnv; training/env.py:130::reset; training/env.py:200::step,players/humanlike/player.py:82::begin_new_round; players/humanlike/player.py:122::update_memory; players/humanlike/player.py:135::select_cognitively; players/humanlike/policy.py:172::CognitiveDecision; training/env.py:752::ChengduMahjongEnv; training/spaces.py:1::ChengduMahjongEnv,tests/humanlike_v2/test_cognition.py; tests/humanlike_v2/test_training_contract_v2.py,tests/humanlike_v2/test_cognition.py::test_mandatory_action_never_consumes_rng; tests/humanlike_v2/test_cognition.py::test_bounded_noise_is_reproducible_and_stays_in_near_pool; tests/humanlike_v2/test_cognition.py::test_clear_score_gap_disables_noise_and_think_time_is_bounded; tests/humanlike_v2/test_cognition.py::test_round_reset_keeps_only_bounded_public_impressions; tests/humanlike_v2/test_training_contract_v2.py::test_v2_observation_shapes_and_no_hidden_fields; tests/humanlike_v2/test_training_contract_v2.py::test_v2_fixed_index_and_shaping_off; tests/humanlike_v2/test_training_contract_v2.py::test_v2_shaping_is_separate_from_true_score; tests/humanlike_v2/test_training_contract_v2.py::test_illegal_raise_preserves_state_and_terminate_penalizes,docs/status/F0028_4_ACCEPTANCE_2026-07-29.md::自动验收/性能（report-only）; docs/status/F0028_6_ACCEPTANCE_2026-07-29.md::自动验收/10950观测（report-only）,INTEGRATED,EV4,原审计边界说明（未找到明确缺口）：实施顺序和门禁符合规范,无已识别硬阻塞,P1,完成,F0028-1～6 历史,实施顺序和门禁符合规范
AU-095,版本与兼容,三版本分线、未知组合拒绝、发布物含 schema/测试/迁移,程序实现规范：第 11—19 章 / 18. 版本/兼容,GP-001,players/humanlike/config.py; engine/persistence.py,players/humanlike/config.py:301::load_config; players/humanlike/config.py:156::HumanlikeConfig; players/humanlike/config.py:192::_validate_global_parameters; engine/persistence.py:21::save_game; engine/persistence.py:55::load_game,players/humanlike/player.py:46::load_config; players/humanlike/settings_service.py:38::load_config; players/humanlike/config.py:333::HumanlikeConfig; players/humanlike/config.py:151::_validate_global_parameters; engine/orchestrator.py:322::save_game; main.py:110::load_game,tests/humanlike_v2/test_config.py,tests/humanlike_v2/test_config.py::test_default_has_all_gp_profiles_and_stable_hash; tests/humanlike_v2/test_config.py::test_hash_ignores_json_format_and_key_order; tests/humanlike_v2/test_config.py::test_missing_gp_fails; tests/humanlike_v2/test_config.py::test_unknown_version_fails; tests/humanlike_v2/test_config.py::test_invalid_range_fails; tests/humanlike_v2/test_config.py::test_non_normalized_weights_fail; tests/humanlike_v2/test_config.py::test_missing_player_cognitive_gp_fails; tests/humanlike_v2/test_config.py::test_player_cognitive_parameters_are_independent,docs/status/F0030_ACCEPTANCE_2026-07-29.md::自动验收/逐座批跑（report-only）,PARTIAL,EV3,版本读取与迁移完成；尚未形成包含本次全部审计材料的正式发布包/tag,无已识别硬阻塞,P0,部分完成,config compatibility、version.py、acceptance docs,版本读取与迁移完成；尚未形成包含本次全部审计材料的正式发布包/tag
AU-096,完成定义,配置驱动、守恒、无泄漏、确定响应、可审计、全追踪、有限认知、复现、全测试,程序实现规范：第 11—19 章 / 19. 完成定义,"GP-001～GP-027, RP-001～RP-033",protocols/player_view_builder.py; protocols/player_view_v2.py; players/humanlike/view.py; training/oracle.py; players/humanlike/config.py; players/humanlike/traceability.py; configs/humanlike_v2/default.json,protocols/player_view_builder.py:72::PlayerViewBuilder; protocols/player_view_builder.py:76::build; protocols/player_view_builder.py:143::build_legacy_dict; protocols/player_view_v2.py:34::PlayerViewV2; protocols/player_view_v2.py:12::freeze_mapping; protocols/player_view_v2.py:25::thaw; players/humanlike/view.py:66::build_decision_context; players/humanlike/view.py:19::DecisionContext,protocols/view_filter.py:13::PlayerViewBuilder; protocols/view_filter.py:13::build_legacy_dict; players/humanlike/view.py:57::PlayerViewV2; protocols/player_view_builder.py:135::PlayerViewV2; protocols/player_view_v2.py:43::freeze_mapping; players/humanlike/player.py:93::build_decision_context,tests/humanlike_v2/test_deterministic_policy.py; tests/humanlike_v2/test_player_view_v2.py,tests/humanlike_v2/test_deterministic_policy.py::test_context_rejects_wrong_view_version_and_seat; tests/humanlike_v2/test_player_view_v2.py::test_v2_whitelist_hides_opponents_wall_and_sentinel; tests/humanlike_v2/test_player_view_v2.py::test_gp021_wall_and_concealed_gang_visibility_modes; tests/humanlike_v2/test_player_view_v2.py::test_gp021_all_visibility_fields_have_hidden_partial_exact_contracts,docs/status/F0028_2_ACCEPTANCE_2026-07-28.md::自动验收（report-only）; docs/status/F0028_3_ACCEPTANCE_2026-07-29.md::自动验收/批跑（report-only）; docs/status/F0028_6_ACCEPTANCE_2026-07-29.md::自动验收/10950观测（report-only）,PARTIAL,EV3,核心不变量满足；因配置分支、逐章对照、训练模式和效果验证缺口，不满足“全部完成”的严格定义,无已识别硬阻塞,P0,部分完成,当前证据综合,核心不变量满足；因配置分支、逐章对照、训练模式和效果验证缺口，不满足“全部完成”的严格定义
