unit_id,unit_name,category,atomicity,current_status,target_status,rule_refs,spec_refs,code_refs,test_refs,runtime_refs,dependencies,hidden_information_risk,implementation_gap,test_gap,spec_gap,severity,estimated_complexity,recommended_batch,downstream_consumers,production_callers,traceability_evidence,code_evidence,test_evidence,runtime_evidence,traceability_evidence_present,placeholder_detected,split_merge_recommendation
RULE-001,规则、参数、不变量与合法性裁决优先级,RULE,ATOMIC_FACADE_INTERNAL_SPLIT_REVIEW,PARTIAL,AUDITED,AU-001 人类化决策规则：第 0—6 章 / 0. 范围与合法性优先；AU-031 人类化决策规则：第 7—14 章 / 9.1 响应优先；AU-052 程序实现规范：第 0—10 章 / 1.3 冲突裁决,03-unit-specs/deterministic_rule_state_specs.md,engine/blood_battle.py::active_seats|engine/blood_battle.py::next_active|engine/legal.py::action_in_legal|engine/legal.py::legal_actions|engine/legal.py::legal_discards|players/humanlike/candidates.py::CandidateSet|players/humanlike/candidates.py::build_candidates|players/humanlike/candidates.py::stable_action_key|players/humanlike/config.py::HumanlikeConfig|players/humanlike/config.py::_validate_global_parameters|players/humanlike/config.py::load_config|players/humanlike/traceability.py::ParameterTrace|players/humanlike/traceability.py::_gp_consumer|players/humanlike/traceability.py::_rp_consumer|protocols/player_view_builder.py::PlayerViewBuilder|protocols/player_view_builder.py::build,tests/humanlike_v2/test_config.py::test_default_has_all_gp_profiles_and_stable_hash|tests/humanlike_v2/test_config.py::test_hash_ignores_json_format_and_key_order|tests/humanlike_v2/test_config.py::test_invalid_range_fails|tests/humanlike_v2/test_config.py::test_missing_gp_fails|tests/humanlike_v2/test_config.py::test_missing_player_cognitive_gp_fails|tests/humanlike_v2/test_config.py::test_non_normalized_weights_fail|tests/humanlike_v2/test_config.py::test_player_cognitive_parameters_are_independent|tests/humanlike_v2/test_config.py::test_unknown_version_fails|tests/humanlike_v2/test_deterministic_policy.py::test_evaluation_is_repeatable_and_rng_free|tests/humanlike_v2/test_deterministic_policy.py::test_mandatory_hu_survives_candidate_cap|tests/humanlike_v2/test_deterministic_policy.py::test_stable_action_key_is_explicit|tests/humanlike_v2/test_player_view_v2.py::test_gp021_all_visibility_fields_have_hidden_partial_exact_contracts|tests/humanlike_v2/test_player_view_v2.py::test_gp021_wall_and_concealed_gang_visibility_modes|tests/humanlike_v2/test_player_view_v2.py::test_v2_whitelist_hides_opponents_wall_and_sentinel|tests/test_analysis.py::test_an03_strategy_best_min_shanten,,STATE-002|STATE-010|ALGO-009,REQUIRES_BOUNDARY_TEST,存在复合旧实现候选，但未隔离为v3单元，schema/错误/参数/状态/审计绑定及生产trace未按锁定规格核验,缺少锁定单元的直接测试及四类验收证据,实现前需落实门面内职责分离，不改变已锁定外部语义,HIGH,MEDIUM,B1-DETERMINISTIC-KERNEL,ALGO-006|AUDIT-005|RULE-007|RULE-008|RULE-010|RULE-013|STATE-009|TRAIN-001|TRAIN-003,engine/blood_battle.py::action_in_legal|engine/legal.py::legal_discards|engine/orchestrator.py::action_in_legal|players/humanlike/attention.py::stable_action_key|players/humanlike/config.py::HumanlikeConfig|players/humanlike/config.py::_validate_global_parameters|players/humanlike/player.py::build_candidates|players/humanlike/player.py::load_config|players/humanlike/settings_service.py::load_config|players/humanlike/traceability.py::ParameterTrace|players/humanlike/traceability.py::_gp_consumer|training/env.py::action_in_legal,AU-001 人类化决策规则：第 0—6 章 / 0. 范围与合法性优先；AU-031 人类化决策规则：第 7—14 章 / 9.1 响应优先；AU-052 程序实现规范：第 0—10 章 / 1.3 冲突裁决→03-unit-specs/deterministic_rule_state_specs.md→engine/rules→engine/blood_battle.py::action_in_legal|engine/legal.py::legal_discards|engine/orchestrator.py::action_in_legal|players/humanlike/attention.py::stable_action_key|players/humanlike/config.py::HumanlikeConfig|players/humanlike/config.py::_validate_global_parameters|players/humanlike/player.py::build_candidates|players/humanlike/player.py::load_config|players/humanlike/settings_service.py::load_config|players/humanlike/traceability.py::ParameterTrace|players/humanlike/traceability.py::_gp_consumer|training/env.py::action_in_legal,True,True,False,True,False,规则裁决、参数解析和不变量执行具有不同变化轴；进入实现批次前确认是否保留门面并拆为内部组件
RULE-002,换三张同花色、方向与提交合法性,RULE,ATOMIC,PARTIAL,AUDITED,AU-010 人类化决策规则：第 0—6 章 / 5. 换三张合法性；AU-056 程序实现规范：第 0—10 章 / 3.2 Rule Engine,03-unit-specs/deterministic_rule_state_specs.md,engine/blood_battle.py::active_seats|engine/blood_battle.py::apply_action|engine/blood_battle.py::next_active|engine/exchange.py::resolve_exchange_direction|engine/exchange.py::resolve_exchange_tiles|engine/exchange.py::validate_exchange_tiles|engine/legal.py::action_in_legal|engine/legal.py::legal_actions|engine/legal.py::legal_discards|engine/opening.py::begin_opening|engine/opening.py::submit_dingque|engine/opening.py::submit_exchange,tests/test_analysis.py::test_an03_strategy_best_min_shanten|tests/test_blood_battle.py::test_b02_discard_pass_cycle|tests/test_blood_battle.py::test_blood_battle_continues_after_first_hu|tests/test_blood_battle.py::test_force_complete_response_unblocks|tests/test_blood_battle.py::test_illegal_action|tests/test_exchange_dingque.py::test_human_face_exchange_resolves_to_physical_tiles|tests/test_exchange_dingque.py::test_t02_auto_dice_mapping|tests/test_exchange_dingque.py::test_t03_full_exchange_to_dingque|tests/test_exchange_dingque.py::test_t04_multiset_transfer|tests/test_exchange_dingque.py::test_t05_illegal_exchange|tests/test_exchange_dingque.py::test_t06_overwrite_pending|tests/test_exchange_dingque.py::test_t07_fixed_clockwise|tests/test_exchange_dingque.py::test_t09_dingque_overwrite|tests/test_legal_actions.py::test_response_has_pass,,STATE-003|STATE-011|ALGO-001,REQUIRES_BOUNDARY_TEST,存在复合旧实现候选，但未隔离为v3单元，schema/错误/参数/状态/审计绑定及生产trace未按锁定规格核验,缺少锁定单元的直接测试及四类验收证据,NONE,HIGH,MEDIUM,B1-DETERMINISTIC-KERNEL,HEUR-001,engine/blood_battle.py::active_seats|engine/blood_battle.py::next_active|engine/exchange.py::validate_exchange_tiles|engine/legal.py::legal_discards|engine/opening.py::resolve_exchange_direction|engine/opening.py::resolve_exchange_tiles|engine/opening.py::validate_exchange_tiles|engine/orchestrator.py::next_active|engine/orchestrator.py::validate_exchange_tiles|engine/session.py::apply_action|training/env.py::next_active|training/env.py::validate_exchange_tiles,AU-010 人类化决策规则：第 0—6 章 / 5. 换三张合法性；AU-056 程序实现规范：第 0—10 章 / 3.2 Rule Engine→03-unit-specs/deterministic_rule_state_specs.md→engine/rules→engine/blood_battle.py::active_seats|engine/blood_battle.py::next_active|engine/exchange.py::validate_exchange_tiles|engine/legal.py::legal_discards|engine/opening.py::resolve_exchange_direction|engine/opening.py::resolve_exchange_tiles|engine/opening.py::validate_exchange_tiles|engine/orchestrator.py::next_active|engine/orchestrator.py::validate_exchange_tiles|engine/session.py::apply_action|training/env.py::next_active|training/env.py::validate_exchange_tiles,True,True,False,True,False,NONE
RULE-003,定缺未清时的强制出牌约束,RULE,ATOMIC,AUDITED,AUDITED,AU-013 人类化决策规则：第 0—6 章 / 6. 清缺约束；AU-056 程序实现规范：第 0—10 章 / 3.2 Rule Engine；AU-072 程序实现规范：第 0—10 章 / 8. 合法行动与解析；AU-087 程序实现规范：第 11—19 章 / 14.1 每事件断言,03-unit-specs/deterministic_rule_state_specs.md,engine/legal.py:query_legal_discards→legal_actions,tests/spec_v3/test_rule_003.py;13/13 passed,task15_evidence/pilot_runtime.jsonl;fixed_seed audit runs,STATE-003,REQUIRES_BOUNDARY_TEST,NONE,NONE,NONE,MEDIUM,MEDIUM,B0-PILOT-ACCEPTANCE,HEUR-002|HEUR-014,engine/blood_battle.py::action_in_legal|engine/blood_battle.py::active_seats|engine/blood_battle.py::next_active|engine/legal.py::legal_discards|engine/orchestrator.py::action_in_legal|engine/orchestrator.py::next_active|engine/session.py::apply_action|engine/win_check.py::WinCheckResult|players/humanlike/attention.py::stable_action_key|players/humanlike/player.py::build_candidates|training/env.py::action_in_legal|training/env.py::next_active,AU-013→RULE-003→query_legal_discards→test→runtime,True,True,True,True,False,NONE
RULE-004,定缺、死叫与胡牌资格约束,RULE,ATOMIC,PARTIAL,AUDITED,AU-013 人类化决策规则：第 0—6 章 / 6. 清缺约束；AU-056 程序实现规范：第 0—10 章 / 3.2 Rule Engine；AU-072 程序实现规范：第 0—10 章 / 8. 合法行动与解析；AU-087 程序实现规范：第 11—19 章 / 14.1 每事件断言,03-unit-specs/deterministic_rule_state_specs.md,engine/blood_battle.py::active_seats|engine/blood_battle.py::apply_action|engine/blood_battle.py::next_active|engine/legal.py::action_in_legal|engine/legal.py::legal_actions|engine/legal.py::legal_discards|engine/opening.py::begin_opening|engine/opening.py::submit_exchange|engine/win_check.py::WinCheckResult|engine/win_check.py::WinForm|players/humanlike/candidates.py::CandidateSet|players/humanlike/candidates.py::build_candidates|players/humanlike/candidates.py::stable_action_key|protocols/player_view_builder.py::PlayerViewBuilder|protocols/player_view_builder.py::build,tests/humanlike_v2/test_deterministic_policy.py::test_evaluation_is_repeatable_and_rng_free|tests/humanlike_v2/test_deterministic_policy.py::test_mandatory_hu_survives_candidate_cap|tests/humanlike_v2/test_deterministic_policy.py::test_stable_action_key_is_explicit|tests/humanlike_v2/test_player_view_v2.py::test_gp021_all_visibility_fields_have_hidden_partial_exact_contracts|tests/humanlike_v2/test_player_view_v2.py::test_gp021_wall_and_concealed_gang_visibility_modes|tests/humanlike_v2/test_player_view_v2.py::test_v2_whitelist_hides_opponents_wall_and_sentinel|tests/test_analysis.py::test_an03_strategy_best_min_shanten|tests/test_blood_battle.py::test_b02_discard_pass_cycle|tests/test_blood_battle.py::test_blood_battle_continues_after_first_hu|tests/test_blood_battle.py::test_force_complete_response_unblocks|tests/test_blood_battle.py::test_illegal_action|tests/test_exchange_dingque.py::test_human_face_exchange_resolves_to_physical_tiles|tests/test_exchange_dingque.py::test_t03_full_exchange_to_dingque|tests/test_exchange_dingque.py::test_t04_multiset_transfer|tests/test_exchange_dingque.py::test_t05_illegal_exchange|tests/test_legal_actions.py::test_response_has_pass|tests/test_win_fan.py::test_w01_standard_win|tests/test_win_fan.py::test_w02_seven_pairs,,STATE-003|ALGO-002,REQUIRES_BOUNDARY_TEST,存在复合旧实现候选，但未隔离为v3单元，schema/错误/参数/状态/审计绑定及生产trace未按锁定规格核验,缺少锁定单元的直接测试及四类验收证据,NONE,HIGH,MEDIUM,B1-DETERMINISTIC-KERNEL,SCORE-004,engine/blood_battle.py::action_in_legal|engine/blood_battle.py::active_seats|engine/blood_battle.py::next_active|engine/legal.py::legal_discards|engine/orchestrator.py::action_in_legal|engine/orchestrator.py::next_active|engine/session.py::apply_action|engine/win_check.py::WinCheckResult|players/humanlike/attention.py::stable_action_key|players/humanlike/player.py::build_candidates|training/env.py::action_in_legal|training/env.py::next_active,AU-013 人类化决策规则：第 0—6 章 / 6. 清缺约束；AU-056 程序实现规范：第 0—10 章 / 3.2 Rule Engine；AU-072 程序实现规范：第 0—10 章 / 8. 合法行动与解析；AU-087 程序实现规范：第 11—19 章 / 14.1 每事件断言→03-unit-specs/deterministic_rule_state_specs.md→engine/rules→engine/blood_battle.py::action_in_legal|engine/blood_battle.py::active_seats|engine/blood_battle.py::next_active|engine/legal.py::legal_discards|engine/orchestrator.py::action_in_legal|engine/orchestrator.py::next_active|engine/session.py::apply_action|engine/win_check.py::WinCheckResult|players/humanlike/attention.py::stable_action_key|players/humanlike/player.py::build_candidates|training/env.py::action_in_legal|training/env.py::next_active,True,True,False,True,False,NONE
RULE-005,座位、庄家与活动顺序,RULE,ATOMIC,PARTIAL,AUDITED,AU-006 人类化决策规则：第 0—6 章 / 3. 定庄与座位；AU-056 程序实现规范：第 0—10 章 / 3.2 Rule Engine；AU-065 程序实现规范：第 0—10 章 / 4.2 玩家与活动顺序；AU-087 程序实现规范：第 11—19 章 / 14.1 每事件断言,03-unit-specs/deterministic_rule_state_specs.md,engine/blood_battle.py::active_seats|engine/blood_battle.py::apply_action|engine/blood_battle.py::next_active|engine/deal.py::create_dealt_game|engine/dice.py::DiceResult|engine/dice.py::to_dict|engine/game_id.py::DerivedSeeds|engine/game_id.py::normalize_game_id|engine/legal.py::action_in_legal|engine/legal.py::legal_actions|engine/legal.py::legal_discards|engine/orchestrator.py::PlayerGameRunner|engine/orchestrator.py::run|engine/session.py::GameSession|engine/session.py::apply|engine/session.py::play_random_game|players/humanlike/candidates.py::CandidateSet|players/humanlike/candidates.py::build_candidates|players/humanlike/candidates.py::stable_action_key|protocols/player_view_builder.py::PlayerViewBuilder|protocols/player_view_builder.py::build,tests/humanlike_v2/test_audit_replay.py::test_writer_rejects_opponent_hand_leak_and_illegal_action|tests/humanlike_v2/test_cognition.py::test_player_emits_trace_v2_and_cognitive_rp_slots|tests/humanlike_v2/test_deterministic_policy.py::test_context_rejects_wrong_view_version_and_seat|tests/humanlike_v2/test_deterministic_policy.py::test_evaluation_is_repeatable_and_rng_free|tests/humanlike_v2/test_deterministic_policy.py::test_hidden_opponent_hands_cannot_change_decision|tests/humanlike_v2/test_deterministic_policy.py::test_mandatory_hu_survives_candidate_cap|tests/humanlike_v2/test_deterministic_policy.py::test_player_dingque_and_trace_are_deterministic|tests/humanlike_v2/test_deterministic_policy.py::test_stable_action_key_is_explicit|tests/humanlike_v2/test_humanlike_player_integration.py::test_humanlike_self_play_has_no_policy_crash_or_full_state_channel|tests/humanlike_v2/test_humanlike_player_integration.py::test_same_game_produces_same_decision_histories|tests/humanlike_v2/test_player_view_v2.py::test_gp021_all_visibility_fields_have_hidden_partial_exact_contracts|tests/humanlike_v2/test_player_view_v2.py::test_gp021_wall_and_concealed_gang_visibility_modes|tests/humanlike_v2/test_player_view_v2.py::test_v2_whitelist_hides_opponents_wall_and_sentinel|tests/test_analysis.py::test_an03_strategy_best_min_shanten|tests/test_blood_battle.py::test_b02_discard_pass_cycle|tests/test_blood_battle.py::test_b10_random_games_terminate|tests/test_blood_battle.py::test_b11_more_random|tests/test_blood_battle.py::test_blood_battle_continues_after_first_hu|tests/test_blood_battle.py::test_force_complete_response_unblocks|tests/test_blood_battle.py::test_illegal_action|tests/test_legal_actions.py::test_response_has_pass,,STATE-002,REQUIRES_BOUNDARY_TEST,存在复合旧实现候选，但未隔离为v3单元，schema/错误/参数/状态/审计绑定及生产trace未按锁定规格核验,缺少锁定单元的直接测试及四类验收证据,NONE,HIGH,MEDIUM,B1-DETERMINISTIC-KERNEL,ALGO-005|RULE-014,engine/blood_battle.py::action_in_legal|engine/blood_battle.py::active_seats|engine/blood_battle.py::next_active|engine/deal.py::normalize_game_id|engine/dice.py::DiceResult|engine/game_id.py::DerivedSeeds|engine/legal.py::legal_discards|engine/orchestrator.py::action_in_legal|engine/orchestrator.py::create_dealt_game|engine/orchestrator.py::next_active|engine/session.py::apply_action|engine/session.py::create_dealt_game|main.py::GameSession|players/humanlike/attention.py::stable_action_key|players/humanlike/player.py::build_candidates|training/env.py::action_in_legal|training/env.py::create_dealt_game|training/env.py::next_active,AU-006 人类化决策规则：第 0—6 章 / 3. 定庄与座位；AU-056 程序实现规范：第 0—10 章 / 3.2 Rule Engine；AU-065 程序实现规范：第 0—10 章 / 4.2 玩家与活动顺序；AU-087 程序实现规范：第 11—19 章 / 14.1 每事件断言→03-unit-specs/deterministic_rule_state_specs.md→engine/rules→engine/blood_battle.py::action_in_legal|engine/blood_battle.py::active_seats|engine/blood_battle.py::next_active|engine/deal.py::normalize_game_id|engine/dice.py::DiceResult|engine/game_id.py::DerivedSeeds|engine/legal.py::legal_discards|engine/orchestrator.py::action_in_legal|engine/orchestrator.py::create_dealt_game|engine/orchestrator.py::next_active|engine/session.py::apply_action|engine/session.py::create_dealt_game|main.py::GameSession|players/humanlike/attention.py::stable_action_key|players/humanlike/player.py::build_candidates|training/env.py::action_in_legal|training/env.py::create_dealt_game|training/env.py::next_active,True,True,False,True,False,NONE
RULE-006,摸牌、可选响应与出牌标准顺序,RULE,ATOMIC,PARTIAL,AUDITED,AU-035 人类化决策规则：第 7—14 章 / 9.5 摸牌后判断；AU-056 程序实现规范：第 0—10 章 / 3.2 Rule Engine,03-unit-specs/deterministic_rule_state_specs.md,engine/blood_battle.py::active_seats|engine/blood_battle.py::apply_action|engine/blood_battle.py::next_active|engine/legal.py::action_in_legal|engine/legal.py::legal_actions|engine/legal.py::legal_discards|engine/orchestrator.py::PlayerGameRunner|engine/orchestrator.py::_play_seat_action|engine/orchestrator.py::run|players/humanlike/player.py::HumanlikeV2Player|players/humanlike/player.py::decide|players/humanlike/player.py::observe,tests/humanlike_v2/test_cognition.py::test_player_emits_trace_v2_and_cognitive_rp_slots|tests/humanlike_v2/test_deterministic_policy.py::test_hidden_opponent_hands_cannot_change_decision|tests/humanlike_v2/test_deterministic_policy.py::test_player_dingque_and_trace_are_deterministic|tests/humanlike_v2/test_humanlike_player_integration.py::test_humanlike_self_play_has_no_policy_crash_or_full_state_channel|tests/humanlike_v2/test_humanlike_player_integration.py::test_registry_exposes_humanlike_without_changing_old_defaults|tests/humanlike_v2/test_humanlike_player_integration.py::test_same_game_produces_same_decision_histories|tests/test_analysis.py::test_an03_strategy_best_min_shanten|tests/test_blood_battle.py::test_b02_discard_pass_cycle|tests/test_blood_battle.py::test_blood_battle_continues_after_first_hu|tests/test_blood_battle.py::test_force_complete_response_unblocks|tests/test_blood_battle.py::test_illegal_action|tests/test_legal_actions.py::test_response_has_pass|tests/test_session_scores.py::test_second_hand_starts_from_previous_totals|tests/test_session_scores.py::test_starting_scores_applied_at_run_start,,STATE-004|STATE-011,REQUIRES_BOUNDARY_TEST,存在复合旧实现候选，但未隔离为v3单元，schema/错误/参数/状态/审计绑定及生产trace未按锁定规格核验,缺少锁定单元的直接测试及四类验收证据,NONE,HIGH,MEDIUM,B1-DETERMINISTIC-KERNEL,AUDIT-006,display/app.py::PlayerGameRunner|engine/blood_battle.py::active_seats|engine/blood_battle.py::next_active|engine/legal.py::legal_discards|engine/orchestrator.py::PlayerGameRunner|engine/orchestrator.py::_play_seat_action|engine/orchestrator.py::next_active|engine/session.py::apply_action|main.py::PlayerGameRunner|main.py::_play_seat_action|players/humanlike/audit_replay.py::HumanlikeV2Player|training/env.py::next_active,AU-035 人类化决策规则：第 7—14 章 / 9.5 摸牌后判断；AU-056 程序实现规范：第 0—10 章 / 3.2 Rule Engine→03-unit-specs/deterministic_rule_state_specs.md→engine/rules→display/app.py::PlayerGameRunner|engine/blood_battle.py::active_seats|engine/blood_battle.py::next_active|engine/legal.py::legal_discards|engine/orchestrator.py::PlayerGameRunner|engine/orchestrator.py::_play_seat_action|engine/orchestrator.py::next_active|engine/session.py::apply_action|main.py::PlayerGameRunner|main.py::_play_seat_action|players/humanlike/audit_replay.py::HumanlikeV2Player|training/env.py::next_active,True,True,False,True,False,NONE
RULE-007,碰牌资格、执行与后续出牌,RULE,ATOMIC,PARTIAL,AUDITED,AU-034 人类化决策规则：第 7—14 章 / 9.4 碰牌响应；AU-056 程序实现规范：第 0—10 章 / 3.2 Rule Engine；AU-072 程序实现规范：第 0—10 章 / 8. 合法行动与解析,03-unit-specs/deterministic_rule_state_specs.md,engine/blood_battle.py::active_seats|engine/blood_battle.py::apply_action|engine/blood_battle.py::next_active|engine/legal.py::action_in_legal|engine/legal.py::legal_actions|engine/legal.py::legal_discards|engine/opening.py::begin_opening|engine/opening.py::submit_exchange|players/humanlike/candidates.py::CandidateSet|players/humanlike/candidates.py::build_candidates|players/humanlike/candidates.py::stable_action_key|players/humanlike/config.py::HumanlikeConfig|players/humanlike/config.py::load_config,tests/humanlike_v2/test_config.py::test_default_has_all_gp_profiles_and_stable_hash|tests/humanlike_v2/test_config.py::test_hash_ignores_json_format_and_key_order|tests/humanlike_v2/test_config.py::test_invalid_range_fails|tests/humanlike_v2/test_config.py::test_missing_gp_fails|tests/humanlike_v2/test_config.py::test_missing_player_cognitive_gp_fails|tests/humanlike_v2/test_config.py::test_non_normalized_weights_fail|tests/humanlike_v2/test_config.py::test_player_cognitive_parameters_are_independent|tests/humanlike_v2/test_config.py::test_unknown_version_fails|tests/humanlike_v2/test_deterministic_policy.py::test_evaluation_is_repeatable_and_rng_free|tests/humanlike_v2/test_deterministic_policy.py::test_mandatory_hu_survives_candidate_cap|tests/humanlike_v2/test_deterministic_policy.py::test_stable_action_key_is_explicit|tests/test_analysis.py::test_an03_strategy_best_min_shanten|tests/test_blood_battle.py::test_b02_discard_pass_cycle|tests/test_blood_battle.py::test_blood_battle_continues_after_first_hu|tests/test_blood_battle.py::test_force_complete_response_unblocks|tests/test_blood_battle.py::test_illegal_action|tests/test_exchange_dingque.py::test_human_face_exchange_resolves_to_physical_tiles|tests/test_exchange_dingque.py::test_t03_full_exchange_to_dingque|tests/test_exchange_dingque.py::test_t04_multiset_transfer|tests/test_exchange_dingque.py::test_t05_illegal_exchange|tests/test_legal_actions.py::test_response_has_pass,,RULE-001|STATE-003,REQUIRES_BOUNDARY_TEST,存在复合旧实现候选，但未隔离为v3单元，schema/错误/参数/状态/审计绑定及生产trace未按锁定规格核验,缺少锁定单元的直接测试及四类验收证据,NONE,HIGH,MEDIUM,B1-DETERMINISTIC-KERNEL,HEUR-012|RULE-013,engine/blood_battle.py::action_in_legal|engine/blood_battle.py::active_seats|engine/blood_battle.py::next_active|engine/legal.py::legal_discards|engine/orchestrator.py::action_in_legal|engine/orchestrator.py::next_active|engine/session.py::apply_action|players/humanlike/attention.py::stable_action_key|players/humanlike/player.py::build_candidates|training/env.py::action_in_legal|training/env.py::next_active,AU-034 人类化决策规则：第 7—14 章 / 9.4 碰牌响应；AU-056 程序实现规范：第 0—10 章 / 3.2 Rule Engine；AU-072 程序实现规范：第 0—10 章 / 8. 合法行动与解析→03-unit-specs/deterministic_rule_state_specs.md→engine/rules→engine/blood_battle.py::action_in_legal|engine/blood_battle.py::active_seats|engine/blood_battle.py::next_active|engine/legal.py::legal_discards|engine/orchestrator.py::action_in_legal|engine/orchestrator.py::next_active|engine/session.py::apply_action|players/humanlike/attention.py::stable_action_key|players/humanlike/player.py::build_candidates|training/env.py::action_in_legal|training/env.py::next_active,True,True,False,True,False,NONE
RULE-008,明杠、暗杠与补杠资格及执行,RULE,ATOMIC,PARTIAL,AUDITED,AU-033 人类化决策规则：第 7—14 章 / 9.3 杠牌响应；AU-056 程序实现规范：第 0—10 章 / 3.2 Rule Engine；AU-072 程序实现规范：第 0—10 章 / 8. 合法行动与解析,03-unit-specs/deterministic_rule_state_specs.md,engine/blood_battle.py::active_seats|engine/blood_battle.py::apply_action|engine/blood_battle.py::next_active|engine/legal.py::action_in_legal|engine/legal.py::legal_actions|engine/legal.py::legal_discards|engine/opening.py::begin_opening|engine/opening.py::submit_exchange|players/humanlike/belief.py::PublicBelief|players/humanlike/belief.py::build_public_belief|players/humanlike/candidates.py::CandidateSet|players/humanlike/candidates.py::build_candidates|players/humanlike/candidates.py::stable_action_key,tests/humanlike_v2/test_deterministic_policy.py::test_evaluation_is_repeatable_and_rng_free|tests/humanlike_v2/test_deterministic_policy.py::test_mandatory_hu_survives_candidate_cap|tests/humanlike_v2/test_deterministic_policy.py::test_public_belief_uses_only_visible_counts|tests/humanlike_v2/test_deterministic_policy.py::test_stable_action_key_is_explicit|tests/test_analysis.py::test_an03_strategy_best_min_shanten|tests/test_blood_battle.py::test_b02_discard_pass_cycle|tests/test_blood_battle.py::test_blood_battle_continues_after_first_hu|tests/test_blood_battle.py::test_force_complete_response_unblocks|tests/test_blood_battle.py::test_illegal_action|tests/test_exchange_dingque.py::test_human_face_exchange_resolves_to_physical_tiles|tests/test_exchange_dingque.py::test_t03_full_exchange_to_dingque|tests/test_exchange_dingque.py::test_t04_multiset_transfer|tests/test_exchange_dingque.py::test_t05_illegal_exchange|tests/test_legal_actions.py::test_response_has_pass,,RULE-001|STATE-003|STATE-011,REQUIRES_BOUNDARY_TEST,存在复合旧实现候选，但未隔离为v3单元，schema/错误/参数/状态/审计绑定及生产trace未按锁定规格核验,缺少锁定单元的直接测试及四类验收证据,NONE,HIGH,MEDIUM,B1-DETERMINISTIC-KERNEL,HEUR-013|RULE-009|SCORE-003,engine/blood_battle.py::action_in_legal|engine/blood_battle.py::active_seats|engine/blood_battle.py::next_active|engine/legal.py::legal_discards|engine/orchestrator.py::action_in_legal|engine/orchestrator.py::next_active|engine/session.py::apply_action|players/humanlike/attention.py::stable_action_key|players/humanlike/player.py::build_candidates|training/env.py::action_in_legal|training/env.py::next_active,AU-033 人类化决策规则：第 7—14 章 / 9.3 杠牌响应；AU-056 程序实现规范：第 0—10 章 / 3.2 Rule Engine；AU-072 程序实现规范：第 0—10 章 / 8. 合法行动与解析→03-unit-specs/deterministic_rule_state_specs.md→engine/rules→engine/blood_battle.py::action_in_legal|engine/blood_battle.py::active_seats|engine/blood_battle.py::next_active|engine/legal.py::legal_discards|engine/orchestrator.py::action_in_legal|engine/orchestrator.py::next_active|engine/session.py::apply_action|players/humanlike/attention.py::stable_action_key|players/humanlike/player.py::build_candidates|training/env.py::action_in_legal|training/env.py::next_active,True,True,False,True,False,NONE
RULE-009,补杠抢杠胡窗口与解析,RULE,ATOMIC,PARTIAL,AUDITED,AU-033 人类化决策规则：第 7—14 章 / 9.3 杠牌响应；AU-056 程序实现规范：第 0—10 章 / 3.2 Rule Engine；AU-072 程序实现规范：第 0—10 章 / 8. 合法行动与解析,03-unit-specs/deterministic_rule_state_specs.md,engine/blood_battle.py::active_seats|engine/blood_battle.py::apply_action|engine/blood_battle.py::next_active|engine/legal.py::action_in_legal|engine/legal.py::legal_actions|engine/legal.py::legal_discards|engine/opening.py::begin_opening|engine/opening.py::submit_exchange|players/humanlike/belief.py::PublicBelief|players/humanlike/belief.py::build_public_belief|players/humanlike/candidates.py::CandidateSet|players/humanlike/candidates.py::build_candidates|players/humanlike/candidates.py::stable_action_key,tests/humanlike_v2/test_deterministic_policy.py::test_evaluation_is_repeatable_and_rng_free|tests/humanlike_v2/test_deterministic_policy.py::test_mandatory_hu_survives_candidate_cap|tests/humanlike_v2/test_deterministic_policy.py::test_public_belief_uses_only_visible_counts|tests/humanlike_v2/test_deterministic_policy.py::test_stable_action_key_is_explicit|tests/test_analysis.py::test_an03_strategy_best_min_shanten|tests/test_blood_battle.py::test_b02_discard_pass_cycle|tests/test_blood_battle.py::test_blood_battle_continues_after_first_hu|tests/test_blood_battle.py::test_force_complete_response_unblocks|tests/test_blood_battle.py::test_illegal_action|tests/test_exchange_dingque.py::test_human_face_exchange_resolves_to_physical_tiles|tests/test_exchange_dingque.py::test_t03_full_exchange_to_dingque|tests/test_exchange_dingque.py::test_t04_multiset_transfer|tests/test_exchange_dingque.py::test_t05_illegal_exchange|tests/test_legal_actions.py::test_response_has_pass,,RULE-008|RULE-010,REQUIRES_BOUNDARY_TEST,存在复合旧实现候选，但未隔离为v3单元，schema/错误/参数/状态/审计绑定及生产trace未按锁定规格核验,缺少锁定单元的直接测试及四类验收证据,NONE,HIGH,MEDIUM,B1-DETERMINISTIC-KERNEL,HEUR-013|RULE-013|SCORE-003,engine/blood_battle.py::action_in_legal|engine/blood_battle.py::active_seats|engine/blood_battle.py::next_active|engine/legal.py::legal_discards|engine/orchestrator.py::action_in_legal|engine/orchestrator.py::next_active|engine/session.py::apply_action|players/humanlike/attention.py::stable_action_key|players/humanlike/player.py::build_candidates|training/env.py::action_in_legal|training/env.py::next_active,AU-033 人类化决策规则：第 7—14 章 / 9.3 杠牌响应；AU-056 程序实现规范：第 0—10 章 / 3.2 Rule Engine；AU-072 程序实现规范：第 0—10 章 / 8. 合法行动与解析→03-unit-specs/deterministic_rule_state_specs.md→engine/rules→engine/blood_battle.py::action_in_legal|engine/blood_battle.py::active_seats|engine/blood_battle.py::next_active|engine/legal.py::legal_discards|engine/orchestrator.py::action_in_legal|engine/orchestrator.py::next_active|engine/session.py::apply_action|players/humanlike/attention.py::stable_action_key|players/humanlike/player.py::build_candidates|training/env.py::action_in_legal|training/env.py::next_active,True,True,False,True,False,NONE
RULE-010,自摸、点炮与抢杠胡资格,RULE,ATOMIC,PARTIAL,AUDITED,AU-032 人类化决策规则：第 7—14 章 / 9.2 胡牌响应；AU-056 程序实现规范：第 0—10 章 / 3.2 Rule Engine；AU-072 程序实现规范：第 0—10 章 / 8. 合法行动与解析,03-unit-specs/deterministic_rule_state_specs.md,engine/blood_battle.py::active_seats|engine/blood_battle.py::apply_action|engine/blood_battle.py::next_active|engine/legal.py::action_in_legal|engine/legal.py::legal_actions|engine/legal.py::legal_discards|engine/opening.py::begin_opening|engine/opening.py::submit_exchange|players/humanlike/candidates.py::CandidateSet|players/humanlike/candidates.py::build_candidates|players/humanlike/candidates.py::stable_action_key,tests/humanlike_v2/test_deterministic_policy.py::test_evaluation_is_repeatable_and_rng_free|tests/humanlike_v2/test_deterministic_policy.py::test_mandatory_hu_survives_candidate_cap|tests/humanlike_v2/test_deterministic_policy.py::test_stable_action_key_is_explicit|tests/test_analysis.py::test_an03_strategy_best_min_shanten|tests/test_blood_battle.py::test_b02_discard_pass_cycle|tests/test_blood_battle.py::test_blood_battle_continues_after_first_hu|tests/test_blood_battle.py::test_force_complete_response_unblocks|tests/test_blood_battle.py::test_illegal_action|tests/test_exchange_dingque.py::test_human_face_exchange_resolves_to_physical_tiles|tests/test_exchange_dingque.py::test_t03_full_exchange_to_dingque|tests/test_exchange_dingque.py::test_t04_multiset_transfer|tests/test_exchange_dingque.py::test_t05_illegal_exchange|tests/test_legal_actions.py::test_response_has_pass,,RULE-001|STATE-003|ALGO-002,REQUIRES_BOUNDARY_TEST,存在复合旧实现候选，但未隔离为v3单元，schema/错误/参数/状态/审计绑定及生产trace未按锁定规格核验,缺少锁定单元的直接测试及四类验收证据,NONE,HIGH,MEDIUM,B1-DETERMINISTIC-KERNEL,RULE-009|RULE-011|RULE-012|RULE-013|RULE-014|SCORE-002,engine/blood_battle.py::action_in_legal|engine/blood_battle.py::active_seats|engine/blood_battle.py::next_active|engine/legal.py::legal_discards|engine/orchestrator.py::action_in_legal|engine/orchestrator.py::next_active|engine/session.py::apply_action|players/humanlike/attention.py::stable_action_key|players/humanlike/player.py::build_candidates|training/env.py::action_in_legal|training/env.py::next_active,AU-032 人类化决策规则：第 7—14 章 / 9.2 胡牌响应；AU-056 程序实现规范：第 0—10 章 / 3.2 Rule Engine；AU-072 程序实现规范：第 0—10 章 / 8. 合法行动与解析→03-unit-specs/deterministic_rule_state_specs.md→engine/rules→engine/blood_battle.py::action_in_legal|engine/blood_battle.py::active_seats|engine/blood_battle.py::next_active|engine/legal.py::legal_discards|engine/orchestrator.py::action_in_legal|engine/orchestrator.py::next_active|engine/session.py::apply_action|players/humanlike/attention.py::stable_action_key|players/humanlike/player.py::build_candidates|training/env.py::action_in_legal|training/env.py::next_active,True,True,False,True,False,NONE
RULE-011,过胡设置、持续与恢复,RULE,ATOMIC,PARTIAL,AUDITED,AU-032 人类化决策规则：第 7—14 章 / 9.2 胡牌响应；AU-056 程序实现规范：第 0—10 章 / 3.2 Rule Engine；AU-072 程序实现规范：第 0—10 章 / 8. 合法行动与解析,03-unit-specs/deterministic_rule_state_specs.md,engine/blood_battle.py::active_seats|engine/blood_battle.py::apply_action|engine/blood_battle.py::next_active|engine/legal.py::action_in_legal|engine/legal.py::legal_actions|engine/legal.py::legal_discards|engine/opening.py::begin_opening|engine/opening.py::submit_exchange|players/humanlike/candidates.py::CandidateSet|players/humanlike/candidates.py::build_candidates|players/humanlike/candidates.py::stable_action_key,tests/humanlike_v2/test_deterministic_policy.py::test_evaluation_is_repeatable_and_rng_free|tests/humanlike_v2/test_deterministic_policy.py::test_mandatory_hu_survives_candidate_cap|tests/humanlike_v2/test_deterministic_policy.py::test_stable_action_key_is_explicit|tests/test_analysis.py::test_an03_strategy_best_min_shanten|tests/test_blood_battle.py::test_b02_discard_pass_cycle|tests/test_blood_battle.py::test_blood_battle_continues_after_first_hu|tests/test_blood_battle.py::test_force_complete_response_unblocks|tests/test_blood_battle.py::test_illegal_action|tests/test_exchange_dingque.py::test_human_face_exchange_resolves_to_physical_tiles|tests/test_exchange_dingque.py::test_t03_full_exchange_to_dingque|tests/test_exchange_dingque.py::test_t04_multiset_transfer|tests/test_exchange_dingque.py::test_t05_illegal_exchange|tests/test_legal_actions.py::test_response_has_pass,,RULE-010|STATE-003,REQUIRES_BOUNDARY_TEST,存在复合旧实现候选，但未隔离为v3单元，schema/错误/参数/状态/审计绑定及生产trace未按锁定规格核验,缺少锁定单元的直接测试及四类验收证据,NONE,HIGH,MEDIUM,B1-DETERMINISTIC-KERNEL,AUDIT-006,engine/blood_battle.py::action_in_legal|engine/blood_battle.py::active_seats|engine/blood_battle.py::next_active|engine/legal.py::legal_discards|engine/orchestrator.py::action_in_legal|engine/orchestrator.py::next_active|engine/session.py::apply_action|players/humanlike/attention.py::stable_action_key|players/humanlike/player.py::build_candidates|training/env.py::action_in_legal|training/env.py::next_active,AU-032 人类化决策规则：第 7—14 章 / 9.2 胡牌响应；AU-056 程序实现规范：第 0—10 章 / 3.2 Rule Engine；AU-072 程序实现规范：第 0—10 章 / 8. 合法行动与解析→03-unit-specs/deterministic_rule_state_specs.md→engine/rules→engine/blood_battle.py::action_in_legal|engine/blood_battle.py::active_seats|engine/blood_battle.py::next_active|engine/legal.py::legal_discards|engine/orchestrator.py::action_in_legal|engine/orchestrator.py::next_active|engine/session.py::apply_action|players/humanlike/attention.py::stable_action_key|players/humanlike/player.py::build_candidates|training/env.py::action_in_legal|training/env.py::next_active,True,True,False,True,False,NONE
RULE-012,强制胡与最后阶段必胡,RULE,ATOMIC,PARTIAL,AUDITED,AU-032 人类化决策规则：第 7—14 章 / 9.2 胡牌响应；AU-056 程序实现规范：第 0—10 章 / 3.2 Rule Engine；AU-072 程序实现规范：第 0—10 章 / 8. 合法行动与解析,03-unit-specs/deterministic_rule_state_specs.md,engine/blood_battle.py::active_seats|engine/blood_battle.py::apply_action|engine/blood_battle.py::next_active|engine/legal.py::action_in_legal|engine/legal.py::legal_actions|engine/legal.py::legal_discards|engine/opening.py::begin_opening|engine/opening.py::submit_exchange|players/humanlike/candidates.py::CandidateSet|players/humanlike/candidates.py::build_candidates|players/humanlike/candidates.py::stable_action_key,tests/humanlike_v2/test_deterministic_policy.py::test_evaluation_is_repeatable_and_rng_free|tests/humanlike_v2/test_deterministic_policy.py::test_mandatory_hu_survives_candidate_cap|tests/humanlike_v2/test_deterministic_policy.py::test_stable_action_key_is_explicit|tests/test_analysis.py::test_an03_strategy_best_min_shanten|tests/test_blood_battle.py::test_b02_discard_pass_cycle|tests/test_blood_battle.py::test_blood_battle_continues_after_first_hu|tests/test_blood_battle.py::test_force_complete_response_unblocks|tests/test_blood_battle.py::test_illegal_action|tests/test_exchange_dingque.py::test_human_face_exchange_resolves_to_physical_tiles|tests/test_exchange_dingque.py::test_t03_full_exchange_to_dingque|tests/test_exchange_dingque.py::test_t04_multiset_transfer|tests/test_exchange_dingque.py::test_t05_illegal_exchange|tests/test_legal_actions.py::test_response_has_pass,,RULE-010|STATE-011,REQUIRES_BOUNDARY_TEST,存在复合旧实现候选，但未隔离为v3单元，schema/错误/参数/状态/审计绑定及生产trace未按锁定规格核验,缺少锁定单元的直接测试及四类验收证据,NONE,HIGH,MEDIUM,B1-DETERMINISTIC-KERNEL,AUDIT-006,engine/blood_battle.py::action_in_legal|engine/blood_battle.py::active_seats|engine/blood_battle.py::next_active|engine/legal.py::legal_discards|engine/orchestrator.py::action_in_legal|engine/orchestrator.py::next_active|engine/session.py::apply_action|players/humanlike/attention.py::stable_action_key|players/humanlike/player.py::build_candidates|training/env.py::action_in_legal|training/env.py::next_active,AU-032 人类化决策规则：第 7—14 章 / 9.2 胡牌响应；AU-056 程序实现规范：第 0—10 章 / 3.2 Rule Engine；AU-072 程序实现规范：第 0—10 章 / 8. 合法行动与解析→03-unit-specs/deterministic_rule_state_specs.md→engine/rules→engine/blood_battle.py::action_in_legal|engine/blood_battle.py::active_seats|engine/blood_battle.py::next_active|engine/legal.py::legal_discards|engine/orchestrator.py::action_in_legal|engine/orchestrator.py::next_active|engine/session.py::apply_action|players/humanlike/attention.py::stable_action_key|players/humanlike/player.py::build_candidates|training/env.py::action_in_legal|training/env.py::next_active,True,True,False,True,False,NONE
RULE-013,多人响应确定性优先级,RULE,ATOMIC,PARTIAL,AUDITED,AU-031 人类化决策规则：第 7—14 章 / 9.1 响应优先；AU-056 程序实现规范：第 0—10 章 / 3.2 Rule Engine；AU-060 程序实现规范：第 0—10 章 / 3.6 Action Resolver；AU-072 程序实现规范：第 0—10 章 / 8. 合法行动与解析,03-unit-specs/deterministic_rule_state_specs.md,engine/audit.py::DecisionAuditWriter|engine/audit.py::record_decision|engine/audit.py::verify_audit|engine/blood_battle.py::active_seats|engine/blood_battle.py::apply_action|engine/blood_battle.py::next_active|engine/legal.py::action_in_legal|engine/legal.py::legal_actions|engine/legal.py::legal_discards|engine/opening.py::begin_opening|engine/opening.py::submit_exchange|engine/replay.py::ReplaySession|engine/replay.py::StepRecorder|players/humanlike/candidates.py::CandidateSet|players/humanlike/candidates.py::build_candidates|players/humanlike/candidates.py::stable_action_key,tests/humanlike_v2/test_audit_replay.py::test_runner_audit_verifies_and_policy_replays|tests/humanlike_v2/test_audit_replay.py::test_tampering_and_truncation_are_detected|tests/humanlike_v2/test_audit_replay.py::test_writer_rejects_opponent_hand_leak_and_illegal_action|tests/humanlike_v2/test_audit_replay.py::test_writer_verifier_and_footer_contract|tests/humanlike_v2/test_deterministic_policy.py::test_evaluation_is_repeatable_and_rng_free|tests/humanlike_v2/test_deterministic_policy.py::test_mandatory_hu_survives_candidate_cap|tests/humanlike_v2/test_deterministic_policy.py::test_stable_action_key_is_explicit|tests/test_analysis.py::test_an03_strategy_best_min_shanten|tests/test_blood_battle.py::test_b02_discard_pass_cycle|tests/test_blood_battle.py::test_blood_battle_continues_after_first_hu|tests/test_blood_battle.py::test_force_complete_response_unblocks|tests/test_blood_battle.py::test_illegal_action|tests/test_exchange_dingque.py::test_human_face_exchange_resolves_to_physical_tiles|tests/test_exchange_dingque.py::test_t03_full_exchange_to_dingque|tests/test_exchange_dingque.py::test_t04_multiset_transfer|tests/test_exchange_dingque.py::test_t05_illegal_exchange|tests/test_legal_actions.py::test_response_has_pass|tests/test_persistence.py::test_s03_steps_replay,,RULE-001|RULE-007|RULE-009|RULE-010,REQUIRES_BOUNDARY_TEST,存在复合旧实现候选，但未隔离为v3单元，schema/错误/参数/状态/审计绑定及生产trace未按锁定规格核验,缺少锁定单元的直接测试及四类验收证据,NONE,HIGH,MEDIUM,B1-DETERMINISTIC-KERNEL,TRAIN-007,engine/blood_battle.py::action_in_legal|engine/blood_battle.py::active_seats|engine/blood_battle.py::next_active|engine/legal.py::legal_discards|engine/orchestrator.py::DecisionAuditWriter|engine/orchestrator.py::StepRecorder|engine/orchestrator.py::action_in_legal|engine/orchestrator.py::next_active|engine/session.py::apply_action|main.py::ReplaySession|players/humanlike/attention.py::stable_action_key|players/humanlike/audit_replay.py::verify_audit|players/humanlike/player.py::build_candidates|training/env.py::action_in_legal|training/env.py::next_active,AU-031 人类化决策规则：第 7—14 章 / 9.1 响应优先；AU-056 程序实现规范：第 0—10 章 / 3.2 Rule Engine；AU-060 程序实现规范：第 0—10 章 / 3.6 Action Resolver；AU-072 程序实现规范：第 0—10 章 / 8. 合法行动与解析→03-unit-specs/deterministic_rule_state_specs.md→engine/rules→engine/blood_battle.py::action_in_legal|engine/blood_battle.py::active_seats|engine/blood_battle.py::next_active|engine/legal.py::legal_discards|engine/orchestrator.py::DecisionAuditWriter|engine/orchestrator.py::StepRecorder|engine/orchestrator.py::action_in_legal|engine/orchestrator.py::next_active|engine/session.py::apply_action|main.py::ReplaySession|players/humanlike/attention.py::stable_action_key|players/humanlike/audit_replay.py::verify_audit|players/humanlike/player.py::build_candidates|training/env.py::action_in_legal|training/env.py::next_active,True,True,False,True,False,NONE
RULE-014,血战胡后退出、继续与终止,RULE,ATOMIC,PARTIAL,AUDITED,AU-006 人类化决策规则：第 0—6 章 / 3. 定庄与座位；AU-018 人类化决策规则：第 7—14 章 / 7.9 胡牌人数；AU-039 人类化决策规则：第 7—14 章 / 11. 胡后处理；AU-056 程序实现规范：第 0—10 章 / 3.2 Rule Engine,03-unit-specs/deterministic_rule_state_specs.md,engine/blood_battle.py::active_seats|engine/blood_battle.py::apply_action|engine/blood_battle.py::next_active|engine/deal.py::create_dealt_game|engine/dice.py::DiceResult|engine/dice.py::to_dict|engine/fan.py::FanTable|engine/fan.py::apply_fan_cap|engine/fan.py::compute_fan|engine/game_id.py::DerivedSeeds|engine/game_id.py::normalize_game_id|engine/legal.py::action_in_legal|engine/legal.py::legal_actions|engine/legal.py::legal_discards|engine/score.py::ScoreService|engine/score.py::apply_hu_dianpao|engine/score.py::apply_hu_zimo|players/humanlike/view.py::DecisionContext|players/humanlike/view.py::build_decision_context|protocols/player_view_builder.py::PlayerViewBuilder|protocols/player_view_builder.py::build|protocols/player_view_builder.py::build_legacy_dict|protocols/player_view_v2.py::PlayerViewV2|protocols/player_view_v2.py::freeze_mapping|protocols/player_view_v2.py::thaw,tests/humanlike_v2/test_audit_replay.py::test_writer_rejects_opponent_hand_leak_and_illegal_action|tests/humanlike_v2/test_cognition.py::test_player_emits_trace_v2_and_cognitive_rp_slots|tests/humanlike_v2/test_deterministic_policy.py::test_context_rejects_wrong_view_version_and_seat|tests/humanlike_v2/test_deterministic_policy.py::test_hidden_opponent_hands_cannot_change_decision|tests/humanlike_v2/test_deterministic_policy.py::test_player_dingque_and_trace_are_deterministic|tests/humanlike_v2/test_player_view_v2.py::test_gp021_all_visibility_fields_have_hidden_partial_exact_contracts|tests/humanlike_v2/test_player_view_v2.py::test_gp021_wall_and_concealed_gang_visibility_modes|tests/humanlike_v2/test_player_view_v2.py::test_v2_whitelist_hides_opponents_wall_and_sentinel|tests/test_analysis.py::test_an03_strategy_best_min_shanten|tests/test_blood_battle.py::test_b02_discard_pass_cycle|tests/test_blood_battle.py::test_blood_battle_continues_after_first_hu|tests/test_blood_battle.py::test_force_complete_response_unblocks|tests/test_blood_battle.py::test_illegal_action|tests/test_legal_actions.py::test_response_has_pass|tests/test_score.py::test_sc01_dianpao_fan2|tests/test_score.py::test_sc02_multi_ron|tests/test_score.py::test_sc03_zimo|tests/test_score.py::test_sc04_an_gang|tests/test_score.py::test_sc05_hua_zhu|tests/test_score.py::test_score_events_written|tests/test_score_ledger.py::test_build_game_result_includes_score_events|tests/test_score_ledger.py::test_ledger_matches_balances,,RULE-005|RULE-010|STATE-004,REQUIRES_BOUNDARY_TEST,存在复合旧实现候选，但未隔离为v3单元，schema/错误/参数/状态/审计绑定及生产trace未按锁定规格核验,缺少锁定单元的直接测试及四类验收证据,NONE,HIGH,MEDIUM,B1-DETERMINISTIC-KERNEL,AUDIT-006,engine/blood_battle.py::ScoreService|engine/blood_battle.py::active_seats|engine/blood_battle.py::apply_hu_dianpao|engine/blood_battle.py::apply_hu_zimo|engine/blood_battle.py::compute_fan|engine/blood_battle.py::next_active|engine/deal.py::normalize_game_id|engine/dice.py::DiceResult|engine/fan.py::apply_fan_cap|engine/game_id.py::DerivedSeeds|engine/legal.py::legal_discards|engine/orchestrator.py::create_dealt_game|engine/orchestrator.py::next_active|engine/session.py::apply_action|engine/session.py::create_dealt_game|players/humanlike/player.py::build_decision_context|players/humanlike/view.py::PlayerViewV2|protocols/player_view_builder.py::PlayerViewV2|protocols/player_view_v2.py::freeze_mapping|protocols/view_filter.py::PlayerViewBuilder|protocols/view_filter.py::build_legacy_dict|training/env.py::create_dealt_game|training/env.py::next_active,AU-006 人类化决策规则：第 0—6 章 / 3. 定庄与座位；AU-018 人类化决策规则：第 7—14 章 / 7.9 胡牌人数；AU-039 人类化决策规则：第 7—14 章 / 11. 胡后处理；AU-056 程序实现规范：第 0—10 章 / 3.2 Rule Engine→03-unit-specs/deterministic_rule_state_specs.md→engine/rules→engine/blood_battle.py::ScoreService|engine/blood_battle.py::active_seats|engine/blood_battle.py::apply_hu_dianpao|engine/blood_battle.py::apply_hu_zimo|engine/blood_battle.py::compute_fan|engine/blood_battle.py::next_active|engine/deal.py::normalize_game_id|engine/dice.py::DiceResult|engine/fan.py::apply_fan_cap|engine/game_id.py::DerivedSeeds|engine/legal.py::legal_discards|engine/orchestrator.py::create_dealt_game|engine/orchestrator.py::next_active|engine/session.py::apply_action|engine/session.py::create_dealt_game|players/humanlike/player.py::build_decision_context|players/humanlike/view.py::PlayerViewV2|protocols/player_view_builder.py::PlayerViewV2|protocols/player_view_v2.py::freeze_mapping|protocols/view_filter.py::PlayerViewBuilder|protocols/view_filter.py::build_legacy_dict|training/env.py::create_dealt_game|training/env.py::next_active,True,True,False,True,False,NONE
RULE-015,启用番型、互斥/叠加与封顶规则,RULE,ATOMIC,PARTIAL,AUDITED,AU-004 人类化决策规则：第 0—6 章 / 2. 学习规则；AU-022 人类化决策规则：第 7—14 章 / 7.14 全番型配置,03-unit-specs/deterministic_rule_state_specs.md,engine/fan.py::FanTable|engine/fan.py::apply_fan_cap|engine/fan.py::compute_fan|players/humanlike/cognition.py::CognitiveState|players/humanlike/cognition.py::begin_new_round|players/humanlike/config.py::HumanlikeConfig|players/humanlike/config.py::_validate_global_parameters|players/humanlike/config.py::load_config|players/humanlike/traceability.py::ParameterTrace|players/humanlike/traceability.py::_gp_consumer|players/humanlike/traceability.py::_rp_consumer,tests/humanlike_v2/test_cognition.py::test_bounded_noise_is_reproducible_and_stays_in_near_pool|tests/humanlike_v2/test_cognition.py::test_round_reset_keeps_only_bounded_public_impressions|tests/humanlike_v2/test_config.py::test_default_has_all_gp_profiles_and_stable_hash|tests/humanlike_v2/test_config.py::test_hash_ignores_json_format_and_key_order|tests/humanlike_v2/test_config.py::test_invalid_range_fails|tests/humanlike_v2/test_config.py::test_missing_gp_fails|tests/humanlike_v2/test_config.py::test_missing_player_cognitive_gp_fails|tests/humanlike_v2/test_config.py::test_non_normalized_weights_fail|tests/humanlike_v2/test_config.py::test_player_cognitive_parameters_are_independent|tests/humanlike_v2/test_config.py::test_unknown_version_fails,,STATE-010,REQUIRES_BOUNDARY_TEST,存在复合旧实现候选，但未隔离为v3单元，schema/错误/参数/状态/审计绑定及生产trace未按锁定规格核验,缺少锁定单元的直接测试及四类验收证据,NONE,HIGH,MEDIUM,B1-DETERMINISTIC-KERNEL,HEUR-011|SCORE-002|SCORE-004|SCORE-005,engine/blood_battle.py::compute_fan|engine/fan.py::apply_fan_cap|players/humanlike/config.py::HumanlikeConfig|players/humanlike/config.py::_validate_global_parameters|players/humanlike/player.py::load_config|players/humanlike/settings_service.py::load_config|players/humanlike/traceability.py::ParameterTrace|players/humanlike/traceability.py::_gp_consumer,AU-004 人类化决策规则：第 0—6 章 / 2. 学习规则；AU-022 人类化决策规则：第 7—14 章 / 7.14 全番型配置→03-unit-specs/deterministic_rule_state_specs.md→engine/rules→engine/blood_battle.py::compute_fan|engine/fan.py::apply_fan_cap|players/humanlike/config.py::HumanlikeConfig|players/humanlike/config.py::_validate_global_parameters|players/humanlike/player.py::load_config|players/humanlike/settings_service.py::load_config|players/humanlike/traceability.py::ParameterTrace|players/humanlike/traceability.py::_gp_consumer,True,True,False,True,False,NONE
RULE-016,局中与终局公开信息范围,RULE,ATOMIC,AUDITED,AUDITED,AU-002 人类化决策规则：第 0—6 章 / 0. 可见信息边界；AU-029 人类化决策规则：第 7—14 章 / 8.8 信息边界,03-unit-specs/deterministic_rule_state_specs.md,protocols/player_view_builder.py:PlayerViewBuilder.build,tests/spec_v3/test_rule_016.py;humanlike_v2 view tests,task15_evidence/pilot_runtime.jsonl;43-decision replay,STATE-004|STATE-010,REQUIRES_BOUNDARY_TEST,NONE,NONE,NONE,MEDIUM,MEDIUM,B0-PILOT-ACCEPTANCE,ALGO-010|AUDIT-013|MODEL-003,engine/orchestrator.py::DecisionAuditWriter|players/humanlike/audit_replay.py::verify_audit|players/humanlike/player.py::build_decision_context|players/humanlike/view.py::PlayerViewV2|protocols/player_view_builder.py::PlayerViewV2|protocols/player_view_v2.py::freeze_mapping|protocols/view_filter.py::PlayerViewBuilder|protocols/view_filter.py::build_legacy_dict,AU-002/029→RULE-016→builder→tests→runtime,True,True,True,True,False,NONE
ALGO-001,face/physical tile 编码、投影与所有权守恒,ALGO,ATOMIC,AUDITED,AUDITED,AU-010 人类化决策规则：第 0—6 章 / 5. 换三张合法性；AU-053 程序实现规范：第 0—10 章 / 2. IR-001～018；AU-064 程序实现规范：第 0—10 章 / 4.1 牌编码；AU-066 程序实现规范：第 0—10 章 / 4.3 手牌与组合,03-unit-specs/deterministic_algorithm_scoring_specs.md,engine/physical_tile.py:build_physical_wall→validate_physical_ownership,tests/spec_v3/test_algo_001.py,task15_evidence/pilot_runtime.jsonl;production wall construction,STATE-011,REQUIRES_BOUNDARY_TEST,NONE,NONE,NONE,MEDIUM,MEDIUM,B0-PILOT-ACCEPTANCE,ALGO-003|AUDIT-005|RULE-002|STATE-003,engine/blood_battle.py::PhysicalTile|engine/deal.py::GameState|engine/deal.py::PlayerState|engine/exchange.py::validate_exchange_tiles|engine/invariants.py::ownership_regions|engine/opening.py::resolve_exchange_direction|engine/opening.py::resolve_exchange_tiles|engine/opening.py::validate_exchange_tiles|engine/orchestrator.py::validate_exchange_tiles|engine/physical_tile.py::PhysicalTile|engine/score.py::shanten|engine/state.py::assert_event_boundary|players/humanlike/evaluator.py::analyze_action|players/humanlike/evaluator.py::visible_hand|players/humanlike/hand_analyzer.py::HandFeatures|players/humanlike/hand_analyzer.py::visible_hand|players/humanlike/player.py::analyze_action|players/humanlike/player.py::build_decision_context|players/humanlike/view.py::PlayerViewV2|protocols/player_view_builder.py::PlayerViewV2|protocols/player_view_v2.py::freeze_mapping|protocols/view_filter.py::PlayerViewBuilder|protocols/view_filter.py::build_legacy_dict|training/env.py::validate_exchange_tiles,AU-010/053/064/066→ALGO-001→code→test→runtime,True,True,True,True,False,NONE
ALGO-002,手牌分解、向听、弃牌向听与等待形状,ALGO,ATOMIC_FACADE_INTERNAL_SPLIT_REVIEW,PARTIAL,AUDITED,AU-008 人类化决策规则：第 0—6 章 / 4. 初始手牌整理；AU-036 人类化决策规则：第 7—14 章 / 10.1–10.5 出牌；AU-074 程序实现规范：第 0—10 章 / 10.1 手牌分析,03-unit-specs/deterministic_algorithm_scoring_specs.md,engine/legal.py::action_in_legal|engine/legal.py::legal_actions|engine/legal.py::legal_discards|engine/shanten.py::shanten|engine/win_check.py::WinCheckResult|engine/win_check.py::WinForm|players/humanlike/candidates.py::CandidateSet|players/humanlike/candidates.py::build_candidates|players/humanlike/candidates.py::stable_action_key|players/humanlike/cognition.py::CognitiveState|players/humanlike/cognition.py::begin_new_round|players/humanlike/cognition.py::update_memory|players/humanlike/hand_analyzer.py::HandFeatures|players/humanlike/hand_analyzer.py::analyze_action|players/humanlike/hand_analyzer.py::visible_hand|players/humanlike/plan.py::PlanSnapshot|players/humanlike/plan.py::choose_plan,tests/humanlike_v2/test_cognition.py::test_bounded_noise_is_reproducible_and_stays_in_near_pool|tests/humanlike_v2/test_cognition.py::test_round_reset_keeps_only_bounded_public_impressions|tests/humanlike_v2/test_deterministic_policy.py::test_evaluation_is_repeatable_and_rng_free|tests/humanlike_v2/test_deterministic_policy.py::test_mandatory_hu_survives_candidate_cap|tests/humanlike_v2/test_deterministic_policy.py::test_stable_action_key_is_explicit|tests/test_analysis.py::test_an03_strategy_best_min_shanten|tests/test_shanten.py::test_s01_tenpai_shanten_0|tests/test_shanten.py::test_s02_winning_standard_shanten_neg1|tests/test_shanten.py::test_s03_seven_pairs_tenpai|tests/test_shanten.py::test_s04_dingque_raises_shanten|tests/test_win_fan.py::test_w01_standard_win|tests/test_win_fan.py::test_w02_seven_pairs,,STATE-003,NONE,存在复合旧实现候选，但未隔离为v3单元，schema/错误/参数/状态/审计绑定及生产trace未按锁定规格核验,缺少锁定单元的直接测试及四类验收证据,实现前需落实门面内职责分离，不改变已锁定外部语义,MEDIUM,MEDIUM,B2-DETERMINISTIC-COMPLETION,ALGO-007|HEUR-001|HEUR-002|HEUR-004|HEUR-009|HEUR-011|HEUR-012|HEUR-014|RULE-004|RULE-010,engine/blood_battle.py::action_in_legal|engine/legal.py::legal_discards|engine/orchestrator.py::action_in_legal|engine/score.py::shanten|engine/shanten.py::shanten|players/analysis/discard_accuracy.py::shanten|players/analysis/pipeline.py::shanten|players/analysis/strategy.py::shanten|players/humanlike/attention.py::stable_action_key|players/humanlike/evaluator.py::analyze_action|players/humanlike/evaluator.py::visible_hand|players/humanlike/hand_analyzer.py::HandFeatures|players/humanlike/hand_analyzer.py::shanten|players/humanlike/hand_analyzer.py::visible_hand|players/humanlike/player.py::analyze_action|players/humanlike/player.py::build_candidates|training/env.py::action_in_legal,AU-008 人类化决策规则：第 0—6 章 / 4. 初始手牌整理；AU-036 人类化决策规则：第 7—14 章 / 10.1–10.5 出牌；AU-074 程序实现规范：第 0—10 章 / 10.1 手牌分析→03-unit-specs/deterministic_algorithm_scoring_specs.md→engine/analysis→engine/blood_battle.py::action_in_legal|engine/legal.py::legal_discards|engine/orchestrator.py::action_in_legal|engine/score.py::shanten|engine/shanten.py::shanten|players/analysis/discard_accuracy.py::shanten|players/analysis/pipeline.py::shanten|players/analysis/strategy.py::shanten|players/humanlike/attention.py::stable_action_key|players/humanlike/evaluator.py::analyze_action|players/humanlike/evaluator.py::visible_hand|players/humanlike/hand_analyzer.py::HandFeatures|players/humanlike/hand_analyzer.py::shanten|players/humanlike/hand_analyzer.py::visible_hand|players/humanlike/player.py::analyze_action|players/humanlike/player.py::build_candidates|training/env.py::action_in_legal,True,True,False,True,False,牌型拆解、普通/七对向听、弃牌向听和等待形状应以同一门面下的独立纯函数实现
ALGO-003,去重可见牌与未见牌聚合,ALGO,ATOMIC,PARTIAL,AUDITED,AU-023 人类化决策规则：第 7—14 章 / 7.15 活牌与摸牌机会；AU-050 人类化决策规则：第 15—18 章与参数 / 18. 概率约束；AU-053 程序实现规范：第 0—10 章 / 2. IR-001～018；AU-067 程序实现规范：第 0—10 章 / 4.4 可见牌；AU-075 程序实现规范：第 0—10 章 / 10.2–10.5 信念/风险,03-unit-specs/deterministic_algorithm_scoring_specs.md,players/analysis/danger.py::danger_map_for_tiles|players/analysis/danger.py::rate_discard_danger|players/analysis/opponent_model.py::estimate_opponents|players/humanlike/belief.py::PublicBelief|players/humanlike/belief.py::build_public_belief|players/humanlike/runtime.py::RoundRuntime|players/humanlike/runtime.py::apply_event|players/humanlike/runtime.py::create_round|players/humanlike/view.py::DecisionContext|players/humanlike/view.py::build_decision_context|protocols/player_view_builder.py::PlayerViewBuilder|protocols/player_view_builder.py::build|protocols/player_view_builder.py::build_legacy_dict|protocols/player_view_v2.py::PlayerViewV2|protocols/player_view_v2.py::freeze_mapping|protocols/player_view_v2.py::thaw|training/env.py::ChengduMahjongEnv|training/env.py::reset|training/env.py::step,tests/humanlike_v2/test_deterministic_policy.py::test_context_rejects_wrong_view_version_and_seat|tests/humanlike_v2/test_deterministic_policy.py::test_evaluation_is_repeatable_and_rng_free|tests/humanlike_v2/test_deterministic_policy.py::test_public_belief_uses_only_visible_counts|tests/humanlike_v2/test_player_view_v2.py::test_gp021_all_visibility_fields_have_hidden_partial_exact_contracts|tests/humanlike_v2/test_player_view_v2.py::test_gp021_wall_and_concealed_gang_visibility_modes|tests/humanlike_v2/test_player_view_v2.py::test_v2_whitelist_hides_opponents_wall_and_sentinel|tests/humanlike_v2/test_runtime.py::test_event_decision_and_finalize_lifecycle|tests/humanlike_v2/test_runtime.py::test_unknown_rp_and_invalid_transition_fail|tests/humanlike_v2/test_training_contract_v2.py::test_illegal_raise_preserves_state_and_terminate_penalizes|tests/humanlike_v2/test_training_contract_v2.py::test_v1_integer_semantics_remain_legal_list_index|tests/humanlike_v2/test_training_contract_v2.py::test_v2_fixed_index_and_shaping_off|tests/humanlike_v2/test_training_contract_v2.py::test_v2_observation_shapes_and_no_hidden_fields|tests/humanlike_v2/test_training_contract_v2.py::test_v2_shaping_is_separate_from_true_score|tests/test_discard_recommend.py::test_strategy_ranks_include_ukeire_tiles|tests/test_env.py::test_e01_reset_returns_obs_with_legals|tests/test_env.py::test_e03_illegal_action_raises|tests/test_env.py::test_e04_same_game_id_dealt_hands|tests/test_f0011_integrated.py::test_build_f0010_context_and_rank|tests/test_f0011_integrated.py::test_fan_proxy_and_baseline_compat,,STATE-005|ALGO-001,NONE,可见牌必须按实体事件去重，旧聚合路径可能重复展示计数,缺少锁定单元的直接测试及四类验收证据,NONE,MEDIUM,HIGH,B2-DETERMINISTIC-COMPLETION,ALGO-004|ALGO-007|HEUR-001|MODEL-001|MODEL-002,players/analysis/danger.py::rate_discard_danger|players/analysis/discard_accuracy.py::estimate_opponents|players/analysis/pipeline.py::danger_map_for_tiles|players/analysis/pipeline.py::estimate_opponents|players/humanlike/belief.py::PublicBelief|players/humanlike/player.py::build_decision_context|players/humanlike/player.py::build_public_belief|players/humanlike/view.py::PlayerViewV2|protocols/player_view_builder.py::PlayerViewV2|protocols/player_view_v2.py::freeze_mapping|protocols/view_filter.py::PlayerViewBuilder|protocols/view_filter.py::build_legacy_dict|training/env.py::ChengduMahjongEnv,AU-023 人类化决策规则：第 7—14 章 / 7.15 活牌与摸牌机会；AU-050 人类化决策规则：第 15—18 章与参数 / 18. 概率约束；AU-053 程序实现规范：第 0—10 章 / 2. IR-001～018；AU-067 程序实现规范：第 0—10 章 / 4.4 可见牌；AU-075 程序实现规范：第 0—10 章 / 10.2–10.5 信念/风险→03-unit-specs/deterministic_algorithm_scoring_specs.md→engine/analysis→players/analysis/danger.py::rate_discard_danger|players/analysis/discard_accuracy.py::estimate_opponents|players/analysis/pipeline.py::danger_map_for_tiles|players/analysis/pipeline.py::estimate_opponents|players/humanlike/belief.py::PublicBelief|players/humanlike/player.py::build_decision_context|players/humanlike/player.py::build_public_belief|players/humanlike/view.py::PlayerViewV2|protocols/player_view_builder.py::PlayerViewV2|protocols/player_view_v2.py::freeze_mapping|protocols/view_filter.py::PlayerViewBuilder|protocols/view_filter.py::build_legacy_dict|training/env.py::ChengduMahjongEnv,True,True,False,True,False,NONE
ALGO-004,墙内活牌区间或估计,ALGO,ATOMIC,PARTIAL,AUDITED,AU-023 人类化决策规则：第 7—14 章 / 7.15 活牌与摸牌机会；AU-050 人类化决策规则：第 15—18 章与参数 / 18. 概率约束；AU-053 程序实现规范：第 0—10 章 / 2. IR-001～018；AU-075 程序实现规范：第 0—10 章 / 10.2–10.5 信念/风险,03-unit-specs/deterministic_algorithm_scoring_specs.md,players/analysis/danger.py::danger_map_for_tiles|players/analysis/danger.py::rate_discard_danger|players/analysis/opponent_model.py::estimate_opponents|players/humanlike/belief.py::PublicBelief|players/humanlike/belief.py::build_public_belief|players/humanlike/runtime.py::RoundRuntime|players/humanlike/runtime.py::apply_event|players/humanlike/runtime.py::create_round|players/humanlike/view.py::DecisionContext|players/humanlike/view.py::build_decision_context|protocols/player_view_builder.py::PlayerViewBuilder|protocols/player_view_builder.py::build|protocols/player_view_builder.py::build_legacy_dict|protocols/player_view_v2.py::PlayerViewV2|protocols/player_view_v2.py::freeze_mapping|protocols/player_view_v2.py::thaw|training/env.py::ChengduMahjongEnv|training/env.py::reset|training/env.py::step,tests/humanlike_v2/test_deterministic_policy.py::test_context_rejects_wrong_view_version_and_seat|tests/humanlike_v2/test_deterministic_policy.py::test_evaluation_is_repeatable_and_rng_free|tests/humanlike_v2/test_deterministic_policy.py::test_public_belief_uses_only_visible_counts|tests/humanlike_v2/test_player_view_v2.py::test_gp021_all_visibility_fields_have_hidden_partial_exact_contracts|tests/humanlike_v2/test_player_view_v2.py::test_gp021_wall_and_concealed_gang_visibility_modes|tests/humanlike_v2/test_player_view_v2.py::test_v2_whitelist_hides_opponents_wall_and_sentinel|tests/humanlike_v2/test_runtime.py::test_event_decision_and_finalize_lifecycle|tests/humanlike_v2/test_runtime.py::test_unknown_rp_and_invalid_transition_fail|tests/humanlike_v2/test_training_contract_v2.py::test_illegal_raise_preserves_state_and_terminate_penalizes|tests/humanlike_v2/test_training_contract_v2.py::test_v1_integer_semantics_remain_legal_list_index|tests/humanlike_v2/test_training_contract_v2.py::test_v2_fixed_index_and_shaping_off|tests/humanlike_v2/test_training_contract_v2.py::test_v2_observation_shapes_and_no_hidden_fields|tests/humanlike_v2/test_training_contract_v2.py::test_v2_shaping_is_separate_from_true_score|tests/test_discard_recommend.py::test_strategy_ranks_include_ukeire_tiles|tests/test_env.py::test_e01_reset_returns_obs_with_legals|tests/test_env.py::test_e03_illegal_action_raises|tests/test_env.py::test_e04_same_game_id_dealt_hands|tests/test_f0011_integrated.py::test_build_f0010_context_and_rank|tests/test_f0011_integrated.py::test_fan_proxy_and_baseline_compat,,ALGO-003|STATE-011,NONE,规范区分未见牌与墙内活牌区间，旧remain估计边界不足,缺少锁定单元的直接测试及四类验收证据,NONE,MEDIUM,HIGH,B2-DETERMINISTIC-COMPLETION,MODEL-002,players/analysis/danger.py::rate_discard_danger|players/analysis/discard_accuracy.py::estimate_opponents|players/analysis/pipeline.py::danger_map_for_tiles|players/analysis/pipeline.py::estimate_opponents|players/humanlike/belief.py::PublicBelief|players/humanlike/player.py::build_decision_context|players/humanlike/player.py::build_public_belief|players/humanlike/view.py::PlayerViewV2|protocols/player_view_builder.py::PlayerViewV2|protocols/player_view_v2.py::freeze_mapping|protocols/view_filter.py::PlayerViewBuilder|protocols/view_filter.py::build_legacy_dict|training/env.py::ChengduMahjongEnv,AU-023 人类化决策规则：第 7—14 章 / 7.15 活牌与摸牌机会；AU-050 人类化决策规则：第 15—18 章与参数 / 18. 概率约束；AU-053 程序实现规范：第 0—10 章 / 2. IR-001～018；AU-075 程序实现规范：第 0—10 章 / 10.2–10.5 信念/风险→03-unit-specs/deterministic_algorithm_scoring_specs.md→engine/analysis→players/analysis/danger.py::rate_discard_danger|players/analysis/discard_accuracy.py::estimate_opponents|players/analysis/pipeline.py::danger_map_for_tiles|players/analysis/pipeline.py::estimate_opponents|players/humanlike/belief.py::PublicBelief|players/humanlike/player.py::build_decision_context|players/humanlike/player.py::build_public_belief|players/humanlike/view.py::PlayerViewV2|protocols/player_view_builder.py::PlayerViewV2|protocols/player_view_v2.py::freeze_mapping|protocols/view_filter.py::PlayerViewBuilder|protocols/view_filter.py::build_legacy_dict|training/env.py::ChengduMahjongEnv,True,True,False,True,False,NONE
ALGO-005,逐座剩余摸牌机会估计,ALGO,ATOMIC,PARTIAL,AUDITED,AU-023 人类化决策规则：第 7—14 章 / 7.15 活牌与摸牌机会；AU-030 人类化决策规则：第 7—14 章 / 8.9 剩余机会；AU-053 程序实现规范：第 0—10 章 / 2. IR-001～018；AU-076 程序实现规范：第 0—10 章 / 10.6–10.9 注意/记忆/摸牌/Q,03-unit-specs/deterministic_algorithm_scoring_specs.md,engine/blood_battle.py::active_seats|engine/blood_battle.py::apply_action|engine/blood_battle.py::next_active|engine/orchestrator.py::PlayerGameRunner|engine/orchestrator.py::run|engine/session.py::GameSession|engine/session.py::apply|engine/session.py::play_random_game|players/analysis/danger.py::danger_map_for_tiles|players/analysis/danger.py::rate_discard_danger|players/analysis/opponent_model.py::estimate_opponents|players/humanlike/belief.py::PublicBelief|players/humanlike/belief.py::build_public_belief|players/humanlike/runtime.py::RoundRuntime|players/humanlike/runtime.py::apply_event|players/humanlike/runtime.py::create_round|players/humanlike/view.py::DecisionContext|players/humanlike/view.py::build_decision_context|protocols/player_view_builder.py::PlayerViewBuilder|protocols/player_view_builder.py::build|protocols/player_view_builder.py::build_legacy_dict|protocols/player_view_v2.py::PlayerViewV2|protocols/player_view_v2.py::freeze_mapping|protocols/player_view_v2.py::thaw|training/observations_v2.py::encode_observation_v2|training/observations_v2.py::flatten_observation_v2,tests/humanlike_v2/test_deterministic_policy.py::test_context_rejects_wrong_view_version_and_seat|tests/humanlike_v2/test_deterministic_policy.py::test_evaluation_is_repeatable_and_rng_free|tests/humanlike_v2/test_deterministic_policy.py::test_public_belief_uses_only_visible_counts|tests/humanlike_v2/test_humanlike_player_integration.py::test_humanlike_self_play_has_no_policy_crash_or_full_state_channel|tests/humanlike_v2/test_humanlike_player_integration.py::test_same_game_produces_same_decision_histories|tests/humanlike_v2/test_player_view_v2.py::test_gp021_all_visibility_fields_have_hidden_partial_exact_contracts|tests/humanlike_v2/test_player_view_v2.py::test_gp021_wall_and_concealed_gang_visibility_modes|tests/humanlike_v2/test_player_view_v2.py::test_v2_whitelist_hides_opponents_wall_and_sentinel|tests/humanlike_v2/test_runtime.py::test_event_decision_and_finalize_lifecycle|tests/humanlike_v2/test_runtime.py::test_unknown_rp_and_invalid_transition_fail|tests/humanlike_v2/test_training_contract_v2.py::test_v2_observation_shapes_and_no_hidden_fields|tests/test_blood_battle.py::test_b02_discard_pass_cycle|tests/test_blood_battle.py::test_b10_random_games_terminate|tests/test_blood_battle.py::test_b11_more_random|tests/test_blood_battle.py::test_blood_battle_continues_after_first_hu|tests/test_blood_battle.py::test_force_complete_response_unblocks|tests/test_blood_battle.py::test_illegal_action|tests/test_discard_recommend.py::test_strategy_ranks_include_ukeire_tiles|tests/test_f0011_integrated.py::test_build_f0010_context_and_rank|tests/test_f0011_integrated.py::test_fan_proxy_and_baseline_compat,,RULE-005|STATE-011,NONE,规范要求逐座剩余摸牌机会与轮转重算，旧逻辑未形成独立算法,缺少锁定单元的直接测试及四类验收证据,NONE,MEDIUM,HIGH,B2-DETERMINISTIC-COMPLETION,ALGO-007|HEUR-009,engine/blood_battle.py::active_seats|engine/blood_battle.py::next_active|engine/orchestrator.py::next_active|engine/session.py::apply_action|main.py::GameSession|players/analysis/danger.py::rate_discard_danger|players/analysis/discard_accuracy.py::estimate_opponents|players/analysis/pipeline.py::danger_map_for_tiles|players/analysis/pipeline.py::estimate_opponents|players/humanlike/belief.py::PublicBelief|players/humanlike/player.py::build_decision_context|players/humanlike/player.py::build_public_belief|players/humanlike/view.py::PlayerViewV2|protocols/player_view_builder.py::PlayerViewV2|protocols/player_view_v2.py::freeze_mapping|protocols/view_filter.py::PlayerViewBuilder|protocols/view_filter.py::build_legacy_dict|training/env.py::encode_observation_v2|training/env.py::next_active,AU-023 人类化决策规则：第 7—14 章 / 7.15 活牌与摸牌机会；AU-030 人类化决策规则：第 7—14 章 / 8.9 剩余机会；AU-053 程序实现规范：第 0—10 章 / 2. IR-001～018；AU-076 程序实现规范：第 0—10 章 / 10.6–10.9 注意/记忆/摸牌/Q→03-unit-specs/deterministic_algorithm_scoring_specs.md→engine/analysis→engine/blood_battle.py::active_seats|engine/blood_battle.py::next_active|engine/orchestrator.py::next_active|engine/session.py::apply_action|main.py::GameSession|players/analysis/danger.py::rate_discard_danger|players/analysis/discard_accuracy.py::estimate_opponents|players/analysis/pipeline.py::danger_map_for_tiles|players/analysis/pipeline.py::estimate_opponents|players/humanlike/belief.py::PublicBelief|players/humanlike/player.py::build_decision_context|players/humanlike/player.py::build_public_belief|players/humanlike/view.py::PlayerViewV2|protocols/player_view_builder.py::PlayerViewV2|protocols/player_view_v2.py::freeze_mapping|protocols/view_filter.py::PlayerViewBuilder|protocols/view_filter.py::build_legacy_dict|training/env.py::encode_observation_v2|training/env.py::next_active,True,True,False,True,False,NONE
ALGO-006,mandatory 分类、候选上限与稳定排序,ALGO,ATOMIC,PARTIAL,AUDITED,AU-001 人类化决策规则：第 0—6 章 / 0. 范围与合法性优先；AU-035 人类化决策规则：第 7—14 章 / 9.5 摸牌后判断；AU-053 程序实现规范：第 0—10 章 / 2. IR-001～018；AU-059 程序实现规范：第 0—10 章 / 3.5 Human-like Policy；AU-073 程序实现规范：第 0—10 章 / 9. AI 决策管线,03-unit-specs/deterministic_algorithm_scoring_specs.md,engine/legal.py::action_in_legal|engine/legal.py::legal_actions|engine/legal.py::legal_discards|engine/orchestrator.py::PlayerGameRunner|engine/orchestrator.py::_play_seat_action|engine/orchestrator.py::run|players/humanlike/candidates.py::CandidateSet|players/humanlike/candidates.py::build_candidates|players/humanlike/candidates.py::stable_action_key|players/humanlike/player.py::HumanlikeV2Player|players/humanlike/player.py::decide|players/humanlike/player.py::observe|players/humanlike/policy.py::CognitiveDecision|players/humanlike/policy.py::select_cognitively|players/humanlike/view.py::DecisionContext|players/humanlike/view.py::build_decision_context|protocols/player_view_builder.py::PlayerViewBuilder|protocols/player_view_builder.py::build|protocols/player_view_builder.py::build_legacy_dict|protocols/player_view_v2.py::PlayerViewV2|protocols/player_view_v2.py::freeze_mapping|protocols/player_view_v2.py::thaw,tests/humanlike_v2/test_cognition.py::test_bounded_noise_is_reproducible_and_stays_in_near_pool|tests/humanlike_v2/test_cognition.py::test_clear_score_gap_disables_noise_and_think_time_is_bounded|tests/humanlike_v2/test_cognition.py::test_mandatory_action_never_consumes_rng|tests/humanlike_v2/test_cognition.py::test_player_emits_trace_v2_and_cognitive_rp_slots|tests/humanlike_v2/test_deterministic_policy.py::test_context_rejects_wrong_view_version_and_seat|tests/humanlike_v2/test_deterministic_policy.py::test_evaluation_is_repeatable_and_rng_free|tests/humanlike_v2/test_deterministic_policy.py::test_hidden_opponent_hands_cannot_change_decision|tests/humanlike_v2/test_deterministic_policy.py::test_mandatory_hu_survives_candidate_cap|tests/humanlike_v2/test_deterministic_policy.py::test_player_dingque_and_trace_are_deterministic|tests/humanlike_v2/test_deterministic_policy.py::test_stable_action_key_is_explicit|tests/humanlike_v2/test_humanlike_player_integration.py::test_humanlike_self_play_has_no_policy_crash_or_full_state_channel|tests/humanlike_v2/test_humanlike_player_integration.py::test_registry_exposes_humanlike_without_changing_old_defaults|tests/humanlike_v2/test_humanlike_player_integration.py::test_same_game_produces_same_decision_histories|tests/humanlike_v2/test_player_view_v2.py::test_gp021_all_visibility_fields_have_hidden_partial_exact_contracts|tests/humanlike_v2/test_player_view_v2.py::test_gp021_wall_and_concealed_gang_visibility_modes|tests/humanlike_v2/test_player_view_v2.py::test_v2_whitelist_hides_opponents_wall_and_sentinel|tests/test_analysis.py::test_an03_strategy_best_min_shanten|tests/test_session_scores.py::test_second_hand_starts_from_previous_totals|tests/test_session_scores.py::test_starting_scores_applied_at_run_start,,RULE-001|STATE-009,NONE,存在复合旧实现候选，但未隔离为v3单元，schema/错误/参数/状态/审计绑定及生产trace未按锁定规格核验,缺少锁定单元的直接测试及四类验收证据,NONE,HIGH,MEDIUM,B1-DETERMINISTIC-KERNEL,HEUR-021|HEUR-023|STATE-012,display/app.py::PlayerGameRunner|engine/blood_battle.py::action_in_legal|engine/legal.py::legal_discards|engine/orchestrator.py::PlayerGameRunner|engine/orchestrator.py::_play_seat_action|engine/orchestrator.py::action_in_legal|main.py::PlayerGameRunner|main.py::_play_seat_action|players/humanlike/attention.py::stable_action_key|players/humanlike/audit_replay.py::HumanlikeV2Player|players/humanlike/player.py::build_candidates|players/humanlike/player.py::build_decision_context|players/humanlike/player.py::select_cognitively|players/humanlike/policy.py::CognitiveDecision|players/humanlike/view.py::PlayerViewV2|protocols/player_view_builder.py::PlayerViewV2|protocols/player_view_v2.py::freeze_mapping|protocols/view_filter.py::PlayerViewBuilder|protocols/view_filter.py::build_legacy_dict|training/env.py::action_in_legal,AU-001 人类化决策规则：第 0—6 章 / 0. 范围与合法性优先；AU-035 人类化决策规则：第 7—14 章 / 9.5 摸牌后判断；AU-053 程序实现规范：第 0—10 章 / 2. IR-001～018；AU-059 程序实现规范：第 0—10 章 / 3.5 Human-like Policy；AU-073 程序实现规范：第 0—10 章 / 9. AI 决策管线→03-unit-specs/deterministic_algorithm_scoring_specs.md→engine/analysis→display/app.py::PlayerGameRunner|engine/blood_battle.py::action_in_legal|engine/legal.py::legal_discards|engine/orchestrator.py::PlayerGameRunner|engine/orchestrator.py::_play_seat_action|engine/orchestrator.py::action_in_legal|main.py::PlayerGameRunner|main.py::_play_seat_action|players/humanlike/attention.py::stable_action_key|players/humanlike/audit_replay.py::HumanlikeV2Player|players/humanlike/player.py::build_candidates|players/humanlike/player.py::build_decision_context|players/humanlike/player.py::select_cognitively|players/humanlike/policy.py::CognitiveDecision|players/humanlike/view.py::PlayerViewV2|protocols/player_view_builder.py::PlayerViewV2|protocols/player_view_v2.py::freeze_mapping|protocols/view_filter.py::PlayerViewBuilder|protocols/view_filter.py::build_legacy_dict|training/env.py::action_in_legal,True,True,False,True,False,NONE
ALGO-007,六分量候选 Q 评价,ALGO,ATOMIC,PARTIAL,AUDITED,AU-049 人类化决策规则：第 15—18 章与参数 / 18. Q 评价；AU-059 程序实现规范：第 0—10 章 / 3.5 Human-like Policy；AU-073 程序实现规范：第 0—10 章 / 9. AI 决策管线；AU-076 程序实现规范：第 0—10 章 / 10.6–10.9 注意/记忆/摸牌/Q,03-unit-specs/deterministic_algorithm_scoring_specs.md,engine/legal.py::action_in_legal|engine/legal.py::legal_actions|engine/legal.py::legal_discards|players/humanlike/candidates.py::CandidateSet|players/humanlike/candidates.py::build_candidates|players/humanlike/candidates.py::stable_action_key|players/humanlike/player.py::HumanlikeV2Player|players/humanlike/player.py::decide|players/humanlike/player.py::observe|players/humanlike/policy.py::CognitiveDecision|players/humanlike/policy.py::select_cognitively|players/humanlike/runtime.py::RoundRuntime|players/humanlike/runtime.py::apply_event|players/humanlike/runtime.py::create_round|protocols/player_view_builder.py::PlayerViewBuilder|protocols/player_view_builder.py::build|training/observations_v2.py::encode_observation_v2|training/observations_v2.py::flatten_observation_v2,tests/humanlike_v2/test_cognition.py::test_bounded_noise_is_reproducible_and_stays_in_near_pool|tests/humanlike_v2/test_cognition.py::test_clear_score_gap_disables_noise_and_think_time_is_bounded|tests/humanlike_v2/test_cognition.py::test_mandatory_action_never_consumes_rng|tests/humanlike_v2/test_cognition.py::test_player_emits_trace_v2_and_cognitive_rp_slots|tests/humanlike_v2/test_deterministic_policy.py::test_evaluation_is_repeatable_and_rng_free|tests/humanlike_v2/test_deterministic_policy.py::test_hidden_opponent_hands_cannot_change_decision|tests/humanlike_v2/test_deterministic_policy.py::test_mandatory_hu_survives_candidate_cap|tests/humanlike_v2/test_deterministic_policy.py::test_player_dingque_and_trace_are_deterministic|tests/humanlike_v2/test_deterministic_policy.py::test_stable_action_key_is_explicit|tests/humanlike_v2/test_humanlike_player_integration.py::test_registry_exposes_humanlike_without_changing_old_defaults|tests/humanlike_v2/test_player_view_v2.py::test_gp021_all_visibility_fields_have_hidden_partial_exact_contracts|tests/humanlike_v2/test_player_view_v2.py::test_gp021_wall_and_concealed_gang_visibility_modes|tests/humanlike_v2/test_player_view_v2.py::test_v2_whitelist_hides_opponents_wall_and_sentinel|tests/humanlike_v2/test_runtime.py::test_event_decision_and_finalize_lifecycle|tests/humanlike_v2/test_runtime.py::test_unknown_rp_and_invalid_transition_fail|tests/humanlike_v2/test_training_contract_v2.py::test_v2_observation_shapes_and_no_hidden_fields|tests/test_analysis.py::test_an03_strategy_best_min_shanten,,ALGO-002|ALGO-003|ALGO-005|STATE-010,NONE,规范冻结六分量Q及公式等级，旧评价器权重/中间量不等价,缺少锁定单元的直接测试及四类验收证据,NONE,MEDIUM,HIGH,B2-DETERMINISTIC-COMPLETION,AUDIT-002|HEUR-010|HEUR-021|HEUR-023,engine/blood_battle.py::action_in_legal|engine/legal.py::legal_discards|engine/orchestrator.py::action_in_legal|players/humanlike/attention.py::stable_action_key|players/humanlike/audit_replay.py::HumanlikeV2Player|players/humanlike/player.py::build_candidates|players/humanlike/player.py::select_cognitively|players/humanlike/policy.py::CognitiveDecision|training/env.py::action_in_legal|training/env.py::encode_observation_v2,AU-049 人类化决策规则：第 15—18 章与参数 / 18. Q 评价；AU-059 程序实现规范：第 0—10 章 / 3.5 Human-like Policy；AU-073 程序实现规范：第 0—10 章 / 9. AI 决策管线；AU-076 程序实现规范：第 0—10 章 / 10.6–10.9 注意/记忆/摸牌/Q→03-unit-specs/deterministic_algorithm_scoring_specs.md→engine/analysis→engine/blood_battle.py::action_in_legal|engine/legal.py::legal_discards|engine/orchestrator.py::action_in_legal|players/humanlike/attention.py::stable_action_key|players/humanlike/audit_replay.py::HumanlikeV2Player|players/humanlike/player.py::build_candidates|players/humanlike/player.py::select_cognitively|players/humanlike/policy.py::CognitiveDecision|training/env.py::action_in_legal|training/env.py::encode_observation_v2,True,True,False,True,False,NONE
ALGO-008,seed、噪声、思考时间与随机流确定派生,ALGO,ATOMIC_FACADE_INTERNAL_SPLIT_REVIEW,PARTIAL,AUDITED,AU-042 人类化决策规则：第 7—14 章 / 14. 有限认知；AU-073 程序实现规范：第 0—10 章 / 9. AI 决策管线；AU-084 程序实现规范：第 11—19 章 / 12.3 确定性回放,03-unit-specs/deterministic_algorithm_scoring_specs.md,engine/legal.py::action_in_legal|engine/legal.py::legal_actions|engine/legal.py::legal_discards|engine/session.py::GameSession|engine/session.py::apply|engine/session.py::play_random_game|players/base_player.py::BasePlayer|players/base_player.py::observe|players/humanlike/candidates.py::CandidateSet|players/humanlike/candidates.py::build_candidates|players/humanlike/candidates.py::stable_action_key|players/humanlike/runtime.py::RoundRuntime|players/humanlike/runtime.py::apply_event|players/humanlike/runtime.py::create_round|protocols/player_view_builder.py::PlayerViewBuilder|protocols/player_view_builder.py::build,tests/humanlike_v2/test_deterministic_policy.py::test_evaluation_is_repeatable_and_rng_free|tests/humanlike_v2/test_deterministic_policy.py::test_mandatory_hu_survives_candidate_cap|tests/humanlike_v2/test_deterministic_policy.py::test_stable_action_key_is_explicit|tests/humanlike_v2/test_player_view_v2.py::test_gp021_all_visibility_fields_have_hidden_partial_exact_contracts|tests/humanlike_v2/test_player_view_v2.py::test_gp021_wall_and_concealed_gang_visibility_modes|tests/humanlike_v2/test_player_view_v2.py::test_v2_whitelist_hides_opponents_wall_and_sentinel|tests/humanlike_v2/test_runtime.py::test_event_decision_and_finalize_lifecycle|tests/humanlike_v2/test_runtime.py::test_unknown_rp_and_invalid_transition_fail|tests/test_analysis.py::test_an03_strategy_best_min_shanten|tests/test_blood_battle.py::test_b10_random_games_terminate|tests/test_blood_battle.py::test_b11_more_random|tests/test_blood_battle.py::test_session_wrapper,,ALGO-011|STATE-009,REQUIRES_BOUNDARY_TEST,规范要求命名随机域、噪声和思考时间统一派生，旧RNG入口分散,缺少锁定单元的直接测试及四类验收证据,实现前需落实门面内职责分离，不改变已锁定外部语义,MEDIUM,HIGH,B2-DETERMINISTIC-COMPLETION,AUDIT-004|HEUR-017|HEUR-023,engine/blood_battle.py::action_in_legal|engine/legal.py::legal_discards|engine/orchestrator.py::GameSession|engine/orchestrator.py::action_in_legal|engine/session.py::GameSession|main.py::GameSession|players/analysis/predict_eval.py::GameSession|players/humanlike/attention.py::stable_action_key|players/humanlike/player.py::build_candidates|training/env.py::GameSession|training/env.py::action_in_legal,AU-042 人类化决策规则：第 7—14 章 / 14. 有限认知；AU-073 程序实现规范：第 0—10 章 / 9. AI 决策管线；AU-084 程序实现规范：第 11—19 章 / 12.3 确定性回放→03-unit-specs/deterministic_algorithm_scoring_specs.md→engine/analysis→engine/blood_battle.py::action_in_legal|engine/legal.py::legal_discards|engine/orchestrator.py::GameSession|engine/orchestrator.py::action_in_legal|engine/session.py::GameSession|main.py::GameSession|players/analysis/predict_eval.py::GameSession|players/humanlike/attention.py::stable_action_key|players/humanlike/player.py::build_candidates|training/env.py::GameSession|training/env.py::action_in_legal,True,True,False,True,False,随机流派生、噪声与思考时间应共享种子契约但分离算法职责
ALGO-009,配置类型/范围/版本校验、迁移与 canonical hash,ALGO,ATOMIC,PARTIAL,AUDITED,AU-004 人类化决策规则：第 0—6 章 / 2. 学习规则；AU-045 人类化决策规则：第 15—18 章与参数 / 17. GP 注册；AU-048 人类化决策规则：第 15—18 章与参数 / 18. 数值校验；AU-051 程序实现规范：第 0—10 章 / 0–1. 版本与源绑定；AU-069 程序实现规范：第 0—10 章 / 5. 配置模型；AU-095 程序实现规范：第 11—19 章 / 18. 版本/兼容,03-unit-specs/deterministic_algorithm_scoring_specs.md,engine/persistence.py::load_game|engine/persistence.py::save_game|players/humanlike/cognition.py::CognitiveState|players/humanlike/cognition.py::begin_new_round|players/humanlike/config.py::HumanlikeConfig|players/humanlike/config.py::_validate_global_parameters|players/humanlike/config.py::load_config|players/humanlike/traceability.py::ParameterTrace|players/humanlike/traceability.py::_gp_consumer|players/humanlike/traceability.py::_rp_consumer,tests/humanlike_v2/test_cognition.py::test_bounded_noise_is_reproducible_and_stays_in_near_pool|tests/humanlike_v2/test_cognition.py::test_round_reset_keeps_only_bounded_public_impressions|tests/humanlike_v2/test_config.py::test_default_has_all_gp_profiles_and_stable_hash|tests/humanlike_v2/test_config.py::test_hash_ignores_json_format_and_key_order|tests/humanlike_v2/test_config.py::test_invalid_range_fails|tests/humanlike_v2/test_config.py::test_missing_gp_fails|tests/humanlike_v2/test_config.py::test_missing_player_cognitive_gp_fails|tests/humanlike_v2/test_config.py::test_non_normalized_weights_fail|tests/humanlike_v2/test_config.py::test_player_cognitive_parameters_are_independent|tests/humanlike_v2/test_config.py::test_unknown_version_fails,,STATE-010,REQUIRES_BOUNDARY_TEST,规范要求60参数类型/范围/迁移/canonical hash统一门禁，旧配置只覆盖子集,缺少锁定单元的直接测试及四类验收证据,NONE,HIGH,HIGH,B1-DETERMINISTIC-KERNEL,AUDIT-011|RULE-001|STATE-001|STATE-007,engine/orchestrator.py::save_game|main.py::load_game|players/humanlike/config.py::HumanlikeConfig|players/humanlike/config.py::_validate_global_parameters|players/humanlike/player.py::load_config|players/humanlike/settings_service.py::load_config|players/humanlike/traceability.py::ParameterTrace|players/humanlike/traceability.py::_gp_consumer,AU-004 人类化决策规则：第 0—6 章 / 2. 学习规则；AU-045 人类化决策规则：第 15—18 章与参数 / 17. GP 注册；AU-048 人类化决策规则：第 15—18 章与参数 / 18. 数值校验；AU-051 程序实现规范：第 0—10 章 / 0–1. 版本与源绑定；AU-069 程序实现规范：第 0—10 章 / 5. 配置模型；AU-095 程序实现规范：第 11—19 章 / 18. 版本/兼容→03-unit-specs/deterministic_algorithm_scoring_specs.md→engine/analysis→engine/orchestrator.py::save_game|main.py::load_game|players/humanlike/config.py::HumanlikeConfig|players/humanlike/config.py::_validate_global_parameters|players/humanlike/player.py::load_config|players/humanlike/settings_service.py::load_config|players/humanlike/traceability.py::ParameterTrace|players/humanlike/traceability.py::_gp_consumer,True,True,False,True,False,NONE
ALGO-010,PlayerView 白名单构建,ALGO,ATOMIC,AUDITED,AUDITED,AU-002 人类化决策规则：第 0—6 章 / 0. 可见信息边界；AU-058 程序实现规范：第 0—10 章 / 3.4 Player View,03-unit-specs/deterministic_algorithm_scoring_specs.md,protocols/player_view_builder.py:PlayerViewBuilder.build,tests/spec_v3/test_algo_010.py;player_view_v2 tests,task15_evidence/pilot_runtime.jsonl;43-decision replay,RULE-016|STATE-002,REQUIRES_BOUNDARY_TEST,NONE,NONE,NONE,MEDIUM,MEDIUM,B0-PILOT-ACCEPTANCE,AUDIT-013|STATE-005|TRAIN-002,players/humanlike/player.py::build_decision_context|players/humanlike/view.py::PlayerViewV2|protocols/player_view_builder.py::PlayerViewV2|protocols/player_view_v2.py::freeze_mapping|protocols/view_filter.py::PlayerViewBuilder|protocols/view_filter.py::build_legacy_dict,AU-002/058→ALGO-010→builder→tests→runtime,True,True,True,True,False,NONE
ALGO-011,game_id 到牌墙、骰子及子随机流的确定映射,ALGO,ATOMIC,PARTIAL,AUDITED,实现规范 §12.3；规则文档 §14.10–14.11,03-unit-specs/deterministic_algorithm_scoring_specs.md,engine/game_id.py::master_seed_from_game_id|engine/game_id.py::derive_seeds,tests/test_game_id_repro.py::test_t03_same_game_id_same_seeds|tests/test_game_id_repro.py::test_t04_different_game_id_different_master|tests/test_game_id_repro.py::test_t06_deal_reproducible|tests/test_game_id_repro.py::test_t11_exchange_seed_derived_and_distinct,,STATE-010,REQUIRES_BOUNDARY_TEST,规范要求game_id派生全部命名子流，旧实现仅固定少量seed,缺少锁定单元的直接测试及四类验收证据,NONE,HIGH,HIGH,B1-DETERMINISTIC-KERNEL,ALGO-008|AUDIT-007|STATE-001|STATE-011|TRAIN-009,engine/deal.py::derive_seeds|engine/orchestrator.py::create_dealt_game,实现规范 §12.3；规则文档 §14.10–14.11→03-unit-specs/deterministic_algorithm_scoring_specs.md→engine/analysis→engine/deal.py::derive_seeds|engine/orchestrator.py::create_dealt_game,True,True,False,True,False,NONE
HEUR-001,换三张候选评价,HEUR,ATOMIC,PARTIAL,AUDITED,AU-011 人类化决策规则：第 0—6 章 / 5. 换牌策略,03-unit-specs/human_heuristic_specs.md,engine/exchange.py::resolve_exchange_tiles|engine/exchange.py::validate_exchange_tiles|engine/shanten.py::shanten|engine/win_check.py::WinCheckResult|engine/win_check.py::WinForm|players/humanlike/hand_analyzer.py::HandFeatures|players/humanlike/hand_analyzer.py::analyze_action|players/humanlike/hand_analyzer.py::visible_hand,tests/test_shanten.py::test_s01_tenpai_shanten_0|tests/test_shanten.py::test_s02_winning_standard_shanten_neg1|tests/test_shanten.py::test_s03_seven_pairs_tenpai|tests/test_shanten.py::test_s04_dingque_raises_shanten|tests/test_win_fan.py::test_w01_standard_win|tests/test_win_fan.py::test_w02_seven_pairs,,RULE-002|ALGO-002|ALGO-003,REQUIRES_BOUNDARY_TEST,存在复合旧实现候选，但未隔离为v3单元，schema/错误/参数/状态/审计绑定及生产trace未按锁定规格核验,缺少锁定单元的直接测试及四类验收证据,NONE,MEDIUM,MEDIUM,B3-HEURISTICS,AUDIT-006,engine/score.py::shanten|players/humanlike/evaluator.py::analyze_action|players/humanlike/evaluator.py::visible_hand|players/humanlike/hand_analyzer.py::HandFeatures|players/humanlike/hand_analyzer.py::visible_hand|players/humanlike/player.py::analyze_action,AU-011 人类化决策规则：第 0—6 章 / 5. 换牌策略→03-unit-specs/human_heuristic_specs.md→players/humanlike→engine/score.py::shanten|players/humanlike/evaluator.py::analyze_action|players/humanlike/evaluator.py::visible_hand|players/humanlike/hand_analyzer.py::HandFeatures|players/humanlike/hand_analyzer.py::visible_hand|players/humanlike/player.py::analyze_action,True,True,False,True,False,NONE
HEUR-002,定缺花色评价,HEUR,ATOMIC,PARTIAL,AUDITED,AU-012 人类化决策规则：第 0—6 章 / 6. 定缺选择,03-unit-specs/human_heuristic_specs.md,engine/opening.py::begin_opening|engine/opening.py::submit_exchange|engine/shanten.py::shanten|engine/win_check.py::WinCheckResult|engine/win_check.py::WinForm|players/humanlike/hand_analyzer.py::HandFeatures|players/humanlike/hand_analyzer.py::analyze_action|players/humanlike/hand_analyzer.py::visible_hand,tests/test_exchange_dingque.py::test_human_face_exchange_resolves_to_physical_tiles|tests/test_exchange_dingque.py::test_t03_full_exchange_to_dingque|tests/test_exchange_dingque.py::test_t04_multiset_transfer|tests/test_exchange_dingque.py::test_t05_illegal_exchange|tests/test_exchange_dingque.py::test_t06_overwrite_pending|tests/test_exchange_dingque.py::test_t07_fixed_clockwise|tests/test_exchange_dingque.py::test_t09_dingque_overwrite|tests/test_exchange_dingque.py::test_wrong_phase_ops,,RULE-003|ALGO-002,REQUIRES_BOUNDARY_TEST,存在复合旧实现候选，但未隔离为v3单元，schema/错误/参数/状态/审计绑定及生产trace未按锁定规格核验,缺少锁定单元的直接测试及四类验收证据,NONE,MEDIUM,MEDIUM,B3-HEURISTICS,AUDIT-006,engine/score.py::shanten|players/humanlike/evaluator.py::analyze_action|players/humanlike/evaluator.py::visible_hand|players/humanlike/hand_analyzer.py::HandFeatures|players/humanlike/hand_analyzer.py::visible_hand|players/humanlike/player.py::analyze_action,AU-012 人类化决策规则：第 0—6 章 / 6. 定缺选择→03-unit-specs/human_heuristic_specs.md→players/humanlike→engine/score.py::shanten|players/humanlike/evaluator.py::analyze_action|players/humanlike/evaluator.py::visible_hand|players/humanlike/hand_analyzer.py::HandFeatures|players/humanlike/hand_analyzer.py::visible_hand|players/humanlike/player.py::analyze_action,True,True,False,True,False,NONE
HEUR-003,动态风格调节,HEUR,ATOMIC,PARTIAL,AUDITED,AU-004 人类化决策规则：第 0—6 章 / 2. 学习规则；AU-005 人类化决策规则：第 0—6 章 / 2. 风格动态变化；AU-020 人类化决策规则：第 7—14 章 / 7.11 玩家风格/水平,03-unit-specs/human_heuristic_specs.md,players/humanlike/cognition.py::CognitiveState|players/humanlike/cognition.py::begin_new_round|players/humanlike/config.py::HumanlikeConfig|players/humanlike/config.py::_validate_global_parameters|players/humanlike/config.py::load_config|players/humanlike/traceability.py::ParameterTrace|players/humanlike/traceability.py::_gp_consumer|players/humanlike/traceability.py::_rp_consumer,tests/humanlike_v2/test_cognition.py::test_bounded_noise_is_reproducible_and_stays_in_near_pool|tests/humanlike_v2/test_cognition.py::test_round_reset_keeps_only_bounded_public_impressions|tests/humanlike_v2/test_config.py::test_default_has_all_gp_profiles_and_stable_hash|tests/humanlike_v2/test_config.py::test_hash_ignores_json_format_and_key_order|tests/humanlike_v2/test_config.py::test_invalid_range_fails|tests/humanlike_v2/test_config.py::test_missing_gp_fails|tests/humanlike_v2/test_config.py::test_non_normalized_weights_fail|tests/humanlike_v2/test_config.py::test_unknown_version_fails,,STATE-001|STATE-010|HEUR-022,REQUIRES_BOUNDARY_TEST,存在复合旧实现候选，但未隔离为v3单元，schema/错误/参数/状态/审计绑定及生产trace未按锁定规格核验,缺少锁定单元的直接测试及四类验收证据,NONE,HIGH,MEDIUM,B3-HEURISTICS,AUDIT-006,players/humanlike/config.py::HumanlikeConfig|players/humanlike/config.py::_validate_global_parameters|players/humanlike/player.py::load_config|players/humanlike/settings_service.py::load_config|players/humanlike/traceability.py::ParameterTrace|players/humanlike/traceability.py::_gp_consumer,AU-004 人类化决策规则：第 0—6 章 / 2. 学习规则；AU-005 人类化决策规则：第 0—6 章 / 2. 风格动态变化；AU-020 人类化决策规则：第 7—14 章 / 7.11 玩家风格/水平→03-unit-specs/human_heuristic_specs.md→players/humanlike→players/humanlike/config.py::HumanlikeConfig|players/humanlike/config.py::_validate_global_parameters|players/humanlike/player.py::load_config|players/humanlike/settings_service.py::load_config|players/humanlike/traceability.py::ParameterTrace|players/humanlike/traceability.py::_gp_consumer,True,True,False,True,False,NONE
HEUR-004,初始做牌方向形成,HEUR,ATOMIC,PARTIAL,AUDITED,AU-008 人类化决策规则：第 0—6 章 / 4. 初始手牌整理；AU-014 人类化决策规则：第 7—14 章 / 7.1 做牌方向；AU-059 程序实现规范：第 0—10 章 / 3.5 Human-like Policy,03-unit-specs/human_heuristic_specs.md,engine/shanten.py::shanten|players/humanlike/cognition.py::CognitiveState|players/humanlike/cognition.py::begin_new_round|players/humanlike/cognition.py::update_memory|players/humanlike/hand_analyzer.py::analyze_action|players/humanlike/hand_analyzer.py::visible_hand|players/humanlike/plan.py::PlanSnapshot|players/humanlike/plan.py::choose_plan|players/humanlike/player.py::HumanlikeV2Player|players/humanlike/player.py::decide|players/humanlike/player.py::observe|players/humanlike/policy.py::CognitiveDecision|players/humanlike/policy.py::select_cognitively,tests/humanlike_v2/test_cognition.py::test_bounded_noise_is_reproducible_and_stays_in_near_pool|tests/humanlike_v2/test_cognition.py::test_clear_score_gap_disables_noise_and_think_time_is_bounded|tests/humanlike_v2/test_cognition.py::test_mandatory_action_never_consumes_rng|tests/humanlike_v2/test_cognition.py::test_player_emits_trace_v2_and_cognitive_rp_slots|tests/humanlike_v2/test_cognition.py::test_round_reset_keeps_only_bounded_public_impressions|tests/humanlike_v2/test_deterministic_policy.py::test_hidden_opponent_hands_cannot_change_decision|tests/humanlike_v2/test_deterministic_policy.py::test_player_dingque_and_trace_are_deterministic|tests/humanlike_v2/test_humanlike_player_integration.py::test_registry_exposes_humanlike_without_changing_old_defaults|tests/test_shanten.py::test_s01_tenpai_shanten_0|tests/test_shanten.py::test_s02_winning_standard_shanten_neg1|tests/test_shanten.py::test_s03_seven_pairs_tenpai|tests/test_shanten.py::test_s04_dingque_raises_shanten,,ALGO-002|HEUR-022,REQUIRES_BOUNDARY_TEST,存在复合旧实现候选，但未隔离为v3单元，schema/错误/参数/状态/审计绑定及生产trace未按锁定规格核验,缺少锁定单元的直接测试及四类验收证据,NONE,MEDIUM,MEDIUM,B3-HEURISTICS,HEUR-005,engine/score.py::shanten|engine/shanten.py::shanten|players/analysis/discard_accuracy.py::shanten|players/analysis/pipeline.py::shanten|players/analysis/strategy.py::shanten|players/humanlike/audit_replay.py::HumanlikeV2Player|players/humanlike/evaluator.py::choose_plan|players/humanlike/hand_analyzer.py::shanten|players/humanlike/plan.py::PlanSnapshot|players/humanlike/player.py::begin_new_round|players/humanlike/player.py::select_cognitively|players/humanlike/player.py::update_memory|players/humanlike/policy.py::CognitiveDecision,AU-008 人类化决策规则：第 0—6 章 / 4. 初始手牌整理；AU-014 人类化决策规则：第 7—14 章 / 7.1 做牌方向；AU-059 程序实现规范：第 0—10 章 / 3.5 Human-like Policy→03-unit-specs/human_heuristic_specs.md→players/humanlike→engine/score.py::shanten|engine/shanten.py::shanten|players/analysis/discard_accuracy.py::shanten|players/analysis/pipeline.py::shanten|players/analysis/strategy.py::shanten|players/humanlike/audit_replay.py::HumanlikeV2Player|players/humanlike/evaluator.py::choose_plan|players/humanlike/hand_analyzer.py::shanten|players/humanlike/plan.py::PlanSnapshot|players/humanlike/player.py::begin_new_round|players/humanlike/player.py::select_cognitively|players/humanlike/player.py::update_memory|players/humanlike/policy.py::CognitiveDecision,True,True,False,True,False,NONE
HEUR-005,主备计划生命周期,HEUR,ATOMIC,PARTIAL,AUDITED,AU-009 人类化决策规则：第 0—6 章 / 4. 初步计划可修正；AU-014 人类化决策规则：第 7—14 章 / 7.1 做牌方向；AU-017 人类化决策规则：第 7—14 章 / 7.4–7.8 动态调整；AU-025 人类化决策规则：第 7—14 章 / 7.17 主/备计划；AU-035 人类化决策规则：第 7—14 章 / 9.5 摸牌后判断；AU-059 程序实现规范：第 0—10 章 / 3.5 Human-like Policy,03-unit-specs/human_heuristic_specs.md,engine/orchestrator.py::PlayerGameRunner|engine/orchestrator.py::_play_seat_action|engine/orchestrator.py::run|players/analysis/danger.py::danger_map_for_tiles|players/analysis/danger.py::rate_discard_danger|players/analysis/opponent_model.py::estimate_opponents|players/humanlike/belief.py::PublicBelief|players/humanlike/belief.py::build_public_belief|players/humanlike/cognition.py::CognitiveState|players/humanlike/cognition.py::begin_new_round|players/humanlike/cognition.py::update_memory|players/humanlike/hand_analyzer.py::HandFeatures|players/humanlike/hand_analyzer.py::analyze_action|players/humanlike/hand_analyzer.py::visible_hand|players/humanlike/plan.py::PlanSnapshot|players/humanlike/plan.py::choose_plan|players/humanlike/player.py::HumanlikeV2Player|players/humanlike/player.py::decide|players/humanlike/player.py::observe|players/humanlike/policy.py::CognitiveDecision|players/humanlike/policy.py::select_cognitively,tests/humanlike_v2/test_cognition.py::test_bounded_noise_is_reproducible_and_stays_in_near_pool|tests/humanlike_v2/test_cognition.py::test_clear_score_gap_disables_noise_and_think_time_is_bounded|tests/humanlike_v2/test_cognition.py::test_mandatory_action_never_consumes_rng|tests/humanlike_v2/test_cognition.py::test_player_emits_trace_v2_and_cognitive_rp_slots|tests/humanlike_v2/test_cognition.py::test_round_reset_keeps_only_bounded_public_impressions|tests/humanlike_v2/test_deterministic_policy.py::test_evaluation_is_repeatable_and_rng_free|tests/humanlike_v2/test_deterministic_policy.py::test_hidden_opponent_hands_cannot_change_decision|tests/humanlike_v2/test_deterministic_policy.py::test_player_dingque_and_trace_are_deterministic|tests/humanlike_v2/test_deterministic_policy.py::test_public_belief_uses_only_visible_counts|tests/humanlike_v2/test_humanlike_player_integration.py::test_humanlike_self_play_has_no_policy_crash_or_full_state_channel|tests/humanlike_v2/test_humanlike_player_integration.py::test_registry_exposes_humanlike_without_changing_old_defaults|tests/humanlike_v2/test_humanlike_player_integration.py::test_same_game_produces_same_decision_histories|tests/test_discard_recommend.py::test_strategy_ranks_include_ukeire_tiles|tests/test_f0011_integrated.py::test_build_f0010_context_and_rank|tests/test_f0011_integrated.py::test_fan_proxy_and_baseline_compat|tests/test_session_scores.py::test_second_hand_starts_from_previous_totals|tests/test_session_scores.py::test_starting_scores_applied_at_run_start,,HEUR-004|STATE-006,REQUIRES_BOUNDARY_TEST,存在复合旧实现候选，但未隔离为v3单元，schema/错误/参数/状态/审计绑定及生产trace未按锁定规格核验,缺少锁定单元的直接测试及四类验收证据,NONE,MEDIUM,MEDIUM,B3-HEURISTICS,HEUR-010|HEUR-014,display/app.py::PlayerGameRunner|engine/orchestrator.py::PlayerGameRunner|engine/orchestrator.py::_play_seat_action|main.py::PlayerGameRunner|main.py::_play_seat_action|players/analysis/danger.py::rate_discard_danger|players/analysis/discard_accuracy.py::estimate_opponents|players/analysis/pipeline.py::danger_map_for_tiles|players/analysis/pipeline.py::estimate_opponents|players/humanlike/audit_replay.py::HumanlikeV2Player|players/humanlike/belief.py::PublicBelief|players/humanlike/evaluator.py::choose_plan|players/humanlike/plan.py::PlanSnapshot|players/humanlike/player.py::begin_new_round|players/humanlike/player.py::build_public_belief|players/humanlike/player.py::select_cognitively|players/humanlike/player.py::update_memory|players/humanlike/policy.py::CognitiveDecision,AU-009 人类化决策规则：第 0—6 章 / 4. 初步计划可修正；AU-014 人类化决策规则：第 7—14 章 / 7.1 做牌方向；AU-017 人类化决策规则：第 7—14 章 / 7.4–7.8 动态调整；AU-025 人类化决策规则：第 7—14 章 / 7.17 主/备计划；AU-035 人类化决策规则：第 7—14 章 / 9.5 摸牌后判断；AU-059 程序实现规范：第 0—10 章 / 3.5 Human-like Policy→03-unit-specs/human_heuristic_specs.md→players/humanlike→display/app.py::PlayerGameRunner|engine/orchestrator.py::PlayerGameRunner|engine/orchestrator.py::_play_seat_action|main.py::PlayerGameRunner|main.py::_play_seat_action|players/analysis/danger.py::rate_discard_danger|players/analysis/discard_accuracy.py::estimate_opponents|players/analysis/pipeline.py::danger_map_for_tiles|players/analysis/pipeline.py::estimate_opponents|players/humanlike/audit_replay.py::HumanlikeV2Player|players/humanlike/belief.py::PublicBelief|players/humanlike/evaluator.py::choose_plan|players/humanlike/plan.py::PlanSnapshot|players/humanlike/player.py::begin_new_round|players/humanlike/player.py::build_public_belief|players/humanlike/player.py::select_cognitively|players/humanlike/player.py::update_memory|players/humanlike/policy.py::CognitiveDecision,True,True,False,True,False,NONE
HEUR-006,定缺花色环境评估,HEUR,ATOMIC,PARTIAL,AUDITED,AU-015 人类化决策规则：第 7—14 章 / 7.2 花色环境,03-unit-specs/human_heuristic_specs.md,players/humanlike/view.py::DecisionContext|players/humanlike/view.py::build_decision_context|protocols/player_view_builder.py::PlayerViewBuilder|protocols/player_view_builder.py::build|protocols/player_view_builder.py::build_legacy_dict|protocols/player_view_v2.py::PlayerViewV2|protocols/player_view_v2.py::freeze_mapping|protocols/player_view_v2.py::thaw,tests/humanlike_v2/test_deterministic_policy.py::test_context_rejects_wrong_view_version_and_seat|tests/humanlike_v2/test_player_view_v2.py::test_gp021_all_visibility_fields_have_hidden_partial_exact_contracts|tests/humanlike_v2/test_player_view_v2.py::test_gp021_wall_and_concealed_gang_visibility_modes|tests/humanlike_v2/test_player_view_v2.py::test_v2_whitelist_hides_opponents_wall_and_sentinel,,STATE-005,REQUIRES_BOUNDARY_TEST,存在复合旧实现候选，但未隔离为v3单元，schema/错误/参数/状态/审计绑定及生产trace未按锁定规格核验,缺少锁定单元的直接测试及四类验收证据,NONE,MEDIUM,MEDIUM,B3-HEURISTICS,HEUR-007,players/humanlike/player.py::build_decision_context|players/humanlike/view.py::PlayerViewV2|protocols/player_view_builder.py::PlayerViewV2|protocols/player_view_v2.py::freeze_mapping|protocols/view_filter.py::PlayerViewBuilder|protocols/view_filter.py::build_legacy_dict,AU-015 人类化决策规则：第 7—14 章 / 7.2 花色环境→03-unit-specs/human_heuristic_specs.md→players/humanlike→players/humanlike/player.py::build_decision_context|players/humanlike/view.py::PlayerViewV2|protocols/player_view_builder.py::PlayerViewV2|protocols/player_view_v2.py::freeze_mapping|protocols/view_filter.py::PlayerViewBuilder|protocols/view_filter.py::build_legacy_dict,True,True,False,True,False,NONE
HEUR-007,公开事件驱动的逐家方向更新,HEUR,ATOMIC,PARTIAL,AUDITED,AU-017 人类化决策规则：第 7—14 章 / 7.4–7.8 动态调整；AU-026 人类化决策规则：第 7—14 章 / 8.1–8.4 算牌顺序,03-unit-specs/human_heuristic_specs.md,engine/blood_battle.py::active_seats|engine/blood_battle.py::apply_action|engine/blood_battle.py::next_active|engine/orchestrator.py::PlayerGameRunner|engine/orchestrator.py::run|engine/session.py::GameSession|engine/session.py::apply|engine/session.py::play_random_game|players/analysis/danger.py::danger_map_for_tiles|players/analysis/danger.py::rate_discard_danger|players/analysis/opponent_model.py::estimate_opponents|players/humanlike/belief.py::PublicBelief|players/humanlike/belief.py::build_public_belief|players/humanlike/hand_analyzer.py::HandFeatures|players/humanlike/hand_analyzer.py::analyze_action|players/humanlike/hand_analyzer.py::visible_hand,tests/humanlike_v2/test_deterministic_policy.py::test_evaluation_is_repeatable_and_rng_free|tests/humanlike_v2/test_deterministic_policy.py::test_public_belief_uses_only_visible_counts|tests/humanlike_v2/test_humanlike_player_integration.py::test_humanlike_self_play_has_no_policy_crash_or_full_state_channel|tests/humanlike_v2/test_humanlike_player_integration.py::test_same_game_produces_same_decision_histories|tests/test_blood_battle.py::test_b02_discard_pass_cycle|tests/test_blood_battle.py::test_b10_random_games_terminate|tests/test_blood_battle.py::test_b11_more_random|tests/test_blood_battle.py::test_blood_battle_continues_after_first_hu|tests/test_blood_battle.py::test_force_complete_response_unblocks|tests/test_blood_battle.py::test_illegal_action|tests/test_discard_recommend.py::test_strategy_ranks_include_ukeire_tiles|tests/test_f0011_integrated.py::test_build_f0010_context_and_rank|tests/test_f0011_integrated.py::test_fan_proxy_and_baseline_compat,,HEUR-006|STATE-005|MODEL-001,REQUIRES_BOUNDARY_TEST,存在复合旧实现候选，但未隔离为v3单元，schema/错误/参数/状态/审计绑定及生产trace未按锁定规格核验,缺少锁定单元的直接测试及四类验收证据,NONE,MEDIUM,MEDIUM,B3-HEURISTICS,AUDIT-006,engine/blood_battle.py::active_seats|engine/blood_battle.py::next_active|engine/orchestrator.py::next_active|engine/session.py::apply_action|main.py::GameSession|players/analysis/danger.py::rate_discard_danger|players/analysis/discard_accuracy.py::estimate_opponents|players/analysis/pipeline.py::danger_map_for_tiles|players/analysis/pipeline.py::estimate_opponents|players/humanlike/belief.py::PublicBelief|players/humanlike/player.py::build_public_belief|training/env.py::next_active,AU-017 人类化决策规则：第 7—14 章 / 7.4–7.8 动态调整；AU-026 人类化决策规则：第 7—14 章 / 8.1–8.4 算牌顺序→03-unit-specs/human_heuristic_specs.md→players/humanlike→engine/blood_battle.py::active_seats|engine/blood_battle.py::next_active|engine/orchestrator.py::next_active|engine/session.py::apply_action|main.py::GameSession|players/analysis/danger.py::rate_discard_danger|players/analysis/discard_accuracy.py::estimate_opponents|players/analysis/pipeline.py::danger_map_for_tiles|players/analysis/pipeline.py::estimate_opponents|players/humanlike/belief.py::PublicBelief|players/humanlike/player.py::build_public_belief|training/env.py::next_active,True,True,False,True,False,NONE
HEUR-008,整场比分与剩余局效用调节,HEUR,ATOMIC,PARTIAL,AUDITED,AU-019 人类化决策规则：第 7—14 章 / 7.10 比分/剩余局,03-unit-specs/human_heuristic_specs.md,players/humanlike/cognition.py::CognitiveState|players/humanlike/cognition.py::begin_new_round|players/humanlike/config.py::HumanlikeConfig|players/humanlike/config.py::_validate_global_parameters|players/humanlike/config.py::load_config|players/humanlike/traceability.py::ParameterTrace|players/humanlike/traceability.py::_gp_consumer|players/humanlike/traceability.py::_rp_consumer,tests/humanlike_v2/test_cognition.py::test_bounded_noise_is_reproducible_and_stays_in_near_pool|tests/humanlike_v2/test_cognition.py::test_round_reset_keeps_only_bounded_public_impressions|tests/humanlike_v2/test_config.py::test_default_has_all_gp_profiles_and_stable_hash|tests/humanlike_v2/test_config.py::test_hash_ignores_json_format_and_key_order|tests/humanlike_v2/test_config.py::test_invalid_range_fails|tests/humanlike_v2/test_config.py::test_missing_gp_fails|tests/humanlike_v2/test_config.py::test_non_normalized_weights_fail|tests/humanlike_v2/test_config.py::test_unknown_version_fails,,STATE-001|SCORE-006,REQUIRES_BOUNDARY_TEST,存在复合旧实现候选，但未隔离为v3单元，schema/错误/参数/状态/审计绑定及生产trace未按锁定规格核验,缺少锁定单元的直接测试及四类验收证据,NONE,MEDIUM,LOW,B3-HEURISTICS,HEUR-009|HEUR-010,players/humanlike/config.py::HumanlikeConfig|players/humanlike/config.py::_validate_global_parameters|players/humanlike/player.py::load_config|players/humanlike/settings_service.py::load_config|players/humanlike/traceability.py::ParameterTrace|players/humanlike/traceability.py::_gp_consumer,AU-019 人类化决策规则：第 7—14 章 / 7.10 比分/剩余局→03-unit-specs/human_heuristic_specs.md→players/humanlike→players/humanlike/config.py::HumanlikeConfig|players/humanlike/config.py::_validate_global_parameters|players/humanlike/player.py::load_config|players/humanlike/settings_service.py::load_config|players/humanlike/traceability.py::ParameterTrace|players/humanlike/traceability.py::_gp_consumer,True,True,False,True,False,NONE
HEUR-009,先胡、做大和血战顺序效用,HEUR,ATOMIC,PARTIAL,AUDITED,AU-018 人类化决策规则：第 7—14 章 / 7.9 胡牌人数；AU-024 人类化决策规则：第 7—14 章 / 7.16 先胡/顺序,03-unit-specs/human_heuristic_specs.md,engine/blood_battle.py::active_seats|engine/blood_battle.py::apply_action|engine/blood_battle.py::next_active|players/analysis/danger.py::danger_map_for_tiles|players/analysis/danger.py::rate_discard_danger|players/analysis/opponent_model.py::estimate_opponents|players/humanlike/belief.py::PublicBelief|players/humanlike/belief.py::build_public_belief|players/humanlike/view.py::DecisionContext|players/humanlike/view.py::build_decision_context|protocols/player_view_builder.py::PlayerViewBuilder|protocols/player_view_builder.py::build|protocols/player_view_builder.py::build_legacy_dict|protocols/player_view_v2.py::PlayerViewV2|protocols/player_view_v2.py::freeze_mapping|protocols/player_view_v2.py::thaw,tests/humanlike_v2/test_deterministic_policy.py::test_context_rejects_wrong_view_version_and_seat|tests/humanlike_v2/test_deterministic_policy.py::test_evaluation_is_repeatable_and_rng_free|tests/humanlike_v2/test_deterministic_policy.py::test_public_belief_uses_only_visible_counts|tests/humanlike_v2/test_player_view_v2.py::test_gp021_all_visibility_fields_have_hidden_partial_exact_contracts|tests/humanlike_v2/test_player_view_v2.py::test_gp021_wall_and_concealed_gang_visibility_modes|tests/humanlike_v2/test_player_view_v2.py::test_v2_whitelist_hides_opponents_wall_and_sentinel|tests/test_blood_battle.py::test_b02_discard_pass_cycle|tests/test_blood_battle.py::test_blood_battle_continues_after_first_hu|tests/test_blood_battle.py::test_force_complete_response_unblocks|tests/test_blood_battle.py::test_illegal_action|tests/test_discard_recommend.py::test_strategy_ranks_include_ukeire_tiles|tests/test_f0011_integrated.py::test_build_f0010_context_and_rank,,ALGO-002|ALGO-005|HEUR-008,REQUIRES_BOUNDARY_TEST,存在复合旧实现候选，但未隔离为v3单元，schema/错误/参数/状态/审计绑定及生产trace未按锁定规格核验,缺少锁定单元的直接测试及四类验收证据,NONE,HIGH,MEDIUM,B3-HEURISTICS,AUDIT-006,players/analysis/danger.py::rate_discard_danger|players/analysis/discard_accuracy.py::estimate_opponents|players/analysis/pipeline.py::danger_map_for_tiles|players/analysis/pipeline.py::estimate_opponents|players/humanlike/belief.py::PublicBelief|players/humanlike/player.py::build_decision_context|players/humanlike/player.py::build_public_belief|players/humanlike/view.py::PlayerViewV2|protocols/player_view_builder.py::PlayerViewV2|protocols/player_view_v2.py::freeze_mapping|protocols/view_filter.py::PlayerViewBuilder|protocols/view_filter.py::build_legacy_dict,AU-018 人类化决策规则：第 7—14 章 / 7.9 胡牌人数；AU-024 人类化决策规则：第 7—14 章 / 7.16 先胡/顺序→03-unit-specs/human_heuristic_specs.md→players/humanlike→players/analysis/danger.py::rate_discard_danger|players/analysis/discard_accuracy.py::estimate_opponents|players/analysis/pipeline.py::danger_map_for_tiles|players/analysis/pipeline.py::estimate_opponents|players/humanlike/belief.py::PublicBelief|players/humanlike/player.py::build_decision_context|players/humanlike/player.py::build_public_belief|players/humanlike/view.py::PlayerViewV2|protocols/player_view_builder.py::PlayerViewV2|protocols/player_view_v2.py::freeze_mapping|protocols/view_filter.py::PlayerViewBuilder|protocols/view_filter.py::build_legacy_dict,True,True,False,True,False,NONE
HEUR-010,多目标冲突复核,HEUR,ATOMIC,PARTIAL,AUDITED,AU-021 人类化决策规则：第 7—14 章 / 7.12–7.13 冲突与复核,03-unit-specs/human_heuristic_specs.md,players/humanlike/cognition.py::CognitiveState|players/humanlike/cognition.py::begin_new_round|players/humanlike/cognition.py::update_memory|players/humanlike/evaluator.py::EvaluationResult|players/humanlike/evaluator.py::ScoredCandidate|players/humanlike/evaluator.py::evaluate_candidates|players/humanlike/plan.py::PlanSnapshot|players/humanlike/plan.py::choose_plan,tests/humanlike_v2/test_cognition.py::test_bounded_noise_is_reproducible_and_stays_in_near_pool|tests/humanlike_v2/test_cognition.py::test_clear_score_gap_disables_noise_and_think_time_is_bounded|tests/humanlike_v2/test_cognition.py::test_round_reset_keeps_only_bounded_public_impressions|tests/humanlike_v2/test_deterministic_policy.py::test_evaluation_is_repeatable_and_rng_free,,ALGO-007|HEUR-005|HEUR-008,REQUIRES_BOUNDARY_TEST,存在复合旧实现候选，但未隔离为v3单元，schema/错误/参数/状态/审计绑定及生产trace未按锁定规格核验,缺少锁定单元的直接测试及四类验收证据,NONE,MEDIUM,LOW,B3-HEURISTICS,AUDIT-006,players/humanlike/evaluator.py::EvaluationResult|players/humanlike/evaluator.py::choose_plan|players/humanlike/plan.py::PlanSnapshot|players/humanlike/player.py::begin_new_round|players/humanlike/player.py::evaluate_candidates|players/humanlike/player.py::update_memory,AU-021 人类化决策规则：第 7—14 章 / 7.12–7.13 冲突与复核→03-unit-specs/human_heuristic_specs.md→players/humanlike→players/humanlike/evaluator.py::EvaluationResult|players/humanlike/evaluator.py::choose_plan|players/humanlike/plan.py::PlanSnapshot|players/humanlike/player.py::begin_new_round|players/humanlike/player.py::evaluate_candidates|players/humanlike/player.py::update_memory,True,True,False,True,False,NONE
HEUR-011,番型边际做牌价值,HEUR,ATOMIC,PARTIAL,AUDITED,AU-022 人类化决策规则：第 7—14 章 / 7.14 全番型配置,03-unit-specs/human_heuristic_specs.md,engine/fan.py::FanTable|engine/fan.py::apply_fan_cap|engine/fan.py::compute_fan|players/humanlike/config.py::HumanlikeConfig|players/humanlike/config.py::_validate_global_parameters|players/humanlike/config.py::load_config|players/humanlike/traceability.py::ParameterTrace|players/humanlike/traceability.py::_gp_consumer,tests/humanlike_v2/test_config.py::test_default_has_all_gp_profiles_and_stable_hash|tests/humanlike_v2/test_config.py::test_hash_ignores_json_format_and_key_order|tests/humanlike_v2/test_config.py::test_invalid_range_fails|tests/humanlike_v2/test_config.py::test_missing_gp_fails|tests/humanlike_v2/test_config.py::test_missing_player_cognitive_gp_fails|tests/humanlike_v2/test_config.py::test_non_normalized_weights_fail|tests/humanlike_v2/test_config.py::test_player_cognitive_parameters_are_independent|tests/humanlike_v2/test_config.py::test_unknown_version_fails,,RULE-015|ALGO-002,REQUIRES_BOUNDARY_TEST,存在复合旧实现候选，但未隔离为v3单元，schema/错误/参数/状态/审计绑定及生产trace未按锁定规格核验,缺少锁定单元的直接测试及四类验收证据,NONE,MEDIUM,LOW,B3-HEURISTICS,AUDIT-006,engine/blood_battle.py::compute_fan|engine/fan.py::apply_fan_cap|players/humanlike/config.py::HumanlikeConfig|players/humanlike/config.py::_validate_global_parameters|players/humanlike/player.py::load_config|players/humanlike/settings_service.py::load_config,AU-022 人类化决策规则：第 7—14 章 / 7.14 全番型配置→03-unit-specs/human_heuristic_specs.md→players/humanlike→engine/blood_battle.py::compute_fan|engine/fan.py::apply_fan_cap|players/humanlike/config.py::HumanlikeConfig|players/humanlike/config.py::_validate_global_parameters|players/humanlike/player.py::load_config|players/humanlike/settings_service.py::load_config,True,True,False,True,False,NONE
HEUR-012,碰牌策略评价,HEUR,ATOMIC,PARTIAL,AUDITED,AU-034 人类化决策规则：第 7—14 章 / 9.4 碰牌响应,03-unit-specs/human_heuristic_specs.md,engine/legal.py::action_in_legal|engine/legal.py::legal_actions|engine/legal.py::legal_discards|players/humanlike/candidates.py::CandidateSet|players/humanlike/candidates.py::build_candidates|players/humanlike/candidates.py::stable_action_key|players/humanlike/config.py::HumanlikeConfig|players/humanlike/config.py::load_config,tests/humanlike_v2/test_config.py::test_default_has_all_gp_profiles_and_stable_hash|tests/humanlike_v2/test_config.py::test_hash_ignores_json_format_and_key_order|tests/humanlike_v2/test_config.py::test_invalid_range_fails|tests/humanlike_v2/test_config.py::test_missing_gp_fails|tests/humanlike_v2/test_config.py::test_missing_player_cognitive_gp_fails|tests/humanlike_v2/test_config.py::test_non_normalized_weights_fail|tests/humanlike_v2/test_config.py::test_player_cognitive_parameters_are_independent|tests/humanlike_v2/test_config.py::test_unknown_version_fails,,RULE-007|ALGO-002,REQUIRES_BOUNDARY_TEST,存在复合旧实现候选，但未隔离为v3单元，schema/错误/参数/状态/审计绑定及生产trace未按锁定规格核验,缺少锁定单元的直接测试及四类验收证据,NONE,HIGH,MEDIUM,B3-HEURISTICS,AUDIT-006,engine/blood_battle.py::action_in_legal|engine/legal.py::legal_discards|engine/orchestrator.py::action_in_legal|players/humanlike/attention.py::stable_action_key|players/humanlike/player.py::build_candidates|training/env.py::action_in_legal,AU-034 人类化决策规则：第 7—14 章 / 9.4 碰牌响应→03-unit-specs/human_heuristic_specs.md→players/humanlike→engine/blood_battle.py::action_in_legal|engine/legal.py::legal_discards|engine/orchestrator.py::action_in_legal|players/humanlike/attention.py::stable_action_key|players/humanlike/player.py::build_candidates|training/env.py::action_in_legal,True,True,False,True,False,NONE
HEUR-013,杠牌策略评价,HEUR,ATOMIC,PARTIAL,AUDITED,AU-033 人类化决策规则：第 7—14 章 / 9.3 杠牌响应,03-unit-specs/human_heuristic_specs.md,engine/legal.py::action_in_legal|engine/legal.py::legal_actions|engine/legal.py::legal_discards|players/humanlike/belief.py::PublicBelief|players/humanlike/belief.py::build_public_belief|players/humanlike/candidates.py::CandidateSet|players/humanlike/candidates.py::build_candidates|players/humanlike/candidates.py::stable_action_key,tests/humanlike_v2/test_deterministic_policy.py::test_evaluation_is_repeatable_and_rng_free|tests/humanlike_v2/test_deterministic_policy.py::test_mandatory_hu_survives_candidate_cap|tests/humanlike_v2/test_deterministic_policy.py::test_public_belief_uses_only_visible_counts|tests/humanlike_v2/test_deterministic_policy.py::test_stable_action_key_is_explicit|tests/test_analysis.py::test_an03_strategy_best_min_shanten,,RULE-008|RULE-009|SCORE-003|MODEL-002,REQUIRES_BOUNDARY_TEST,存在复合旧实现候选，但未隔离为v3单元，schema/错误/参数/状态/审计绑定及生产trace未按锁定规格核验,缺少锁定单元的直接测试及四类验收证据,NONE,HIGH,MEDIUM,B3-HEURISTICS,AUDIT-006,engine/blood_battle.py::action_in_legal|engine/legal.py::legal_discards|engine/orchestrator.py::action_in_legal|players/humanlike/attention.py::stable_action_key|players/humanlike/player.py::build_candidates|training/env.py::action_in_legal,AU-033 人类化决策规则：第 7—14 章 / 9.3 杠牌响应→03-unit-specs/human_heuristic_specs.md→players/humanlike→engine/blood_battle.py::action_in_legal|engine/legal.py::legal_discards|engine/orchestrator.py::action_in_legal|players/humanlike/attention.py::stable_action_key|players/humanlike/player.py::build_candidates|training/env.py::action_in_legal,True,True,False,True,False,NONE
HEUR-014,出牌牌效与结构保留策略,HEUR,ATOMIC,PARTIAL,AUDITED,AU-036 人类化决策规则：第 7—14 章 / 10.1–10.5 出牌,03-unit-specs/human_heuristic_specs.md,engine/legal.py::action_in_legal|engine/legal.py::legal_actions|engine/legal.py::legal_discards|players/humanlike/candidates.py::CandidateSet|players/humanlike/candidates.py::build_candidates|players/humanlike/candidates.py::stable_action_key|players/humanlike/hand_analyzer.py::analyze_action|players/humanlike/hand_analyzer.py::visible_hand,tests/humanlike_v2/test_deterministic_policy.py::test_evaluation_is_repeatable_and_rng_free|tests/humanlike_v2/test_deterministic_policy.py::test_mandatory_hu_survives_candidate_cap|tests/humanlike_v2/test_deterministic_policy.py::test_stable_action_key_is_explicit|tests/test_analysis.py::test_an03_strategy_best_min_shanten,,RULE-003|ALGO-002|HEUR-005,REQUIRES_BOUNDARY_TEST,存在复合旧实现候选，但未隔离为v3单元，schema/错误/参数/状态/审计绑定及生产trace未按锁定规格核验,缺少锁定单元的直接测试及四类验收证据,NONE,MEDIUM,LOW,B3-HEURISTICS,AUDIT-006,engine/blood_battle.py::action_in_legal|engine/legal.py::legal_discards|engine/orchestrator.py::action_in_legal|players/humanlike/attention.py::stable_action_key|players/humanlike/player.py::build_candidates|training/env.py::action_in_legal,AU-036 人类化决策规则：第 7—14 章 / 10.1–10.5 出牌→03-unit-specs/human_heuristic_specs.md→players/humanlike→engine/blood_battle.py::action_in_legal|engine/legal.py::legal_discards|engine/orchestrator.py::action_in_legal|players/humanlike/attention.py::stable_action_key|players/humanlike/player.py::build_candidates|training/env.py::action_in_legal,True,True,False,True,False,NONE
HEUR-015,防守偏好与安全牌选择,HEUR,ATOMIC,PARTIAL,AUDITED,AU-037 人类化决策规则：第 7—14 章 / 10.6 防守风险；AU-075 程序实现规范：第 0—10 章 / 10.2–10.5 信念/风险,03-unit-specs/human_heuristic_specs.md,players/analysis/danger.py::danger_map_for_tiles|players/analysis/danger.py::rate_discard_danger|players/analysis/opponent_model.py::estimate_opponents|players/humanlike/belief.py::PublicBelief|players/humanlike/belief.py::build_public_belief|training/env.py::ChengduMahjongEnv|training/env.py::reset|training/env.py::step,tests/humanlike_v2/test_deterministic_policy.py::test_evaluation_is_repeatable_and_rng_free|tests/humanlike_v2/test_deterministic_policy.py::test_public_belief_uses_only_visible_counts|tests/humanlike_v2/test_training_contract_v2.py::test_illegal_raise_preserves_state_and_terminate_penalizes|tests/humanlike_v2/test_training_contract_v2.py::test_v1_integer_semantics_remain_legal_list_index|tests/humanlike_v2/test_training_contract_v2.py::test_v2_fixed_index_and_shaping_off|tests/humanlike_v2/test_training_contract_v2.py::test_v2_observation_shapes_and_no_hidden_fields|tests/humanlike_v2/test_training_contract_v2.py::test_v2_shaping_is_separate_from_true_score|tests/test_discard_recommend.py::test_strategy_ranks_include_ukeire_tiles|tests/test_env.py::test_e01_reset_returns_obs_with_legals|tests/test_env.py::test_e03_illegal_action_raises|tests/test_env.py::test_e04_same_game_id_dealt_hands|tests/test_f0011_integrated.py::test_build_f0010_context_and_rank|tests/test_f0011_integrated.py::test_fan_proxy_and_baseline_compat,,MODEL-002|HEUR-022,REQUIRES_BOUNDARY_TEST,存在复合旧实现候选，但未隔离为v3单元，schema/错误/参数/状态/审计绑定及生产trace未按锁定规格核验,缺少锁定单元的直接测试及四类验收证据,NONE,MEDIUM,LOW,B3-HEURISTICS,HEUR-018,players/analysis/danger.py::rate_discard_danger|players/analysis/discard_accuracy.py::estimate_opponents|players/analysis/pipeline.py::danger_map_for_tiles|players/analysis/pipeline.py::estimate_opponents|players/humanlike/belief.py::PublicBelief|players/humanlike/player.py::build_public_belief|training/env.py::ChengduMahjongEnv,AU-037 人类化决策规则：第 7—14 章 / 10.6 防守风险；AU-075 程序实现规范：第 0—10 章 / 10.2–10.5 信念/风险→03-unit-specs/human_heuristic_specs.md→players/humanlike→players/analysis/danger.py::rate_discard_danger|players/analysis/discard_accuracy.py::estimate_opponents|players/analysis/pipeline.py::danger_map_for_tiles|players/analysis/pipeline.py::estimate_opponents|players/humanlike/belief.py::PublicBelief|players/humanlike/player.py::build_public_belief|training/env.py::ChengduMahjongEnv,True,True,False,True,False,NONE
HEUR-016,行为序列推断,HEUR,ATOMIC,SCAFFOLDED,AUDITED,AU-028 人类化决策规则：第 7—14 章 / 8.6–8.7 行为序列/反观察,03-unit-specs/human_heuristic_specs.md,,,,STATE-005|HEUR-020,REQUIRES_BOUNDARY_TEST,未找到可核查的独立生产符号；需按锁定规格新增单元,未找到当前可验证测试；需新增单元、边界、集成与回放测试,NONE,MEDIUM,HIGH,B3-HEURISTICS,HEUR-018,,AU-028 人类化决策规则：第 7—14 章 / 8.6–8.7 行为序列/反观察→03-unit-specs/human_heuristic_specs.md→players/humanlike→NO_VERIFIED_PRODUCTION_CALLER,False,False,False,True,False,NONE
HEUR-017,思考节奏生成,HEUR,ATOMIC,PARTIAL,AUDITED,AU-038 人类化决策规则：第 7—14 章 / 10.7–10.13 人类表现,03-unit-specs/human_heuristic_specs.md,players/humanlike/cognition.py::CognitiveState|players/humanlike/cognition.py::begin_new_round|players/humanlike/cognition.py::update_memory|players/humanlike/plan.py::PlanSnapshot|players/humanlike/plan.py::choose_plan,tests/humanlike_v2/test_cognition.py::test_bounded_noise_is_reproducible_and_stays_in_near_pool|tests/humanlike_v2/test_cognition.py::test_round_reset_keeps_only_bounded_public_impressions,,STATE-009|ALGO-008|HEUR-022,REQUIRES_BOUNDARY_TEST,存在复合旧实现候选，但未隔离为v3单元，schema/错误/参数/状态/审计绑定及生产trace未按锁定规格核验,缺少锁定单元的直接测试及四类验收证据,NONE,MEDIUM,LOW,B3-HEURISTICS,AUDIT-006,players/humanlike/evaluator.py::choose_plan|players/humanlike/plan.py::PlanSnapshot|players/humanlike/player.py::begin_new_round|players/humanlike/player.py::update_memory,AU-038 人类化决策规则：第 7—14 章 / 10.7–10.13 人类表现→03-unit-specs/human_heuristic_specs.md→players/humanlike→players/humanlike/evaluator.py::choose_plan|players/humanlike/plan.py::PlanSnapshot|players/humanlike/player.py::begin_new_round|players/humanlike/player.py::update_memory,True,True,False,True,False,NONE
HEUR-018,安全牌储备、扣牌与信息表达,HEUR,ATOMIC,PARTIAL,AUDITED,AU-028 人类化决策规则：第 7—14 章 / 8.6–8.7 行为序列/反观察；AU-038 人类化决策规则：第 7—14 章 / 10.7–10.13 人类表现,03-unit-specs/human_heuristic_specs.md,players/humanlike/cognition.py::CognitiveState|players/humanlike/cognition.py::begin_new_round|players/humanlike/cognition.py::update_memory|players/humanlike/plan.py::PlanSnapshot|players/humanlike/plan.py::choose_plan,tests/humanlike_v2/test_cognition.py::test_bounded_noise_is_reproducible_and_stays_in_near_pool|tests/humanlike_v2/test_cognition.py::test_round_reset_keeps_only_bounded_public_impressions,,HEUR-015|HEUR-016,REQUIRES_BOUNDARY_TEST,存在复合旧实现候选，但未隔离为v3单元，schema/错误/参数/状态/审计绑定及生产trace未按锁定规格核验,缺少锁定单元的直接测试及四类验收证据,NONE,MEDIUM,LOW,B3-HEURISTICS,AUDIT-006,players/humanlike/evaluator.py::choose_plan|players/humanlike/plan.py::PlanSnapshot|players/humanlike/player.py::begin_new_round|players/humanlike/player.py::update_memory,AU-028 人类化决策规则：第 7—14 章 / 8.6–8.7 行为序列/反观察；AU-038 人类化决策规则：第 7—14 章 / 10.7–10.13 人类表现→03-unit-specs/human_heuristic_specs.md→players/humanlike→players/humanlike/evaluator.py::choose_plan|players/humanlike/plan.py::PlanSnapshot|players/humanlike/player.py::begin_new_round|players/humanlike/player.py::update_memory,True,True,False,True,False,NONE
HEUR-019,Top-K 有限注意分配,HEUR,ATOMIC,AUDITED,AUDITED,AU-026 人类化决策规则：第 7—14 章 / 8.1–8.4 算牌顺序；AU-042 人类化决策规则：第 7—14 章 / 14. 有限认知；AU-059 程序实现规范：第 0—10 章 / 3.5 Human-like Policy；AU-073 程序实现规范：第 0—10 章 / 9. AI 决策管线；AU-076 程序实现规范：第 0—10 章 / 10.6–10.9 注意/记忆/摸牌/Q,03-unit-specs/human_heuristic_specs.md,players/humanlike/attention.py:select_attention→rank_attention_cues,tests/spec_v3/test_heur_019.py;cognition tests,task15_evidence/pilot_runtime.jsonl;decision trace attention explanation,STATE-006|STATE-009,REQUIRES_BOUNDARY_TEST,NONE,NONE,NONE,MEDIUM,MEDIUM,B0-PILOT-ACCEPTANCE,HEUR-021,engine/blood_battle.py::action_in_legal|engine/blood_battle.py::active_seats|engine/blood_battle.py::next_active|engine/legal.py::legal_discards|engine/orchestrator.py::action_in_legal|engine/orchestrator.py::next_active|engine/session.py::apply_action|main.py::GameSession|players/humanlike/attention.py::stable_action_key|players/humanlike/audit_replay.py::HumanlikeV2Player|players/humanlike/player.py::build_candidates|players/humanlike/player.py::select_cognitively|players/humanlike/policy.py::CognitiveDecision|training/env.py::action_in_legal|training/env.py::encode_observation_v2|training/env.py::next_active,AU-042→HEUR-019→attention→tests→runtime,True,True,True,True,False,NONE
HEUR-020,有界记忆衰减与强化,HEUR,ATOMIC,PARTIAL,AUDITED,AU-003 人类化决策规则：第 0—6 章 / 1. 游戏开始；AU-027 人类化决策规则：第 7—14 章 / 8.5 有限记忆；AU-039 人类化决策规则：第 7—14 章 / 11. 胡后处理；AU-041 人类化决策规则：第 7—14 章 / 13. 玩家模型；AU-059 程序实现规范：第 0—10 章 / 3.5 Human-like Policy；AU-076 程序实现规范：第 0—10 章 / 10.6–10.9 注意/记忆/摸牌/Q,03-unit-specs/human_heuristic_specs.md,engine/fan.py::FanTable|engine/fan.py::apply_fan_cap|engine/fan.py::compute_fan|engine/score.py::ScoreService|engine/score.py::apply_hu_dianpao|engine/score.py::apply_hu_zimo|players/humanlike/cognition.py::CognitiveState|players/humanlike/cognition.py::begin_new_round|players/humanlike/cognition.py::update_memory|players/humanlike/config.py::HumanlikeConfig|players/humanlike/config.py::_validate_global_parameters|players/humanlike/config.py::load_config|players/humanlike/memory.py::MemoryStore|players/humanlike/memory.py::extract_visible_tokens|players/humanlike/memory.py::update|players/humanlike/player.py::HumanlikeV2Player|players/humanlike/player.py::decide|players/humanlike/player.py::observe|players/humanlike/policy.py::CognitiveDecision|players/humanlike/policy.py::select_cognitively|players/humanlike/runtime.py::RoundRuntime|players/humanlike/runtime.py::create_round|players/humanlike/traceability.py::ParameterTrace|players/humanlike/traceability.py::_gp_consumer|players/humanlike/traceability.py::_rp_consumer|training/observations_v2.py::encode_observation_v2|training/observations_v2.py::flatten_observation_v2,tests/humanlike_v2/test_cognition.py::test_bounded_noise_is_reproducible_and_stays_in_near_pool|tests/humanlike_v2/test_cognition.py::test_clear_score_gap_disables_noise_and_think_time_is_bounded|tests/humanlike_v2/test_cognition.py::test_cumulative_visible_history_is_not_a_new_memory_prompt|tests/humanlike_v2/test_cognition.py::test_mandatory_action_never_consumes_rng|tests/humanlike_v2/test_cognition.py::test_memory_capacity_evicts_stably|tests/humanlike_v2/test_cognition.py::test_memory_decay_fuzziness_and_public_reinforcement|tests/humanlike_v2/test_cognition.py::test_player_emits_trace_v2_and_cognitive_rp_slots|tests/humanlike_v2/test_cognition.py::test_round_reset_keeps_only_bounded_public_impressions|tests/humanlike_v2/test_config.py::test_default_has_all_gp_profiles_and_stable_hash|tests/humanlike_v2/test_config.py::test_hash_ignores_json_format_and_key_order|tests/humanlike_v2/test_config.py::test_invalid_range_fails|tests/humanlike_v2/test_config.py::test_missing_gp_fails|tests/humanlike_v2/test_config.py::test_non_normalized_weights_fail|tests/humanlike_v2/test_config.py::test_unknown_version_fails|tests/humanlike_v2/test_deterministic_policy.py::test_hidden_opponent_hands_cannot_change_decision|tests/humanlike_v2/test_deterministic_policy.py::test_player_dingque_and_trace_are_deterministic|tests/humanlike_v2/test_humanlike_player_integration.py::test_registry_exposes_humanlike_without_changing_old_defaults|tests/humanlike_v2/test_training_contract_v2.py::test_v2_observation_shapes_and_no_hidden_fields|tests/test_score.py::test_sc01_dianpao_fan2|tests/test_score.py::test_sc02_multi_ron|tests/test_score.py::test_sc03_zimo|tests/test_score.py::test_sc04_an_gang|tests/test_score.py::test_sc05_hua_zhu|tests/test_score.py::test_score_events_written|tests/test_score_ledger.py::test_build_game_result_includes_score_events|tests/test_score_ledger.py::test_ledger_matches_balances,,STATE-006|STATE-005,REQUIRES_BOUNDARY_TEST,存在复合旧实现候选，但未隔离为v3单元，schema/错误/参数/状态/审计绑定及生产trace未按锁定规格核验,缺少锁定单元的直接测试及四类验收证据,NONE,HIGH,MEDIUM,B3-HEURISTICS,HEUR-016|MODEL-001|MODEL-003,engine/blood_battle.py::ScoreService|engine/blood_battle.py::apply_hu_dianpao|engine/blood_battle.py::apply_hu_zimo|engine/blood_battle.py::compute_fan|engine/fan.py::apply_fan_cap|players/humanlike/audit_replay.py::HumanlikeV2Player|players/humanlike/cognition.py::MemoryStore|players/humanlike/cognition.py::extract_visible_tokens|players/humanlike/config.py::HumanlikeConfig|players/humanlike/config.py::_validate_global_parameters|players/humanlike/player.py::begin_new_round|players/humanlike/player.py::load_config|players/humanlike/player.py::select_cognitively|players/humanlike/player.py::update_memory|players/humanlike/policy.py::CognitiveDecision|players/humanlike/settings_service.py::load_config|players/humanlike/traceability.py::ParameterTrace|players/humanlike/traceability.py::_gp_consumer|training/env.py::encode_observation_v2,AU-003 人类化决策规则：第 0—6 章 / 1. 游戏开始；AU-027 人类化决策规则：第 7—14 章 / 8.5 有限记忆；AU-039 人类化决策规则：第 7—14 章 / 11. 胡后处理；AU-041 人类化决策规则：第 7—14 章 / 13. 玩家模型；AU-059 程序实现规范：第 0—10 章 / 3.5 Human-like Policy；AU-076 程序实现规范：第 0—10 章 / 10.6–10.9 注意/记忆/摸牌/Q→03-unit-specs/human_heuristic_specs.md→players/humanlike→engine/blood_battle.py::ScoreService|engine/blood_battle.py::apply_hu_dianpao|engine/blood_battle.py::apply_hu_zimo|engine/blood_battle.py::compute_fan|engine/fan.py::apply_fan_cap|players/humanlike/audit_replay.py::HumanlikeV2Player|players/humanlike/cognition.py::MemoryStore|players/humanlike/cognition.py::extract_visible_tokens|players/humanlike/config.py::HumanlikeConfig|players/humanlike/config.py::_validate_global_parameters|players/humanlike/player.py::begin_new_round|players/humanlike/player.py::load_config|players/humanlike/player.py::select_cognitively|players/humanlike/player.py::update_memory|players/humanlike/policy.py::CognitiveDecision|players/humanlike/settings_service.py::load_config|players/humanlike/traceability.py::ParameterTrace|players/humanlike/traceability.py::_gp_consumer|training/env.py::encode_observation_v2,True,True,False,True,False,NONE
HEUR-021,有限推演与满意停止,HEUR,ATOMIC,PARTIAL,AUDITED,AU-042 人类化决策规则：第 7—14 章 / 14. 有限认知；AU-059 程序实现规范：第 0—10 章 / 3.5 Human-like Policy；AU-073 程序实现规范：第 0—10 章 / 9. AI 决策管线,03-unit-specs/human_heuristic_specs.md,engine/legal.py::action_in_legal|engine/legal.py::legal_actions|engine/legal.py::legal_discards|players/humanlike/candidates.py::CandidateSet|players/humanlike/candidates.py::build_candidates|players/humanlike/candidates.py::stable_action_key|players/humanlike/player.py::HumanlikeV2Player|players/humanlike/player.py::decide|players/humanlike/player.py::observe|players/humanlike/policy.py::CognitiveDecision|players/humanlike/policy.py::select_cognitively|players/humanlike/runtime.py::RoundRuntime|players/humanlike/runtime.py::apply_event|players/humanlike/runtime.py::create_round|protocols/player_view_builder.py::PlayerViewBuilder|protocols/player_view_builder.py::build,tests/humanlike_v2/test_cognition.py::test_bounded_noise_is_reproducible_and_stays_in_near_pool|tests/humanlike_v2/test_cognition.py::test_clear_score_gap_disables_noise_and_think_time_is_bounded|tests/humanlike_v2/test_cognition.py::test_mandatory_action_never_consumes_rng|tests/humanlike_v2/test_cognition.py::test_player_emits_trace_v2_and_cognitive_rp_slots|tests/humanlike_v2/test_deterministic_policy.py::test_evaluation_is_repeatable_and_rng_free|tests/humanlike_v2/test_deterministic_policy.py::test_hidden_opponent_hands_cannot_change_decision|tests/humanlike_v2/test_deterministic_policy.py::test_mandatory_hu_survives_candidate_cap|tests/humanlike_v2/test_deterministic_policy.py::test_player_dingque_and_trace_are_deterministic|tests/humanlike_v2/test_deterministic_policy.py::test_stable_action_key_is_explicit|tests/humanlike_v2/test_humanlike_player_integration.py::test_registry_exposes_humanlike_without_changing_old_defaults|tests/humanlike_v2/test_player_view_v2.py::test_gp021_all_visibility_fields_have_hidden_partial_exact_contracts|tests/humanlike_v2/test_player_view_v2.py::test_gp021_wall_and_concealed_gang_visibility_modes|tests/humanlike_v2/test_player_view_v2.py::test_v2_whitelist_hides_opponents_wall_and_sentinel|tests/humanlike_v2/test_runtime.py::test_event_decision_and_finalize_lifecycle|tests/humanlike_v2/test_runtime.py::test_unknown_rp_and_invalid_transition_fail|tests/test_analysis.py::test_an03_strategy_best_min_shanten,,ALGO-006|ALGO-007|HEUR-019,REQUIRES_BOUNDARY_TEST,存在复合旧实现候选，但未隔离为v3单元，schema/错误/参数/状态/审计绑定及生产trace未按锁定规格核验,缺少锁定单元的直接测试及四类验收证据,NONE,MEDIUM,MEDIUM,B3-HEURISTICS,AUDIT-006,engine/blood_battle.py::action_in_legal|engine/legal.py::legal_discards|engine/orchestrator.py::action_in_legal|players/humanlike/attention.py::stable_action_key|players/humanlike/audit_replay.py::HumanlikeV2Player|players/humanlike/player.py::build_candidates|players/humanlike/player.py::select_cognitively|players/humanlike/policy.py::CognitiveDecision|training/env.py::action_in_legal,AU-042 人类化决策规则：第 7—14 章 / 14. 有限认知；AU-059 程序实现规范：第 0—10 章 / 3.5 Human-like Policy；AU-073 程序实现规范：第 0—10 章 / 9. AI 决策管线→03-unit-specs/human_heuristic_specs.md→players/humanlike→engine/blood_battle.py::action_in_legal|engine/legal.py::legal_discards|engine/orchestrator.py::action_in_legal|players/humanlike/attention.py::stable_action_key|players/humanlike/audit_replay.py::HumanlikeV2Player|players/humanlike/player.py::build_candidates|players/humanlike/player.py::select_cognitively|players/humanlike/policy.py::CognitiveDecision|training/env.py::action_in_legal,True,True,False,True,False,NONE
HEUR-022,人格、水平与情绪状态消费,HEUR,ATOMIC,PARTIAL,AUDITED,AU-020 人类化决策规则：第 7—14 章 / 7.11 玩家风格/水平；AU-041 人类化决策规则：第 7—14 章 / 13. 玩家模型,03-unit-specs/human_heuristic_specs.md,players/humanlike/cognition.py::CognitiveState|players/humanlike/cognition.py::begin_new_round|players/humanlike/config.py::HumanlikeConfig|players/humanlike/config.py::_validate_global_parameters|players/humanlike/config.py::load_config|players/humanlike/traceability.py::ParameterTrace|players/humanlike/traceability.py::_gp_consumer|players/humanlike/traceability.py::_rp_consumer,tests/humanlike_v2/test_cognition.py::test_bounded_noise_is_reproducible_and_stays_in_near_pool|tests/humanlike_v2/test_cognition.py::test_round_reset_keeps_only_bounded_public_impressions|tests/humanlike_v2/test_config.py::test_default_has_all_gp_profiles_and_stable_hash|tests/humanlike_v2/test_config.py::test_hash_ignores_json_format_and_key_order|tests/humanlike_v2/test_config.py::test_invalid_range_fails|tests/humanlike_v2/test_config.py::test_missing_gp_fails|tests/humanlike_v2/test_config.py::test_non_normalized_weights_fail|tests/humanlike_v2/test_config.py::test_unknown_version_fails,,STATE-006|STATE-010,REQUIRES_BOUNDARY_TEST,存在复合旧实现候选，但未隔离为v3单元，schema/错误/参数/状态/审计绑定及生产trace未按锁定规格核验,缺少锁定单元的直接测试及四类验收证据,NONE,HIGH,MEDIUM,B3-HEURISTICS,HEUR-003|HEUR-004|HEUR-015|HEUR-017|HEUR-023,players/humanlike/config.py::HumanlikeConfig|players/humanlike/config.py::_validate_global_parameters|players/humanlike/player.py::load_config|players/humanlike/settings_service.py::load_config|players/humanlike/traceability.py::ParameterTrace|players/humanlike/traceability.py::_gp_consumer,AU-020 人类化决策规则：第 7—14 章 / 7.11 玩家风格/水平；AU-041 人类化决策规则：第 7—14 章 / 13. 玩家模型→03-unit-specs/human_heuristic_specs.md→players/humanlike→players/humanlike/config.py::HumanlikeConfig|players/humanlike/config.py::_validate_global_parameters|players/humanlike/player.py::load_config|players/humanlike/settings_service.py::load_config|players/humanlike/traceability.py::ParameterTrace|players/humanlike/traceability.py::_gp_consumer,True,True,False,True,False,NONE
HEUR-023,有界近似选择与人类失误,HEUR,ATOMIC,PARTIAL,AUDITED,AU-038 人类化决策规则：第 7—14 章 / 10.7–10.13 人类表现；AU-042 人类化决策规则：第 7—14 章 / 14. 有限认知；AU-059 程序实现规范：第 0—10 章 / 3.5 Human-like Policy；AU-073 程序实现规范：第 0—10 章 / 9. AI 决策管线,03-unit-specs/human_heuristic_specs.md,engine/legal.py::action_in_legal|engine/legal.py::legal_actions|engine/legal.py::legal_discards|players/humanlike/candidates.py::CandidateSet|players/humanlike/candidates.py::build_candidates|players/humanlike/candidates.py::stable_action_key|players/humanlike/cognition.py::CognitiveState|players/humanlike/cognition.py::begin_new_round|players/humanlike/cognition.py::update_memory|players/humanlike/plan.py::PlanSnapshot|players/humanlike/plan.py::choose_plan|players/humanlike/player.py::HumanlikeV2Player|players/humanlike/player.py::decide|players/humanlike/player.py::observe|players/humanlike/policy.py::CognitiveDecision|players/humanlike/policy.py::select_cognitively|players/humanlike/runtime.py::RoundRuntime|players/humanlike/runtime.py::apply_event|players/humanlike/runtime.py::create_round|protocols/player_view_builder.py::PlayerViewBuilder|protocols/player_view_builder.py::build,tests/humanlike_v2/test_cognition.py::test_bounded_noise_is_reproducible_and_stays_in_near_pool|tests/humanlike_v2/test_cognition.py::test_clear_score_gap_disables_noise_and_think_time_is_bounded|tests/humanlike_v2/test_cognition.py::test_mandatory_action_never_consumes_rng|tests/humanlike_v2/test_cognition.py::test_player_emits_trace_v2_and_cognitive_rp_slots|tests/humanlike_v2/test_cognition.py::test_round_reset_keeps_only_bounded_public_impressions|tests/humanlike_v2/test_deterministic_policy.py::test_evaluation_is_repeatable_and_rng_free|tests/humanlike_v2/test_deterministic_policy.py::test_hidden_opponent_hands_cannot_change_decision|tests/humanlike_v2/test_deterministic_policy.py::test_mandatory_hu_survives_candidate_cap|tests/humanlike_v2/test_deterministic_policy.py::test_player_dingque_and_trace_are_deterministic|tests/humanlike_v2/test_deterministic_policy.py::test_stable_action_key_is_explicit|tests/humanlike_v2/test_humanlike_player_integration.py::test_registry_exposes_humanlike_without_changing_old_defaults|tests/humanlike_v2/test_player_view_v2.py::test_gp021_all_visibility_fields_have_hidden_partial_exact_contracts|tests/humanlike_v2/test_player_view_v2.py::test_gp021_wall_and_concealed_gang_visibility_modes|tests/humanlike_v2/test_player_view_v2.py::test_v2_whitelist_hides_opponents_wall_and_sentinel|tests/humanlike_v2/test_runtime.py::test_event_decision_and_finalize_lifecycle|tests/humanlike_v2/test_runtime.py::test_unknown_rp_and_invalid_transition_fail|tests/test_analysis.py::test_an03_strategy_best_min_shanten,,ALGO-006|ALGO-007|ALGO-008|HEUR-022,REQUIRES_BOUNDARY_TEST,存在复合旧实现候选，但未隔离为v3单元，schema/错误/参数/状态/审计绑定及生产trace未按锁定规格核验,缺少锁定单元的直接测试及四类验收证据,NONE,MEDIUM,MEDIUM,B3-HEURISTICS,AUDIT-006,engine/blood_battle.py::action_in_legal|engine/legal.py::legal_discards|engine/orchestrator.py::action_in_legal|players/humanlike/attention.py::stable_action_key|players/humanlike/audit_replay.py::HumanlikeV2Player|players/humanlike/evaluator.py::choose_plan|players/humanlike/plan.py::PlanSnapshot|players/humanlike/player.py::begin_new_round|players/humanlike/player.py::build_candidates|players/humanlike/player.py::select_cognitively|players/humanlike/player.py::update_memory|players/humanlike/policy.py::CognitiveDecision|training/env.py::action_in_legal,AU-038 人类化决策规则：第 7—14 章 / 10.7–10.13 人类表现；AU-042 人类化决策规则：第 7—14 章 / 14. 有限认知；AU-059 程序实现规范：第 0—10 章 / 3.5 Human-like Policy；AU-073 程序实现规范：第 0—10 章 / 9. AI 决策管线→03-unit-specs/human_heuristic_specs.md→players/humanlike→engine/blood_battle.py::action_in_legal|engine/legal.py::legal_discards|engine/orchestrator.py::action_in_legal|players/humanlike/attention.py::stable_action_key|players/humanlike/audit_replay.py::HumanlikeV2Player|players/humanlike/evaluator.py::choose_plan|players/humanlike/plan.py::PlanSnapshot|players/humanlike/player.py::begin_new_round|players/humanlike/player.py::build_candidates|players/humanlike/player.py::select_cognitively|players/humanlike/player.py::update_memory|players/humanlike/policy.py::CognitiveDecision|training/env.py::action_in_legal,True,True,False,True,False,NONE
MODEL-001,逐对手归一化方向/牌型假设,MODEL,ATOMIC,INTEGRATED,AUDITED,AU-007 人类化决策规则：第 0—6 章 / 3. 独立对手模型；AU-016 人类化决策规则：第 7—14 章 / 7.3 逐家方向；AU-050 人类化决策规则：第 15—18 章与参数 / 18. 概率约束；AU-059 程序实现规范：第 0—10 章 / 3.5 Human-like Policy；AU-075 程序实现规范：第 0—10 章 / 10.2–10.5 信念/风险,03-unit-specs/probabilistic_model_specs.md,players/humanlike/belief.py:build_public_belief→model_001_rule_baseline,tests/spec_v3/test_model_001.py,task15_evidence/pilot_runtime.jsonl;43-decision replay,ALGO-003|HEUR-020|STATE-005,REQUIRES_BOUNDARY_TEST,NONE,缺少锁定单元的直接测试及四类验收证据,NONE,MEDIUM,HIGH,B0-PILOT-ACCEPTANCE,HEUR-007|MODEL-002,players/analysis/danger.py::rate_discard_danger|players/analysis/discard_accuracy.py::estimate_opponents|players/analysis/pipeline.py::danger_map_for_tiles|players/analysis/pipeline.py::estimate_opponents|players/humanlike/audit_replay.py::HumanlikeV2Player|players/humanlike/belief.py::PublicBelief|players/humanlike/evaluator.py::choose_plan|players/humanlike/plan.py::PlanSnapshot|players/humanlike/player.py::begin_new_round|players/humanlike/player.py::build_decision_context|players/humanlike/player.py::build_public_belief|players/humanlike/player.py::select_cognitively|players/humanlike/player.py::update_memory|players/humanlike/policy.py::CognitiveDecision|players/humanlike/view.py::PlayerViewV2|protocols/player_view_builder.py::PlayerViewV2|protocols/player_view_v2.py::freeze_mapping|protocols/view_filter.py::PlayerViewBuilder|protocols/view_filter.py::build_legacy_dict|training/env.py::ChengduMahjongEnv,AU-007/016/050→MODEL-001→belief→test→runtime,True,True,True,True,False,NONE
MODEL-002,逐对手听牌/等待/损失风险模型,MODEL,ATOMIC,PARTIAL,AUDITED,AU-037 人类化决策规则：第 7—14 章 / 10.6 防守风险；AU-050 人类化决策规则：第 15—18 章与参数 / 18. 概率约束；AU-059 程序实现规范：第 0—10 章 / 3.5 Human-like Policy；AU-075 程序实现规范：第 0—10 章 / 10.2–10.5 信念/风险,03-unit-specs/probabilistic_model_specs.md,players/analysis/danger.py::danger_map_for_tiles|players/analysis/danger.py::rate_discard_danger|players/analysis/opponent_model.py::estimate_opponents|players/humanlike/belief.py::PublicBelief|players/humanlike/belief.py::build_public_belief|players/humanlike/player.py::HumanlikeV2Player|players/humanlike/player.py::decide|players/humanlike/player.py::observe|players/humanlike/policy.py::CognitiveDecision|players/humanlike/policy.py::select_cognitively|players/humanlike/view.py::DecisionContext|players/humanlike/view.py::build_decision_context|protocols/player_view_builder.py::PlayerViewBuilder|protocols/player_view_builder.py::build|protocols/player_view_builder.py::build_legacy_dict|protocols/player_view_v2.py::PlayerViewV2|protocols/player_view_v2.py::freeze_mapping|protocols/player_view_v2.py::thaw|training/env.py::ChengduMahjongEnv|training/env.py::reset|training/env.py::step,tests/humanlike_v2/test_cognition.py::test_bounded_noise_is_reproducible_and_stays_in_near_pool|tests/humanlike_v2/test_cognition.py::test_clear_score_gap_disables_noise_and_think_time_is_bounded|tests/humanlike_v2/test_cognition.py::test_mandatory_action_never_consumes_rng|tests/humanlike_v2/test_cognition.py::test_player_emits_trace_v2_and_cognitive_rp_slots|tests/humanlike_v2/test_deterministic_policy.py::test_context_rejects_wrong_view_version_and_seat|tests/humanlike_v2/test_deterministic_policy.py::test_evaluation_is_repeatable_and_rng_free|tests/humanlike_v2/test_deterministic_policy.py::test_hidden_opponent_hands_cannot_change_decision|tests/humanlike_v2/test_deterministic_policy.py::test_player_dingque_and_trace_are_deterministic|tests/humanlike_v2/test_deterministic_policy.py::test_public_belief_uses_only_visible_counts|tests/humanlike_v2/test_humanlike_player_integration.py::test_registry_exposes_humanlike_without_changing_old_defaults|tests/humanlike_v2/test_player_view_v2.py::test_gp021_all_visibility_fields_have_hidden_partial_exact_contracts|tests/humanlike_v2/test_player_view_v2.py::test_gp021_wall_and_concealed_gang_visibility_modes|tests/humanlike_v2/test_player_view_v2.py::test_v2_whitelist_hides_opponents_wall_and_sentinel|tests/humanlike_v2/test_training_contract_v2.py::test_illegal_raise_preserves_state_and_terminate_penalizes|tests/humanlike_v2/test_training_contract_v2.py::test_v1_integer_semantics_remain_legal_list_index|tests/humanlike_v2/test_training_contract_v2.py::test_v2_fixed_index_and_shaping_off|tests/humanlike_v2/test_training_contract_v2.py::test_v2_observation_shapes_and_no_hidden_fields|tests/humanlike_v2/test_training_contract_v2.py::test_v2_shaping_is_separate_from_true_score|tests/test_discard_recommend.py::test_strategy_ranks_include_ukeire_tiles|tests/test_env.py::test_e01_reset_returns_obs_with_legals|tests/test_env.py::test_e03_illegal_action_raises|tests/test_env.py::test_e04_same_game_id_dealt_hands|tests/test_f0011_integrated.py::test_build_f0010_context_and_rank|tests/test_f0011_integrated.py::test_fan_proxy_and_baseline_compat,,MODEL-001|ALGO-003|ALGO-004,REQUIRES_BOUNDARY_TEST,存在复合旧实现候选，但未隔离为v3单元，schema/错误/参数/状态/审计绑定及生产trace未按锁定规格核验,缺少锁定单元的直接测试及四类验收证据,NONE,MEDIUM,HIGH,B4-MODELS-CALIBRATION,HEUR-013|HEUR-015,players/analysis/danger.py::rate_discard_danger|players/analysis/discard_accuracy.py::estimate_opponents|players/analysis/pipeline.py::danger_map_for_tiles|players/analysis/pipeline.py::estimate_opponents|players/humanlike/audit_replay.py::HumanlikeV2Player|players/humanlike/belief.py::PublicBelief|players/humanlike/player.py::build_decision_context|players/humanlike/player.py::build_public_belief|players/humanlike/player.py::select_cognitively|players/humanlike/policy.py::CognitiveDecision|players/humanlike/view.py::PlayerViewV2|protocols/player_view_builder.py::PlayerViewV2|protocols/player_view_v2.py::freeze_mapping|protocols/view_filter.py::PlayerViewBuilder|protocols/view_filter.py::build_legacy_dict|training/env.py::ChengduMahjongEnv,AU-037 人类化决策规则：第 7—14 章 / 10.6 防守风险；AU-050 人类化决策规则：第 15—18 章与参数 / 18. 概率约束；AU-059 程序实现规范：第 0—10 章 / 3.5 Human-like Policy；AU-075 程序实现规范：第 0—10 章 / 10.2–10.5 信念/风险→03-unit-specs/probabilistic_model_specs.md→players/humanlike/models + training/models→players/analysis/danger.py::rate_discard_danger|players/analysis/discard_accuracy.py::estimate_opponents|players/analysis/pipeline.py::danger_map_for_tiles|players/analysis/pipeline.py::estimate_opponents|players/humanlike/audit_replay.py::HumanlikeV2Player|players/humanlike/belief.py::PublicBelief|players/humanlike/player.py::build_decision_context|players/humanlike/player.py::build_public_belief|players/humanlike/player.py::select_cognitively|players/humanlike/policy.py::CognitiveDecision|players/humanlike/view.py::PlayerViewV2|protocols/player_view_builder.py::PlayerViewV2|protocols/player_view_v2.py::freeze_mapping|protocols/view_filter.py::PlayerViewBuilder|protocols/view_filter.py::build_legacy_dict|training/env.py::ChengduMahjongEnv,True,True,False,True,False,NONE
MODEL-003,仅公开信息的跨局对手画像学习,MODEL,ATOMIC,PARTIAL,AUDITED,AU-003 人类化决策规则：第 0—6 章 / 1. 游戏开始；AU-041 人类化决策规则：第 7—14 章 / 13. 玩家模型；AU-047 人类化决策规则：第 15—18 章与参数 / 17. RP-033 学习输出,03-unit-specs/probabilistic_model_specs.md,engine/audit.py::DecisionAuditWriter|engine/audit.py::record_decision|engine/audit.py::verify_audit|players/humanlike/cognition.py::CognitiveState|players/humanlike/cognition.py::begin_new_round|players/humanlike/cognition.py::update_memory|players/humanlike/config.py::HumanlikeConfig|players/humanlike/config.py::_validate_global_parameters|players/humanlike/config.py::load_config|players/humanlike/player.py::HumanlikeV2Player|players/humanlike/player.py::decide|players/humanlike/player.py::observe|players/humanlike/runtime.py::RoundRuntime|players/humanlike/runtime.py::create_round|players/humanlike/traceability.py::ParameterTrace|players/humanlike/traceability.py::_gp_consumer|players/humanlike/traceability.py::_rp_consumer,tests/humanlike_v2/test_audit_replay.py::test_runner_audit_verifies_and_policy_replays|tests/humanlike_v2/test_audit_replay.py::test_tampering_and_truncation_are_detected|tests/humanlike_v2/test_audit_replay.py::test_writer_rejects_opponent_hand_leak_and_illegal_action|tests/humanlike_v2/test_audit_replay.py::test_writer_verifier_and_footer_contract|tests/humanlike_v2/test_cognition.py::test_bounded_noise_is_reproducible_and_stays_in_near_pool|tests/humanlike_v2/test_cognition.py::test_player_emits_trace_v2_and_cognitive_rp_slots|tests/humanlike_v2/test_cognition.py::test_round_reset_keeps_only_bounded_public_impressions|tests/humanlike_v2/test_config.py::test_default_has_all_gp_profiles_and_stable_hash|tests/humanlike_v2/test_config.py::test_hash_ignores_json_format_and_key_order|tests/humanlike_v2/test_config.py::test_invalid_range_fails|tests/humanlike_v2/test_config.py::test_missing_gp_fails|tests/humanlike_v2/test_config.py::test_non_normalized_weights_fail|tests/humanlike_v2/test_config.py::test_unknown_version_fails|tests/humanlike_v2/test_deterministic_policy.py::test_hidden_opponent_hands_cannot_change_decision|tests/humanlike_v2/test_deterministic_policy.py::test_player_dingque_and_trace_are_deterministic|tests/humanlike_v2/test_humanlike_player_integration.py::test_registry_exposes_humanlike_without_changing_old_defaults,,HEUR-020|STATE-008|RULE-016,REQUIRES_BOUNDARY_TEST,存在复合旧实现候选，但未隔离为v3单元，schema/错误/参数/状态/审计绑定及生产trace未按锁定规格核验,缺少锁定单元的直接测试及四类验收证据,NONE,HIGH,HIGH,B4-MODELS-CALIBRATION,AUDIT-006,engine/orchestrator.py::DecisionAuditWriter|players/humanlike/audit_replay.py::HumanlikeV2Player|players/humanlike/audit_replay.py::verify_audit|players/humanlike/config.py::HumanlikeConfig|players/humanlike/config.py::_validate_global_parameters|players/humanlike/player.py::begin_new_round|players/humanlike/player.py::load_config|players/humanlike/player.py::update_memory|players/humanlike/settings_service.py::load_config|players/humanlike/traceability.py::ParameterTrace|players/humanlike/traceability.py::_gp_consumer,AU-003 人类化决策规则：第 0—6 章 / 1. 游戏开始；AU-041 人类化决策规则：第 7—14 章 / 13. 玩家模型；AU-047 人类化决策规则：第 15—18 章与参数 / 17. RP-033 学习输出→03-unit-specs/probabilistic_model_specs.md→players/humanlike/models + training/models→engine/orchestrator.py::DecisionAuditWriter|players/humanlike/audit_replay.py::HumanlikeV2Player|players/humanlike/audit_replay.py::verify_audit|players/humanlike/config.py::HumanlikeConfig|players/humanlike/config.py::_validate_global_parameters|players/humanlike/player.py::begin_new_round|players/humanlike/player.py::load_config|players/humanlike/player.py::update_memory|players/humanlike/settings_service.py::load_config|players/humanlike/traceability.py::ParameterTrace|players/humanlike/traceability.py::_gp_consumer,True,True,False,True,False,NONE
MODEL-004,可训练策略输入输出契约,MODEL,ATOMIC,PARTIAL,AUDITED,AU-077 程序实现规范：第 11—19 章 / 11.1 训练模式,03-unit-specs/probabilistic_model_specs.md,training/action_codec_v2.py::decode_action|training/action_codec_v2.py::encode_action|training/action_codec_v2.py::legal_action_mask,tests/humanlike_v2/test_training_contract_v2.py::test_codec_is_fixed_unique_and_roundtrips|tests/humanlike_v2/test_training_contract_v2.py::test_codec_rejects_mixed_exchange_and_mask_is_exact,,TRAIN-002|TRAIN-003,REQUIRES_BOUNDARY_TEST,存在复合旧实现候选，但未隔离为v3单元，schema/错误/参数/状态/审计绑定及生产trace未按锁定规格核验,缺少锁定单元的直接测试及四类验收证据,NONE,HIGH,HIGH,B4-MODELS-CALIBRATION,MODEL-005,training/action_codec_v2.py::encode_action|training/env.py::decode_action|training/env.py::encode_action|training/env.py::legal_action_mask,AU-077 程序实现规范：第 11—19 章 / 11.1 训练模式→03-unit-specs/probabilistic_model_specs.md→players/humanlike/models + training/models→training/action_codec_v2.py::encode_action|training/env.py::decode_action|training/env.py::encode_action|training/env.py::legal_action_mask,True,True,False,True,False,NONE
MODEL-005,训练模型产物版本、冻结和评估生命周期,MODEL,ATOMIC,PARTIAL,AUDITED,实现规范 §11.1、§18.3,03-unit-specs/probabilistic_model_specs.md,training/action_codec_v2.py::decode_action|training/action_codec_v2.py::encode_action|training/action_codec_v2.py::legal_action_mask,tests/humanlike_v2/test_training_contract_v2.py::test_codec_is_fixed_unique_and_roundtrips|tests/humanlike_v2/test_training_contract_v2.py::test_codec_rejects_mixed_exchange_and_mask_is_exact,,MODEL-004|TRAIN-008|AUDIT-011,REQUIRES_BOUNDARY_TEST,存在复合旧实现候选，但未隔离为v3单元，schema/错误/参数/状态/审计绑定及生产trace未按锁定规格核验,缺少锁定单元的直接测试及四类验收证据,NONE,MEDIUM,HIGH,B4-MODELS-CALIBRATION,AUDIT-012,training/action_codec_v2.py::encode_action|training/env.py::decode_action|training/env.py::encode_action|training/env.py::legal_action_mask,实现规范 §11.1、§18.3→03-unit-specs/probabilistic_model_specs.md→players/humanlike/models + training/models→training/action_codec_v2.py::encode_action|training/env.py::decode_action|training/env.py::encode_action|training/env.py::legal_action_mask,True,True,False,True,False,NONE
STATE-001,Match 配置冻结、玩家装配与整场控制,STATE,ATOMIC,PARTIAL,AUDITED,AU-003 人类化决策规则：第 0—6 章 / 1. 游戏开始；AU-055 程序实现规范：第 0—10 章 / 3.1 Match Controller,03-unit-specs/deterministic_rule_state_specs.md,engine/orchestrator.py::PlayerGameRunner|engine/orchestrator.py::_play_seat_action|engine/orchestrator.py::run|engine/session.py::GameSession|engine/session.py::apply|engine/session.py::play_random_game|players/humanlike/cognition.py::CognitiveState|players/humanlike/cognition.py::begin_new_round|players/humanlike/cognition.py::update_memory|players/humanlike/player.py::HumanlikeV2Player|players/humanlike/player.py::decide|players/humanlike/player.py::observe|players/humanlike/runtime.py::RoundRuntime|players/humanlike/runtime.py::create_round,tests/humanlike_v2/test_cognition.py::test_bounded_noise_is_reproducible_and_stays_in_near_pool|tests/humanlike_v2/test_cognition.py::test_player_emits_trace_v2_and_cognitive_rp_slots|tests/humanlike_v2/test_cognition.py::test_round_reset_keeps_only_bounded_public_impressions|tests/humanlike_v2/test_deterministic_policy.py::test_hidden_opponent_hands_cannot_change_decision|tests/humanlike_v2/test_deterministic_policy.py::test_player_dingque_and_trace_are_deterministic|tests/humanlike_v2/test_humanlike_player_integration.py::test_humanlike_self_play_has_no_policy_crash_or_full_state_channel|tests/humanlike_v2/test_humanlike_player_integration.py::test_registry_exposes_humanlike_without_changing_old_defaults|tests/humanlike_v2/test_humanlike_player_integration.py::test_same_game_produces_same_decision_histories|tests/test_blood_battle.py::test_b10_random_games_terminate|tests/test_blood_battle.py::test_b11_more_random|tests/test_blood_battle.py::test_session_wrapper|tests/test_session_scores.py::test_second_hand_starts_from_previous_totals|tests/test_session_scores.py::test_starting_scores_applied_at_run_start,,ALGO-009|ALGO-011|STATE-010,REQUIRES_BOUNDARY_TEST,存在复合旧实现候选，但未隔离为v3单元，schema/错误/参数/状态/审计绑定及生产trace未按锁定规格核验,缺少锁定单元的直接测试及四类验收证据,NONE,HIGH,MEDIUM,B1-DETERMINISTIC-KERNEL,HEUR-003|HEUR-008|SCORE-006|STATE-004|STATE-006|STATE-008|TRAIN-001,display/app.py::PlayerGameRunner|engine/orchestrator.py::PlayerGameRunner|engine/orchestrator.py::_play_seat_action|main.py::GameSession|main.py::PlayerGameRunner|main.py::_play_seat_action|players/humanlike/audit_replay.py::HumanlikeV2Player|players/humanlike/player.py::begin_new_round|players/humanlike/player.py::update_memory,AU-003 人类化决策规则：第 0—6 章 / 1. 游戏开始；AU-055 程序实现规范：第 0—10 章 / 3.1 Match Controller→03-unit-specs/deterministic_rule_state_specs.md→engine/state→display/app.py::PlayerGameRunner|engine/orchestrator.py::PlayerGameRunner|engine/orchestrator.py::_play_seat_action|main.py::GameSession|main.py::PlayerGameRunner|main.py::_play_seat_action|players/humanlike/audit_replay.py::HumanlikeV2Player|players/humanlike/player.py::begin_new_round|players/humanlike/player.py::update_memory,True,True,False,True,False,NONE
STATE-002,权威 RoundState 存储与授权访问,STATE,ATOMIC,PARTIAL,AUDITED,AU-057 程序实现规范：第 0—10 章 / 3.3 State Store；AU-070 程序实现规范：第 0—10 章 / 6. Round/Player/View 状态,03-unit-specs/deterministic_rule_state_specs.md,engine/state.py::GameState|engine/state.py::PlayerState|engine/state.py::from_dict|players/humanlike/runtime.py::RoundRuntime|players/humanlike/runtime.py::apply_event|players/humanlike/runtime.py::create_round|protocols/player_view_v2.py::PlayerViewV2|protocols/player_view_v2.py::freeze_mapping|protocols/player_view_v2.py::thaw|training/oracle.py::TrainingTruth|training/oracle.py::build_training_truth,tests/humanlike_v2/test_player_view_v2.py::test_oracle_is_separate_and_production_modules_do_not_import_it|tests/humanlike_v2/test_runtime.py::test_event_decision_and_finalize_lifecycle|tests/humanlike_v2/test_runtime.py::test_unknown_rp_and_invalid_transition_fail|tests/humanlike_v2/test_state_v5_migration.py::test_bad_legacy_state_fails_instead_of_guessing|tests/humanlike_v2/test_state_v5_migration.py::test_legacy_migration_is_deterministic_and_non_mutating|tests/test_exchange_dingque.py::test_t12_v1_dealt_readable|tests/test_reward.py::test_rw02_rank_bonus|tests/test_state_serde.py::test_strict_rejects_bad_hand_sizes|tests/test_state_serde.py::test_t08_dict_roundtrip|tests/test_state_serde.py::test_unsupported_schema_version,,STATE-004|STATE-011,REQUIRES_BOUNDARY_TEST,存在复合旧实现候选，但未隔离为v3单元，schema/错误/参数/状态/审计绑定及生产trace未按锁定规格核验,缺少锁定单元的直接测试及四类验收证据,NONE,MEDIUM,LOW,B2-DETERMINISTIC-COMPLETION,ALGO-010|AUDIT-001|RULE-001|RULE-005|SCORE-001|STATE-003|STATE-007,engine/deal.py::GameState|engine/deal.py::PlayerState|players/humanlike/view.py::PlayerViewV2|protocols/player_view_builder.py::PlayerViewV2|protocols/player_view_v2.py::freeze_mapping|training/oracle.py::TrainingTruth,AU-057 程序实现规范：第 0—10 章 / 3.3 State Store；AU-070 程序实现规范：第 0—10 章 / 6. Round/Player/View 状态→03-unit-specs/deterministic_rule_state_specs.md→engine/state→engine/deal.py::GameState|engine/deal.py::PlayerState|players/humanlike/view.py::PlayerViewV2|protocols/player_view_builder.py::PlayerViewV2|protocols/player_view_v2.py::freeze_mapping|training/oracle.py::TrainingTruth,True,True,False,True,False,NONE
STATE-003,PlayerRoundState 手牌、副露、定缺与过胡状态,STATE,ATOMIC,PARTIAL,AUDITED,AU-066 程序实现规范：第 0—10 章 / 4.3 手牌与组合；AU-070 程序实现规范：第 0—10 章 / 6. Round/Player/View 状态,03-unit-specs/deterministic_rule_state_specs.md,engine/invariants.py::assert_event_boundary|engine/invariants.py::ownership_regions|engine/shanten.py::shanten|engine/win_check.py::WinCheckResult|engine/win_check.py::WinForm|players/humanlike/hand_analyzer.py::HandFeatures|players/humanlike/hand_analyzer.py::analyze_action|players/humanlike/hand_analyzer.py::visible_hand|players/humanlike/runtime.py::RoundRuntime|players/humanlike/runtime.py::apply_event|players/humanlike/runtime.py::create_round|protocols/player_view_v2.py::PlayerViewV2|protocols/player_view_v2.py::freeze_mapping|protocols/player_view_v2.py::thaw,tests/humanlike_v2/test_invariants.py::test_duplicate_ownership_reports_structured_failure|tests/humanlike_v2/test_invariants.py::test_ready_state_owns_every_physical_tile_once|tests/humanlike_v2/test_runtime.py::test_event_decision_and_finalize_lifecycle|tests/humanlike_v2/test_runtime.py::test_unknown_rp_and_invalid_transition_fail|tests/test_shanten.py::test_s01_tenpai_shanten_0|tests/test_shanten.py::test_s02_winning_standard_shanten_neg1|tests/test_shanten.py::test_s03_seven_pairs_tenpai|tests/test_shanten.py::test_s04_dingque_raises_shanten|tests/test_win_fan.py::test_w01_standard_win|tests/test_win_fan.py::test_w02_seven_pairs,,STATE-002|ALGO-001,REQUIRES_BOUNDARY_TEST,存在复合旧实现候选，但未隔离为v3单元，schema/错误/参数/状态/审计绑定及生产trace未按锁定规格核验,缺少锁定单元的直接测试及四类验收证据,NONE,MEDIUM,MEDIUM,B2-DETERMINISTIC-COMPLETION,ALGO-002|RULE-002|RULE-003|RULE-004|RULE-007|RULE-008|RULE-010|RULE-011,engine/score.py::shanten|players/humanlike/evaluator.py::analyze_action|players/humanlike/evaluator.py::visible_hand|players/humanlike/hand_analyzer.py::HandFeatures|players/humanlike/hand_analyzer.py::visible_hand|players/humanlike/player.py::analyze_action|players/humanlike/view.py::PlayerViewV2|protocols/player_view_builder.py::PlayerViewV2|protocols/player_view_v2.py::freeze_mapping,AU-066 程序实现规范：第 0—10 章 / 4.3 手牌与组合；AU-070 程序实现规范：第 0—10 章 / 6. Round/Player/View 状态→03-unit-specs/deterministic_rule_state_specs.md→engine/state→engine/score.py::shanten|players/humanlike/evaluator.py::analyze_action|players/humanlike/evaluator.py::visible_hand|players/humanlike/hand_analyzer.py::HandFeatures|players/humanlike/hand_analyzer.py::visible_hand|players/humanlike/player.py::analyze_action|players/humanlike/view.py::PlayerViewV2|protocols/player_view_builder.py::PlayerViewV2|protocols/player_view_v2.py::freeze_mapping,True,True,False,True,False,NONE
STATE-004,CONFIGURED→SETTLED 状态机,STATE,ATOMIC,PARTIAL,AUDITED,AU-043 人类化决策规则：第 15—18 章与参数 / 15. 总体流程；AU-071 程序实现规范：第 0—10 章 / 7. 状态机/事件,03-unit-specs/deterministic_rule_state_specs.md,engine/blood_battle.py::active_seats|engine/blood_battle.py::next_active|engine/orchestrator.py::PlayerGameRunner|engine/orchestrator.py::_play_seat_action|engine/orchestrator.py::run|engine/session.py::GameSession|engine/session.py::apply|engine/session.py::play_random_game|players/humanlike/runtime.py::RoundRuntime|players/humanlike/runtime.py::apply_event|players/humanlike/runtime.py::create_round,tests/humanlike_v2/test_humanlike_player_integration.py::test_humanlike_self_play_has_no_policy_crash_or_full_state_channel|tests/humanlike_v2/test_humanlike_player_integration.py::test_same_game_produces_same_decision_histories|tests/humanlike_v2/test_runtime.py::test_event_decision_and_finalize_lifecycle|tests/humanlike_v2/test_runtime.py::test_unknown_rp_and_invalid_transition_fail|tests/test_blood_battle.py::test_b10_random_games_terminate|tests/test_blood_battle.py::test_b11_more_random|tests/test_blood_battle.py::test_session_wrapper|tests/test_session_scores.py::test_second_hand_starts_from_previous_totals|tests/test_session_scores.py::test_starting_scores_applied_at_run_start,,STATE-001,REQUIRES_BOUNDARY_TEST,规范RoundPhase与原有小写phase/编排耦合不等价，需单一权威状态机,缺少锁定单元的直接测试及四类验收证据,NONE,HIGH,HIGH,B1-DETERMINISTIC-KERNEL,AUDIT-001|AUDIT-005|RULE-006|RULE-014|RULE-016|STATE-002|STATE-009|TRAIN-001,display/app.py::PlayerGameRunner|engine/orchestrator.py::PlayerGameRunner|engine/orchestrator.py::_play_seat_action|main.py::GameSession|main.py::PlayerGameRunner|main.py::_play_seat_action,AU-043 人类化决策规则：第 15—18 章与参数 / 15. 总体流程；AU-071 程序实现规范：第 0—10 章 / 7. 状态机/事件→03-unit-specs/deterministic_rule_state_specs.md→engine/state→display/app.py::PlayerGameRunner|engine/orchestrator.py::PlayerGameRunner|engine/orchestrator.py::_play_seat_action|main.py::GameSession|main.py::PlayerGameRunner|main.py::_play_seat_action,True,True,False,True,False,NONE
STATE-005,不可变 PlayerView 状态载体,STATE,ATOMIC,AUDITED,AUDITED,AU-002 人类化决策规则：第 0—6 章 / 0. 可见信息边界；AU-058 程序实现规范：第 0—10 章 / 3.4 Player View；AU-070 程序实现规范：第 0—10 章 / 6. Round/Player/View 状态,03-unit-specs/deterministic_rule_state_specs.md,protocols/player_view_builder.py→PlayerViewV2.stable_hash,tests/spec_v3/test_state_005.py,task15_evidence/pilot_runtime.jsonl;production view boundary,ALGO-010,NONE,NONE,NONE,NONE,LOW,MEDIUM,B0-PILOT-ACCEPTANCE,ALGO-003|HEUR-006|HEUR-007|HEUR-016|HEUR-020|MODEL-001|STATE-006|STATE-009|TRAIN-002,players/humanlike/player.py::build_decision_context|players/humanlike/view.py::PlayerViewV2|protocols/player_view_builder.py::PlayerViewV2|protocols/player_view_v2.py::freeze_mapping|protocols/view_filter.py::PlayerViewBuilder|protocols/view_filter.py::build_legacy_dict,AU-002/058/070→STATE-005→code→test→runtime,True,True,True,True,False,NONE
STATE-006,策略侧认知运行态初始化与归档,STATE,ATOMIC,PARTIAL,AUDITED,AU-003 人类化决策规则：第 0—6 章 / 1. 游戏开始；AU-070 程序实现规范：第 0—10 章 / 6. Round/Player/View 状态,03-unit-specs/deterministic_rule_state_specs.md,players/humanlike/cognition.py::CognitiveState|players/humanlike/cognition.py::begin_new_round|players/humanlike/cognition.py::update_memory|players/humanlike/player.py::HumanlikeV2Player|players/humanlike/player.py::decide|players/humanlike/player.py::observe|players/humanlike/runtime.py::RoundRuntime|players/humanlike/runtime.py::apply_event|players/humanlike/runtime.py::create_round|protocols/player_view_v2.py::PlayerViewV2|protocols/player_view_v2.py::freeze_mapping|protocols/player_view_v2.py::thaw,tests/humanlike_v2/test_cognition.py::test_bounded_noise_is_reproducible_and_stays_in_near_pool|tests/humanlike_v2/test_cognition.py::test_player_emits_trace_v2_and_cognitive_rp_slots|tests/humanlike_v2/test_cognition.py::test_round_reset_keeps_only_bounded_public_impressions|tests/humanlike_v2/test_deterministic_policy.py::test_hidden_opponent_hands_cannot_change_decision|tests/humanlike_v2/test_deterministic_policy.py::test_player_dingque_and_trace_are_deterministic|tests/humanlike_v2/test_humanlike_player_integration.py::test_registry_exposes_humanlike_without_changing_old_defaults|tests/humanlike_v2/test_runtime.py::test_event_decision_and_finalize_lifecycle|tests/humanlike_v2/test_runtime.py::test_unknown_rp_and_invalid_transition_fail,,STATE-001|STATE-005|STATE-010,REQUIRES_BOUNDARY_TEST,存在复合旧实现候选，但未隔离为v3单元，schema/错误/参数/状态/审计绑定及生产trace未按锁定规格核验,缺少锁定单元的直接测试及四类验收证据,NONE,HIGH,MEDIUM,B1-DETERMINISTIC-KERNEL,AUDIT-002|HEUR-005|HEUR-019|HEUR-020|HEUR-022|STATE-008,players/humanlike/audit_replay.py::HumanlikeV2Player|players/humanlike/player.py::begin_new_round|players/humanlike/player.py::update_memory|players/humanlike/view.py::PlayerViewV2|protocols/player_view_builder.py::PlayerViewV2|protocols/player_view_v2.py::freeze_mapping,AU-003 人类化决策规则：第 0—6 章 / 1. 游戏开始；AU-070 程序实现规范：第 0—10 章 / 6. Round/Player/View 状态→03-unit-specs/deterministic_rule_state_specs.md→engine/state→players/humanlike/audit_replay.py::HumanlikeV2Player|players/humanlike/player.py::begin_new_round|players/humanlike/player.py::update_memory|players/humanlike/view.py::PlayerViewV2|protocols/player_view_builder.py::PlayerViewV2|protocols/player_view_v2.py::freeze_mapping,True,True,False,True,False,NONE
STATE-007,存档 schema 持久化与迁移,STATE,ATOMIC,PARTIAL,AUDITED,AU-095 程序实现规范：第 11—19 章 / 18. 版本/兼容,03-unit-specs/deterministic_rule_state_specs.md,engine/persistence.py::load_game|engine/persistence.py::save_game|players/humanlike/config.py::HumanlikeConfig|players/humanlike/config.py::_validate_global_parameters|players/humanlike/config.py::load_config,tests/humanlike_v2/test_config.py::test_default_has_all_gp_profiles_and_stable_hash|tests/humanlike_v2/test_config.py::test_hash_ignores_json_format_and_key_order|tests/humanlike_v2/test_config.py::test_invalid_range_fails|tests/humanlike_v2/test_config.py::test_missing_gp_fails|tests/humanlike_v2/test_config.py::test_missing_player_cognitive_gp_fails|tests/humanlike_v2/test_config.py::test_non_normalized_weights_fail|tests/humanlike_v2/test_config.py::test_player_cognitive_parameters_are_independent|tests/humanlike_v2/test_config.py::test_unknown_version_fails,,STATE-002|ALGO-009,REQUIRES_BOUNDARY_TEST,存在复合旧实现候选，但未隔离为v3单元，schema/错误/参数/状态/审计绑定及生产trace未按锁定规格核验,缺少锁定单元的直接测试及四类验收证据,NONE,HIGH,MEDIUM,B1-DETERMINISTIC-KERNEL,AUDIT-004|AUDIT-011,engine/orchestrator.py::save_game|main.py::load_game|players/humanlike/config.py::HumanlikeConfig|players/humanlike/config.py::_validate_global_parameters|players/humanlike/player.py::load_config|players/humanlike/settings_service.py::load_config,AU-095 程序实现规范：第 11—19 章 / 18. 版本/兼容→03-unit-specs/deterministic_rule_state_specs.md→engine/state→engine/orchestrator.py::save_game|main.py::load_game|players/humanlike/config.py::HumanlikeConfig|players/humanlike/config.py::_validate_global_parameters|players/humanlike/player.py::load_config|players/humanlike/settings_service.py::load_config,True,True,False,True,False,NONE
STATE-008,跨局比分、认知和 episode 状态继承,STATE,ATOMIC,PARTIAL,AUDITED,AU-055 程序实现规范：第 0—10 章 / 3.1 Match Controller；AU-081 程序实现规范：第 11—19 章 / 11.5 Episode,03-unit-specs/deterministic_rule_state_specs.md,engine/audit.py::DecisionAuditWriter|engine/audit.py::record_decision|engine/audit.py::verify_audit|engine/orchestrator.py::PlayerGameRunner|engine/orchestrator.py::_play_seat_action|engine/orchestrator.py::run|engine/session.py::GameSession|engine/session.py::apply|engine/session.py::play_random_game,tests/humanlike_v2/test_audit_replay.py::test_runner_audit_verifies_and_policy_replays|tests/humanlike_v2/test_audit_replay.py::test_tampering_and_truncation_are_detected|tests/humanlike_v2/test_audit_replay.py::test_writer_rejects_opponent_hand_leak_and_illegal_action|tests/humanlike_v2/test_audit_replay.py::test_writer_verifier_and_footer_contract|tests/humanlike_v2/test_humanlike_player_integration.py::test_humanlike_self_play_has_no_policy_crash_or_full_state_channel|tests/humanlike_v2/test_humanlike_player_integration.py::test_same_game_produces_same_decision_histories|tests/test_blood_battle.py::test_b10_random_games_terminate|tests/test_blood_battle.py::test_b11_more_random|tests/test_blood_battle.py::test_session_wrapper|tests/test_session_scores.py::test_second_hand_starts_from_previous_totals|tests/test_session_scores.py::test_starting_scores_applied_at_run_start,,STATE-001|SCORE-006|STATE-006,REQUIRES_BOUNDARY_TEST,存在复合旧实现候选，但未隔离为v3单元，schema/错误/参数/状态/审计绑定及生产trace未按锁定规格核验,缺少锁定单元的直接测试及四类验收证据,NONE,HIGH,MEDIUM,B1-DETERMINISTIC-KERNEL,MODEL-003,display/app.py::PlayerGameRunner|engine/orchestrator.py::DecisionAuditWriter|engine/orchestrator.py::PlayerGameRunner|engine/orchestrator.py::_play_seat_action|main.py::GameSession|main.py::PlayerGameRunner|main.py::_play_seat_action|players/humanlike/audit_replay.py::verify_audit,AU-055 程序实现规范：第 0—10 章 / 3.1 Match Controller；AU-081 程序实现规范：第 11—19 章 / 11.5 Episode→03-unit-specs/deterministic_rule_state_specs.md→engine/state→display/app.py::PlayerGameRunner|engine/orchestrator.py::DecisionAuditWriter|engine/orchestrator.py::PlayerGameRunner|engine/orchestrator.py::_play_seat_action|main.py::GameSession|main.py::PlayerGameRunner|main.py::_play_seat_action|players/humanlike/audit_replay.py::verify_audit,True,True,False,True,False,NONE
STATE-009,决策请求上下文与生命周期,STATE,ATOMIC,PARTIAL,AUDITED,AU-073 程序实现规范：第 0—10 章 / 9. AI 决策管线,03-unit-specs/deterministic_rule_state_specs.md,engine/legal.py::action_in_legal|engine/legal.py::legal_actions|engine/legal.py::legal_discards|players/humanlike/candidates.py::CandidateSet|players/humanlike/candidates.py::build_candidates|players/humanlike/candidates.py::stable_action_key|protocols/player_view_builder.py::PlayerViewBuilder|protocols/player_view_builder.py::build,tests/humanlike_v2/test_deterministic_policy.py::test_evaluation_is_repeatable_and_rng_free|tests/humanlike_v2/test_deterministic_policy.py::test_mandatory_hu_survives_candidate_cap|tests/humanlike_v2/test_deterministic_policy.py::test_stable_action_key_is_explicit|tests/humanlike_v2/test_player_view_v2.py::test_gp021_all_visibility_fields_have_hidden_partial_exact_contracts|tests/humanlike_v2/test_player_view_v2.py::test_gp021_wall_and_concealed_gang_visibility_modes|tests/humanlike_v2/test_player_view_v2.py::test_v2_whitelist_hides_opponents_wall_and_sentinel|tests/test_analysis.py::test_an03_strategy_best_min_shanten,,STATE-004|STATE-005|RULE-001,REQUIRES_BOUNDARY_TEST,存在复合旧实现候选，但未隔离为v3单元，schema/错误/参数/状态/审计绑定及生产trace未按锁定规格核验,缺少锁定单元的直接测试及四类验收证据,NONE,MEDIUM,MEDIUM,B2-DETERMINISTIC-COMPLETION,ALGO-006|ALGO-008|AUDIT-002|HEUR-017|HEUR-019|STATE-012|TRAIN-003,engine/blood_battle.py::action_in_legal|engine/legal.py::legal_discards|engine/orchestrator.py::action_in_legal|players/humanlike/attention.py::stable_action_key|players/humanlike/player.py::build_candidates|training/env.py::action_in_legal,AU-073 程序实现规范：第 0—10 章 / 9. AI 决策管线→03-unit-specs/deterministic_rule_state_specs.md→engine/state→engine/blood_battle.py::action_in_legal|engine/legal.py::legal_discards|engine/orchestrator.py::action_in_legal|players/humanlike/attention.py::stable_action_key|players/humanlike/player.py::build_candidates|training/env.py::action_in_legal,True,True,False,True,False,NONE
STATE-010,GP/RP/Profile 注册与生命周期,STATE,ATOMIC,PARTIAL,AUDITED,AU-004 人类化决策规则：第 0—6 章 / 2. 学习规则；AU-045 人类化决策规则：第 15—18 章与参数 / 17. GP 注册；AU-046 人类化决策规则：第 15—18 章与参数 / 17. RP 注册；AU-069 程序实现规范：第 0—10 章 / 5. 配置模型；AU-070 程序实现规范：第 0—10 章 / 6. Round/Player/View 状态,03-unit-specs/deterministic_rule_state_specs.md,players/humanlike/cognition.py::CognitiveState|players/humanlike/cognition.py::begin_new_round|players/humanlike/config.py::HumanlikeConfig|players/humanlike/config.py::_validate_global_parameters|players/humanlike/config.py::load_config|players/humanlike/runtime.py::RoundRuntime|players/humanlike/runtime.py::apply_event|players/humanlike/runtime.py::create_round|players/humanlike/traceability.py::ParameterTrace|players/humanlike/traceability.py::_gp_consumer|players/humanlike/traceability.py::_rp_consumer|protocols/player_view_v2.py::PlayerViewV2|protocols/player_view_v2.py::freeze_mapping|protocols/player_view_v2.py::thaw,tests/humanlike_v2/test_cognition.py::test_bounded_noise_is_reproducible_and_stays_in_near_pool|tests/humanlike_v2/test_cognition.py::test_round_reset_keeps_only_bounded_public_impressions|tests/humanlike_v2/test_config.py::test_default_has_all_gp_profiles_and_stable_hash|tests/humanlike_v2/test_config.py::test_hash_ignores_json_format_and_key_order|tests/humanlike_v2/test_config.py::test_invalid_range_fails|tests/humanlike_v2/test_config.py::test_missing_gp_fails|tests/humanlike_v2/test_config.py::test_missing_player_cognitive_gp_fails|tests/humanlike_v2/test_config.py::test_non_normalized_weights_fail|tests/humanlike_v2/test_config.py::test_player_cognitive_parameters_are_independent|tests/humanlike_v2/test_config.py::test_unknown_version_fails|tests/humanlike_v2/test_runtime.py::test_event_decision_and_finalize_lifecycle|tests/humanlike_v2/test_runtime.py::test_unknown_rp_and_invalid_transition_fail,,无,REQUIRES_BOUNDARY_TEST,存在复合旧实现候选，但未隔离为v3单元，schema/错误/参数/状态/审计绑定及生产trace未按锁定规格核验,缺少锁定单元的直接测试及四类验收证据,NONE,HIGH,MEDIUM,B1-DETERMINISTIC-KERNEL,ALGO-007|ALGO-009|ALGO-011|HEUR-003|HEUR-022|RULE-001|RULE-015|RULE-016|STATE-001|STATE-006|TRAIN-009,players/humanlike/config.py::HumanlikeConfig|players/humanlike/config.py::_validate_global_parameters|players/humanlike/player.py::load_config|players/humanlike/settings_service.py::load_config|players/humanlike/traceability.py::ParameterTrace|players/humanlike/traceability.py::_gp_consumer|players/humanlike/view.py::PlayerViewV2|protocols/player_view_builder.py::PlayerViewV2|protocols/player_view_v2.py::freeze_mapping,AU-004 人类化决策规则：第 0—6 章 / 2. 学习规则；AU-045 人类化决策规则：第 15—18 章与参数 / 17. GP 注册；AU-046 人类化决策规则：第 15—18 章与参数 / 17. RP 注册；AU-069 程序实现规范：第 0—10 章 / 5. 配置模型；AU-070 程序实现规范：第 0—10 章 / 6. Round/Player/View 状态→03-unit-specs/deterministic_rule_state_specs.md→engine/state→players/humanlike/config.py::HumanlikeConfig|players/humanlike/config.py::_validate_global_parameters|players/humanlike/player.py::load_config|players/humanlike/settings_service.py::load_config|players/humanlike/traceability.py::ParameterTrace|players/humanlike/traceability.py::_gp_consumer|players/humanlike/view.py::PlayerViewV2|protocols/player_view_builder.py::PlayerViewV2|protocols/player_view_v2.py::freeze_mapping,True,True,False,True,False,NONE
STATE-011,牌墙构建、洗牌与初始发牌,STATE,ATOMIC,PARTIAL,AUDITED,实现规范 §4.1、§7.2；规则文档 §1/§4,03-unit-specs/deterministic_rule_state_specs.md,engine/deal.py::create_dealt_game|engine/deck.py::Deck|engine/deck.py::build_full_wall|engine/deck.py::deal_hands|engine/deck.py::shuffle_wall|engine/dice.py::DiceResult|engine/dice.py::roll_dice,tests/test_game_id_repro.py::test_t06_deal_reproducible|tests/test_tile_deck.py,,ALGO-011,REQUIRES_BOUNDARY_TEST,牌墙、洗牌和发牌已有复合实现，但未隔离为STATE-011门面，命名随机域、事件/状态提交和v3 golden尚未核验,缺少锁定单元的直接测试及四类验收证据,NONE,HIGH,MEDIUM,B1-DETERMINISTIC-KERNEL,ALGO-001|ALGO-004|ALGO-005|RULE-002|RULE-006|RULE-008|RULE-012|STATE-002,engine/orchestrator.py::create_dealt_game|engine/session.py::create_dealt_game|training/env.py::create_dealt_game,实现规范 §4.1、§7.2；规则文档 §1/§4→03-unit-specs/deterministic_rule_state_specs.md→engine/state→engine/orchestrator.py::create_dealt_game|engine/session.py::create_dealt_game|training/env.py::create_dealt_game,True,True,False,True,False,NONE
STATE-012,策略超时、崩溃与合法默认动作回退,STATE,ATOMIC,PARTIAL,AUDITED,规则文档 §14.11；实现规范 §9.3,03-unit-specs/deterministic_rule_state_specs.md,players/humanlike/runtime.py::RoundRuntime|players/humanlike/runtime.py::apply_event|players/humanlike/runtime.py::create_round,tests/humanlike_v2/test_runtime.py::test_event_decision_and_finalize_lifecycle|tests/humanlike_v2/test_runtime.py::test_unknown_rp_and_invalid_transition_fail,,STATE-009|ALGO-006,REQUIRES_BOUNDARY_TEST,存在复合旧实现候选，但未隔离为v3单元，schema/错误/参数/状态/审计绑定及生产trace未按锁定规格核验,缺少锁定单元的直接测试及四类验收证据,NONE,HIGH,MEDIUM,B1-DETERMINISTIC-KERNEL,AUDIT-006,,规则文档 §14.11；实现规范 §9.3→03-unit-specs/deterministic_rule_state_specs.md→engine/state→NO_VERIFIED_PRODUCTION_CALLER,True,True,False,True,False,NONE
SCORE-001,分数账本分层与守恒,SCORE,ATOMIC,AUDITED,AUDITED,AU-068 程序实现规范：第 0—10 章 / 4.5 计分对象；AU-087 程序实现规范：第 11—19 章 / 14.1 每事件断言,03-unit-specs/deterministic_algorithm_scoring_specs.md,engine/score.py:ScoreService.apply_transfers→apply_conserved_transfers;ConservedScoreLedger,tests/spec_v3/test_score_001.py;score regression tests,task15_evidence/pilot_runtime.jsonl;score production path,STATE-002,REQUIRES_BOUNDARY_TEST,NONE,NONE,NONE,MEDIUM,HIGH,B0-PILOT-ACCEPTANCE,AUDIT-005|SCORE-002|SCORE-003|SCORE-004|SCORE-006|TRAIN-005,engine/blood_battle.py::ScoreService|engine/blood_battle.py::action_in_legal|engine/blood_battle.py::apply_hu_dianpao|engine/blood_battle.py::apply_hu_zimo|engine/legal.py::legal_discards|engine/orchestrator.py::action_in_legal|players/humanlike/attention.py::stable_action_key|players/humanlike/player.py::build_candidates|training/env.py::TrainingContractConfig|training/env.py::action_in_legal|training/env.py::shaping_delta|training/env.py::visible_potential,AU-068/087→SCORE-001→score.py→tests→runtime,True,True,True,True,False,NONE
SCORE-002,自摸、点炮与抢杠胡计分,SCORE,ATOMIC,PARTIAL,AUDITED,AU-040 人类化决策规则：第 7—14 章 / 12. 终局计分；AU-061 程序实现规范：第 0—10 章 / 3.7 Scoring,03-unit-specs/deterministic_algorithm_scoring_specs.md,engine/blood_battle.py::active_seats|engine/blood_battle.py::apply_action|engine/blood_battle.py::next_active|engine/orchestrator.py::PlayerGameRunner|engine/orchestrator.py::run|engine/session.py::GameSession|engine/session.py::apply|engine/session.py::play_random_game|training/env.py::ChengduMahjongEnv|training/env.py::reset|training/env.py::step,tests/humanlike_v2/test_humanlike_player_integration.py::test_humanlike_self_play_has_no_policy_crash_or_full_state_channel|tests/humanlike_v2/test_humanlike_player_integration.py::test_same_game_produces_same_decision_histories|tests/humanlike_v2/test_training_contract_v2.py::test_illegal_raise_preserves_state_and_terminate_penalizes|tests/humanlike_v2/test_training_contract_v2.py::test_v1_integer_semantics_remain_legal_list_index|tests/humanlike_v2/test_training_contract_v2.py::test_v2_fixed_index_and_shaping_off|tests/humanlike_v2/test_training_contract_v2.py::test_v2_observation_shapes_and_no_hidden_fields|tests/humanlike_v2/test_training_contract_v2.py::test_v2_shaping_is_separate_from_true_score|tests/test_blood_battle.py::test_b02_discard_pass_cycle|tests/test_blood_battle.py::test_b10_random_games_terminate|tests/test_blood_battle.py::test_b11_more_random|tests/test_blood_battle.py::test_blood_battle_continues_after_first_hu|tests/test_blood_battle.py::test_force_complete_response_unblocks|tests/test_blood_battle.py::test_illegal_action|tests/test_env.py::test_e01_reset_returns_obs_with_legals|tests/test_env.py::test_e03_illegal_action_raises|tests/test_env.py::test_e04_same_game_id_dealt_hands,,RULE-010|RULE-015|SCORE-001,REQUIRES_BOUNDARY_TEST,存在复合旧实现候选，但未隔离为v3单元，schema/错误/参数/状态/审计绑定及生产trace未按锁定规格核验,缺少锁定单元的直接测试及四类验收证据,NONE,HIGH,MEDIUM,B1-DETERMINISTIC-KERNEL,SCORE-005,engine/blood_battle.py::active_seats|engine/blood_battle.py::next_active|engine/orchestrator.py::next_active|engine/session.py::apply_action|main.py::GameSession|training/env.py::ChengduMahjongEnv|training/env.py::next_active,AU-040 人类化决策规则：第 7—14 章 / 12. 终局计分；AU-061 程序实现规范：第 0—10 章 / 3.7 Scoring→03-unit-specs/deterministic_algorithm_scoring_specs.md→engine/scoring→engine/blood_battle.py::active_seats|engine/blood_battle.py::next_active|engine/orchestrator.py::next_active|engine/session.py::apply_action|main.py::GameSession|training/env.py::ChengduMahjongEnv|training/env.py::next_active,True,True,False,True,False,NONE
SCORE-003,明/暗/补杠与呼叫转移计分,SCORE,ATOMIC,PARTIAL,AUDITED,AU-033 人类化决策规则：第 7—14 章 / 9.3 杠牌响应；AU-040 人类化决策规则：第 7—14 章 / 12. 终局计分；AU-061 程序实现规范：第 0—10 章 / 3.7 Scoring,03-unit-specs/deterministic_algorithm_scoring_specs.md,engine/blood_battle.py::active_seats|engine/blood_battle.py::apply_action|engine/blood_battle.py::next_active|engine/legal.py::action_in_legal|engine/legal.py::legal_actions|engine/legal.py::legal_discards|engine/orchestrator.py::PlayerGameRunner|engine/orchestrator.py::run|engine/session.py::GameSession|engine/session.py::apply|engine/session.py::play_random_game|players/humanlike/belief.py::PublicBelief|players/humanlike/belief.py::build_public_belief|players/humanlike/candidates.py::CandidateSet|players/humanlike/candidates.py::build_candidates|players/humanlike/candidates.py::stable_action_key|training/env.py::ChengduMahjongEnv|training/env.py::reset|training/env.py::step,tests/humanlike_v2/test_deterministic_policy.py::test_evaluation_is_repeatable_and_rng_free|tests/humanlike_v2/test_deterministic_policy.py::test_mandatory_hu_survives_candidate_cap|tests/humanlike_v2/test_deterministic_policy.py::test_public_belief_uses_only_visible_counts|tests/humanlike_v2/test_deterministic_policy.py::test_stable_action_key_is_explicit|tests/humanlike_v2/test_humanlike_player_integration.py::test_humanlike_self_play_has_no_policy_crash_or_full_state_channel|tests/humanlike_v2/test_humanlike_player_integration.py::test_same_game_produces_same_decision_histories|tests/humanlike_v2/test_training_contract_v2.py::test_illegal_raise_preserves_state_and_terminate_penalizes|tests/humanlike_v2/test_training_contract_v2.py::test_v1_integer_semantics_remain_legal_list_index|tests/humanlike_v2/test_training_contract_v2.py::test_v2_fixed_index_and_shaping_off|tests/humanlike_v2/test_training_contract_v2.py::test_v2_observation_shapes_and_no_hidden_fields|tests/humanlike_v2/test_training_contract_v2.py::test_v2_shaping_is_separate_from_true_score|tests/test_analysis.py::test_an03_strategy_best_min_shanten|tests/test_blood_battle.py::test_b02_discard_pass_cycle|tests/test_blood_battle.py::test_b10_random_games_terminate|tests/test_blood_battle.py::test_b11_more_random|tests/test_blood_battle.py::test_blood_battle_continues_after_first_hu|tests/test_blood_battle.py::test_force_complete_response_unblocks|tests/test_blood_battle.py::test_illegal_action|tests/test_env.py::test_e01_reset_returns_obs_with_legals|tests/test_env.py::test_e03_illegal_action_raises|tests/test_env.py::test_e04_same_game_id_dealt_hands,,RULE-008|RULE-009|SCORE-001,REQUIRES_BOUNDARY_TEST,呼叫转移与抢杠关联账本在旧实现中不完整,缺少锁定单元的直接测试及四类验收证据,NONE,HIGH,HIGH,B1-DETERMINISTIC-KERNEL,HEUR-013|SCORE-005,engine/blood_battle.py::action_in_legal|engine/blood_battle.py::active_seats|engine/blood_battle.py::next_active|engine/legal.py::legal_discards|engine/orchestrator.py::action_in_legal|engine/orchestrator.py::next_active|engine/session.py::apply_action|main.py::GameSession|players/humanlike/attention.py::stable_action_key|players/humanlike/player.py::build_candidates|training/env.py::ChengduMahjongEnv|training/env.py::action_in_legal|training/env.py::next_active,AU-033 人类化决策规则：第 7—14 章 / 9.3 杠牌响应；AU-040 人类化决策规则：第 7—14 章 / 12. 终局计分；AU-061 程序实现规范：第 0—10 章 / 3.7 Scoring→03-unit-specs/deterministic_algorithm_scoring_specs.md→engine/scoring→engine/blood_battle.py::action_in_legal|engine/blood_battle.py::active_seats|engine/blood_battle.py::next_active|engine/legal.py::legal_discards|engine/orchestrator.py::action_in_legal|engine/orchestrator.py::next_active|engine/session.py::apply_action|main.py::GameSession|players/humanlike/attention.py::stable_action_key|players/humanlike/player.py::build_candidates|training/env.py::ChengduMahjongEnv|training/env.py::action_in_legal|training/env.py::next_active,True,True,False,True,False,NONE
SCORE-004,花猪、查大叫与退税终局调整,SCORE,ATOMIC_FACADE_INTERNAL_SPLIT_REVIEW,PARTIAL,AUDITED,AU-040 人类化决策规则：第 7—14 章 / 12. 终局计分；AU-061 程序实现规范：第 0—10 章 / 3.7 Scoring,03-unit-specs/deterministic_algorithm_scoring_specs.md,engine/blood_battle.py::active_seats|engine/blood_battle.py::apply_action|engine/blood_battle.py::next_active|engine/orchestrator.py::PlayerGameRunner|engine/orchestrator.py::run|engine/session.py::GameSession|engine/session.py::apply|engine/session.py::play_random_game|training/env.py::ChengduMahjongEnv|training/env.py::reset|training/env.py::step,tests/humanlike_v2/test_humanlike_player_integration.py::test_humanlike_self_play_has_no_policy_crash_or_full_state_channel|tests/humanlike_v2/test_humanlike_player_integration.py::test_same_game_produces_same_decision_histories|tests/humanlike_v2/test_training_contract_v2.py::test_illegal_raise_preserves_state_and_terminate_penalizes|tests/humanlike_v2/test_training_contract_v2.py::test_v1_integer_semantics_remain_legal_list_index|tests/humanlike_v2/test_training_contract_v2.py::test_v2_fixed_index_and_shaping_off|tests/humanlike_v2/test_training_contract_v2.py::test_v2_observation_shapes_and_no_hidden_fields|tests/humanlike_v2/test_training_contract_v2.py::test_v2_shaping_is_separate_from_true_score|tests/test_blood_battle.py::test_b02_discard_pass_cycle|tests/test_blood_battle.py::test_b10_random_games_terminate|tests/test_blood_battle.py::test_b11_more_random|tests/test_blood_battle.py::test_blood_battle_continues_after_first_hu|tests/test_blood_battle.py::test_force_complete_response_unblocks|tests/test_blood_battle.py::test_illegal_action|tests/test_env.py::test_e01_reset_returns_obs_with_legals|tests/test_env.py::test_e03_illegal_action_raises|tests/test_env.py::test_e04_same_game_id_dealt_hands,,RULE-004|RULE-015|SCORE-001,REQUIRES_BOUNDARY_TEST,查大叫最大番、死叫与退税在旧实现中缺失或简化,缺少锁定单元的直接测试及四类验收证据,实现前需落实门面内职责分离，不改变已锁定外部语义,HIGH,HIGH,B1-DETERMINISTIC-KERNEL,SCORE-005,engine/blood_battle.py::active_seats|engine/blood_battle.py::next_active|engine/orchestrator.py::next_active|engine/session.py::apply_action|main.py::GameSession|training/env.py::ChengduMahjongEnv|training/env.py::next_active,AU-040 人类化决策规则：第 7—14 章 / 12. 终局计分；AU-061 程序实现规范：第 0—10 章 / 3.7 Scoring→03-unit-specs/deterministic_algorithm_scoring_specs.md→engine/scoring→engine/blood_battle.py::active_seats|engine/blood_battle.py::next_active|engine/orchestrator.py::next_active|engine/session.py::apply_action|main.py::GameSession|training/env.py::ChengduMahjongEnv|training/env.py::next_active,True,True,False,True,False,花猪、查大叫、退税是同一终局事务内三类独立调整，需分别留守恒证据
SCORE-005,封顶、互斥和转移结算顺序,SCORE,ATOMIC,PARTIAL,AUDITED,AU-040 人类化决策规则：第 7—14 章 / 12. 终局计分；AU-061 程序实现规范：第 0—10 章 / 3.7 Scoring,03-unit-specs/deterministic_algorithm_scoring_specs.md,engine/blood_battle.py::active_seats|engine/blood_battle.py::apply_action|engine/blood_battle.py::next_active|engine/orchestrator.py::PlayerGameRunner|engine/orchestrator.py::run|engine/session.py::GameSession|engine/session.py::apply|engine/session.py::play_random_game|training/env.py::ChengduMahjongEnv|training/env.py::reset|training/env.py::step,tests/humanlike_v2/test_humanlike_player_integration.py::test_humanlike_self_play_has_no_policy_crash_or_full_state_channel|tests/humanlike_v2/test_humanlike_player_integration.py::test_same_game_produces_same_decision_histories|tests/humanlike_v2/test_training_contract_v2.py::test_illegal_raise_preserves_state_and_terminate_penalizes|tests/humanlike_v2/test_training_contract_v2.py::test_v1_integer_semantics_remain_legal_list_index|tests/humanlike_v2/test_training_contract_v2.py::test_v2_fixed_index_and_shaping_off|tests/humanlike_v2/test_training_contract_v2.py::test_v2_observation_shapes_and_no_hidden_fields|tests/humanlike_v2/test_training_contract_v2.py::test_v2_shaping_is_separate_from_true_score|tests/test_blood_battle.py::test_b02_discard_pass_cycle|tests/test_blood_battle.py::test_b10_random_games_terminate|tests/test_blood_battle.py::test_b11_more_random|tests/test_blood_battle.py::test_blood_battle_continues_after_first_hu|tests/test_blood_battle.py::test_force_complete_response_unblocks|tests/test_blood_battle.py::test_illegal_action|tests/test_env.py::test_e01_reset_returns_obs_with_legals|tests/test_env.py::test_e03_illegal_action_raises|tests/test_env.py::test_e04_same_game_id_dealt_hands,,RULE-015|SCORE-002|SCORE-003|SCORE-004,REQUIRES_BOUNDARY_TEST,规范封顶/互斥/转移顺序需独立结算层，旧路径耦合,缺少锁定单元的直接测试及四类验收证据,NONE,HIGH,HIGH,B1-DETERMINISTIC-KERNEL,SCORE-006,engine/blood_battle.py::active_seats|engine/blood_battle.py::next_active|engine/orchestrator.py::next_active|engine/session.py::apply_action|main.py::GameSession|training/env.py::ChengduMahjongEnv|training/env.py::next_active,AU-040 人类化决策规则：第 7—14 章 / 12. 终局计分；AU-061 程序实现规范：第 0—10 章 / 3.7 Scoring→03-unit-specs/deterministic_algorithm_scoring_specs.md→engine/scoring→engine/blood_battle.py::active_seats|engine/blood_battle.py::next_active|engine/orchestrator.py::next_active|engine/session.py::apply_action|main.py::GameSession|training/env.py::ChengduMahjongEnv|training/env.py::next_active,True,True,False,True,False,NONE
SCORE-006,单局总分、整场累计与排名,SCORE,ATOMIC,PARTIAL,AUDITED,AU-039 人类化决策规则：第 7—14 章 / 11. 胡后处理；AU-040 人类化决策规则：第 7—14 章 / 12. 终局计分；AU-055 程序实现规范：第 0—10 章 / 3.1 Match Controller,03-unit-specs/deterministic_algorithm_scoring_specs.md,engine/blood_battle.py::active_seats|engine/blood_battle.py::apply_action|engine/blood_battle.py::next_active|engine/fan.py::FanTable|engine/fan.py::apply_fan_cap|engine/fan.py::compute_fan|engine/orchestrator.py::PlayerGameRunner|engine/orchestrator.py::_play_seat_action|engine/orchestrator.py::run|engine/score.py::ScoreService|engine/score.py::apply_hu_dianpao|engine/score.py::apply_hu_zimo|engine/session.py::GameSession|engine/session.py::apply|engine/session.py::play_random_game,tests/humanlike_v2/test_humanlike_player_integration.py::test_humanlike_self_play_has_no_policy_crash_or_full_state_channel|tests/humanlike_v2/test_humanlike_player_integration.py::test_same_game_produces_same_decision_histories|tests/test_blood_battle.py::test_b02_discard_pass_cycle|tests/test_blood_battle.py::test_b10_random_games_terminate|tests/test_blood_battle.py::test_b11_more_random|tests/test_blood_battle.py::test_blood_battle_continues_after_first_hu|tests/test_blood_battle.py::test_force_complete_response_unblocks|tests/test_blood_battle.py::test_illegal_action|tests/test_blood_battle.py::test_session_wrapper|tests/test_score.py::test_sc01_dianpao_fan2|tests/test_score.py::test_sc02_multi_ron|tests/test_score.py::test_sc03_zimo|tests/test_score.py::test_sc04_an_gang|tests/test_score.py::test_sc05_hua_zhu|tests/test_score.py::test_score_events_written|tests/test_score_ledger.py::test_build_game_result_includes_score_events|tests/test_score_ledger.py::test_ledger_matches_balances|tests/test_session_scores.py::test_second_hand_starts_from_previous_totals|tests/test_session_scores.py::test_starting_scores_applied_at_run_start,,SCORE-001|SCORE-005|STATE-001,REQUIRES_BOUNDARY_TEST,存在复合旧实现候选，但未隔离为v3单元，schema/错误/参数/状态/审计绑定及生产trace未按锁定规格核验,缺少锁定单元的直接测试及四类验收证据,NONE,HIGH,MEDIUM,B1-DETERMINISTIC-KERNEL,HEUR-008|STATE-008,display/app.py::PlayerGameRunner|engine/blood_battle.py::ScoreService|engine/blood_battle.py::active_seats|engine/blood_battle.py::apply_hu_dianpao|engine/blood_battle.py::apply_hu_zimo|engine/blood_battle.py::compute_fan|engine/blood_battle.py::next_active|engine/fan.py::apply_fan_cap|engine/orchestrator.py::PlayerGameRunner|engine/orchestrator.py::_play_seat_action|engine/orchestrator.py::next_active|engine/session.py::apply_action|main.py::GameSession|main.py::PlayerGameRunner|main.py::_play_seat_action|training/env.py::next_active,AU-039 人类化决策规则：第 7—14 章 / 11. 胡后处理；AU-040 人类化决策规则：第 7—14 章 / 12. 终局计分；AU-055 程序实现规范：第 0—10 章 / 3.1 Match Controller→03-unit-specs/deterministic_algorithm_scoring_specs.md→engine/scoring→display/app.py::PlayerGameRunner|engine/blood_battle.py::ScoreService|engine/blood_battle.py::active_seats|engine/blood_battle.py::apply_hu_dianpao|engine/blood_battle.py::apply_hu_zimo|engine/blood_battle.py::compute_fan|engine/blood_battle.py::next_active|engine/fan.py::apply_fan_cap|engine/orchestrator.py::PlayerGameRunner|engine/orchestrator.py::_play_seat_action|engine/orchestrator.py::next_active|engine/session.py::apply_action|main.py::GameSession|main.py::PlayerGameRunner|main.py::_play_seat_action|training/env.py::next_active,True,True,False,True,False,NONE
TRAIN-001,复用生产规则的训练包装,TRAIN,ATOMIC,PARTIAL,AUDITED,AU-063 程序实现规范：第 0—10 章 / 3.9 Training wrapper；AU-077 程序实现规范：第 11—19 章 / 11.1 训练模式,03-unit-specs/training_environment_specs.md,engine/blood_battle.py::active_seats|engine/blood_battle.py::next_active|engine/orchestrator.py::PlayerGameRunner|engine/orchestrator.py::_play_seat_action|engine/orchestrator.py::run|engine/session.py::GameSession|engine/session.py::apply|engine/session.py::play_random_game|training/action_codec_v2.py::decode_action|training/action_codec_v2.py::encode_action|training/action_codec_v2.py::legal_action_mask,tests/humanlike_v2/test_humanlike_player_integration.py::test_humanlike_self_play_has_no_policy_crash_or_full_state_channel|tests/humanlike_v2/test_humanlike_player_integration.py::test_same_game_produces_same_decision_histories|tests/humanlike_v2/test_training_contract_v2.py::test_codec_is_fixed_unique_and_roundtrips|tests/humanlike_v2/test_training_contract_v2.py::test_codec_rejects_mixed_exchange_and_mask_is_exact|tests/test_blood_battle.py::test_b10_random_games_terminate|tests/test_blood_battle.py::test_b11_more_random|tests/test_blood_battle.py::test_session_wrapper|tests/test_session_scores.py::test_second_hand_starts_from_previous_totals|tests/test_session_scores.py::test_starting_scores_applied_at_run_start,,STATE-001|STATE-004|RULE-001,REQUIRES_BOUNDARY_TEST,训练必须包装同一生产规则引擎，旧env仍含独立流程职责,缺少锁定单元的直接测试及四类验收证据,NONE,HIGH,HIGH,B5-TRAINING,AUDIT-013|TRAIN-006,display/app.py::PlayerGameRunner|engine/orchestrator.py::PlayerGameRunner|engine/orchestrator.py::_play_seat_action|main.py::GameSession|main.py::PlayerGameRunner|main.py::_play_seat_action|training/action_codec_v2.py::encode_action|training/env.py::decode_action|training/env.py::encode_action|training/env.py::legal_action_mask,AU-063 程序实现规范：第 0—10 章 / 3.9 Training wrapper；AU-077 程序实现规范：第 11—19 章 / 11.1 训练模式→03-unit-specs/training_environment_specs.md→training→display/app.py::PlayerGameRunner|engine/orchestrator.py::PlayerGameRunner|engine/orchestrator.py::_play_seat_action|main.py::GameSession|main.py::PlayerGameRunner|main.py::_play_seat_action|training/action_codec_v2.py::encode_action|training/env.py::decode_action|training/env.py::encode_action|training/env.py::legal_action_mask,True,True,False,True,False,NONE
TRAIN-002,Observation v2 编码,TRAIN,ATOMIC,PARTIAL,AUDITED,AU-078 程序实现规范：第 11—19 章 / 11.2 观测空间,03-unit-specs/training_environment_specs.md,training/env.py::ChengduMahjongEnv|training/env.py::reset|training/env.py::step|training/reward_v2.py::TrainingContractConfig|training/reward_v2.py::shaping_delta|training/reward_v2.py::visible_potential,tests/humanlike_v2/test_training_contract_v2.py::test_illegal_raise_preserves_state_and_terminate_penalizes|tests/humanlike_v2/test_training_contract_v2.py::test_v1_integer_semantics_remain_legal_list_index|tests/humanlike_v2/test_training_contract_v2.py::test_v2_fixed_index_and_shaping_off|tests/humanlike_v2/test_training_contract_v2.py::test_v2_observation_shapes_and_no_hidden_fields|tests/humanlike_v2/test_training_contract_v2.py::test_v2_shaping_is_separate_from_true_score|tests/test_env.py::test_e01_reset_returns_obs_with_legals|tests/test_env.py::test_e03_illegal_action_raises|tests/test_env.py::test_e04_same_game_id_dealt_hands,,STATE-005|ALGO-010,REQUIRES_BOUNDARY_TEST,存在复合旧实现候选，但未隔离为v3单元，schema/错误/参数/状态/审计绑定及生产trace未按锁定规格核验,缺少锁定单元的直接测试及四类验收证据,NONE,MEDIUM,HIGH,B5-TRAINING,MODEL-004|TRAIN-005|TRAIN-006|TRAIN-008,training/env.py::ChengduMahjongEnv|training/env.py::TrainingContractConfig|training/env.py::shaping_delta|training/env.py::visible_potential,AU-078 程序实现规范：第 11—19 章 / 11.2 观测空间→03-unit-specs/training_environment_specs.md→training→training/env.py::ChengduMahjongEnv|training/env.py::TrainingContractConfig|training/env.py::shaping_delta|training/env.py::visible_potential,True,True,False,True,False,NONE
TRAIN-003,固定动作 codec 与 legal mask,TRAIN,ATOMIC,AUDITED,AUDITED,AU-079 程序实现规范：第 11—19 章 / 11.3 动作空间,03-unit-specs/training_environment_specs.md,training/env.py→training/action_codec_v2.py,tests/spec_v3/test_train_003.py;all635 bijection,task15_evidence/pilot_runtime.jsonl;training regression,RULE-001|STATE-009,REQUIRES_BOUNDARY_TEST,NONE,NONE,NONE,MEDIUM,HIGH,B0-PILOT-ACCEPTANCE,MODEL-004|TRAIN-004|TRAIN-006|TRAIN-008,training/env.py::ChengduMahjongEnv,AU-079→TRAIN-003→codec→tests→runtime,True,True,True,True,False,NONE
TRAIN-004,非法训练动作处理契约,TRAIN,ATOMIC,PARTIAL,AUDITED,AU-079 程序实现规范：第 11—19 章 / 11.3 动作空间,03-unit-specs/training_environment_specs.md,training/env.py::ChengduMahjongEnv|training/env.py::reset|training/env.py::step,tests/humanlike_v2/test_training_contract_v2.py::test_illegal_raise_preserves_state_and_terminate_penalizes|tests/humanlike_v2/test_training_contract_v2.py::test_v1_integer_semantics_remain_legal_list_index|tests/humanlike_v2/test_training_contract_v2.py::test_v2_fixed_index_and_shaping_off|tests/humanlike_v2/test_training_contract_v2.py::test_v2_observation_shapes_and_no_hidden_fields|tests/humanlike_v2/test_training_contract_v2.py::test_v2_shaping_is_separate_from_true_score|tests/test_env.py::test_e01_reset_returns_obs_with_legals|tests/test_env.py::test_e03_illegal_action_raises|tests/test_env.py::test_e04_same_game_id_dealt_hands,,TRAIN-003,REQUIRES_BOUNDARY_TEST,存在复合旧实现候选，但未隔离为v3单元，schema/错误/参数/状态/审计绑定及生产trace未按锁定规格核验,缺少锁定单元的直接测试及四类验收证据,NONE,MEDIUM,HIGH,B5-TRAINING,AUDIT-006,training/env.py::ChengduMahjongEnv,AU-079 程序实现规范：第 11—19 章 / 11.3 动作空间→03-unit-specs/training_environment_specs.md→training→training/env.py::ChengduMahjongEnv,True,True,False,True,False,NONE
TRAIN-005,真实得分与可见势能奖励契约,TRAIN,ATOMIC,PARTIAL,AUDITED,AU-080 程序实现规范：第 11—19 章 / 11.4 奖励,03-unit-specs/training_environment_specs.md,engine/audit.py::DecisionAuditWriter|engine/audit.py::record_decision|engine/audit.py::verify_audit|engine/replay.py::ReplaySession|engine/replay.py::StepRecorder,tests/humanlike_v2/test_audit_replay.py::test_runner_audit_verifies_and_policy_replays|tests/humanlike_v2/test_audit_replay.py::test_tampering_and_truncation_are_detected|tests/humanlike_v2/test_audit_replay.py::test_writer_rejects_opponent_hand_leak_and_illegal_action|tests/humanlike_v2/test_audit_replay.py::test_writer_verifier_and_footer_contract|tests/test_persistence.py::test_s03_steps_replay,,SCORE-001|TRAIN-002,REQUIRES_BOUNDARY_TEST,存在复合旧实现候选，但未隔离为v3单元，schema/错误/参数/状态/审计绑定及生产trace未按锁定规格核验,缺少锁定单元的直接测试及四类验收证据,NONE,MEDIUM,HIGH,B5-TRAINING,TRAIN-006,engine/orchestrator.py::DecisionAuditWriter|engine/orchestrator.py::StepRecorder|main.py::ReplaySession|players/humanlike/audit_replay.py::verify_audit,AU-080 程序实现规范：第 11—19 章 / 11.4 奖励→03-unit-specs/training_environment_specs.md→training→engine/orchestrator.py::DecisionAuditWriter|engine/orchestrator.py::StepRecorder|main.py::ReplaySession|players/humanlike/audit_replay.py::verify_audit,True,True,False,True,False,NONE
TRAIN-006,单 learner reset/step/mask/clone/restore,TRAIN,ATOMIC,PARTIAL,AUDITED,AU-081 程序实现规范：第 11—19 章 / 11.5 Episode；AU-086 程序实现规范：第 11—19 章 / 13.5 训练接口,03-unit-specs/training_environment_specs.md,engine/audit.py::DecisionAuditWriter|engine/audit.py::record_decision|engine/audit.py::verify_audit|engine/invariants.py::assert_event_boundary|engine/invariants.py::ownership_regions|engine/state.py::GameState|engine/state.py::PlayerState|engine/state.py::from_dict,tests/humanlike_v2/test_audit_replay.py::test_runner_audit_verifies_and_policy_replays|tests/humanlike_v2/test_audit_replay.py::test_tampering_and_truncation_are_detected|tests/humanlike_v2/test_audit_replay.py::test_writer_rejects_opponent_hand_leak_and_illegal_action|tests/humanlike_v2/test_audit_replay.py::test_writer_verifier_and_footer_contract|tests/humanlike_v2/test_invariants.py::test_duplicate_ownership_reports_structured_failure|tests/humanlike_v2/test_invariants.py::test_ready_state_owns_every_physical_tile_once|tests/humanlike_v2/test_state_v5_migration.py::test_bad_legacy_state_fails_instead_of_guessing|tests/humanlike_v2/test_state_v5_migration.py::test_legacy_migration_is_deterministic_and_non_mutating|tests/test_exchange_dingque.py::test_t12_v1_dealt_readable|tests/test_reward.py::test_rw02_rank_bonus|tests/test_state_serde.py::test_strict_rejects_bad_hand_sizes|tests/test_state_serde.py::test_t08_dict_roundtrip,,TRAIN-001|TRAIN-002|TRAIN-003|TRAIN-005,REQUIRES_BOUNDARY_TEST,存在复合旧实现候选，但未隔离为v3单元，schema/错误/参数/状态/审计绑定及生产trace未按锁定规格核验,缺少锁定单元的直接测试及四类验收证据,NONE,HIGH,HIGH,B5-TRAINING,AUDIT-009|TRAIN-007,engine/deal.py::GameState|engine/deal.py::PlayerState|engine/invariants.py::ownership_regions|engine/orchestrator.py::DecisionAuditWriter|engine/state.py::assert_event_boundary|players/humanlike/audit_replay.py::verify_audit,AU-081 程序实现规范：第 11—19 章 / 11.5 Episode；AU-086 程序实现规范：第 11—19 章 / 13.5 训练接口→03-unit-specs/training_environment_specs.md→training→engine/deal.py::GameState|engine/deal.py::PlayerState|engine/invariants.py::ownership_regions|engine/orchestrator.py::DecisionAuditWriter|engine/state.py::assert_event_boundary|players/humanlike/audit_replay.py::verify_audit,True,True,False,True,False,NONE
TRAIN-007,多玩家 ActionMap 与自博弈调度,TRAIN,ATOMIC,PARTIAL,AUDITED,AU-063 程序实现规范：第 0—10 章 / 3.9 Training wrapper；AU-077 程序实现规范：第 11—19 章 / 11.1 训练模式；AU-086 程序实现规范：第 11—19 章 / 13.5 训练接口,03-unit-specs/training_environment_specs.md,engine/blood_battle.py::active_seats|engine/blood_battle.py::next_active|engine/invariants.py::assert_event_boundary|engine/invariants.py::ownership_regions|engine/orchestrator.py::PlayerGameRunner|engine/orchestrator.py::_play_seat_action|engine/orchestrator.py::run|engine/session.py::GameSession|engine/session.py::apply|engine/session.py::play_random_game|engine/state.py::GameState|engine/state.py::PlayerState|engine/state.py::from_dict|training/action_codec_v2.py::decode_action|training/action_codec_v2.py::encode_action|training/action_codec_v2.py::legal_action_mask,tests/humanlike_v2/test_humanlike_player_integration.py::test_humanlike_self_play_has_no_policy_crash_or_full_state_channel|tests/humanlike_v2/test_humanlike_player_integration.py::test_same_game_produces_same_decision_histories|tests/humanlike_v2/test_invariants.py::test_duplicate_ownership_reports_structured_failure|tests/humanlike_v2/test_invariants.py::test_ready_state_owns_every_physical_tile_once|tests/humanlike_v2/test_state_v5_migration.py::test_bad_legacy_state_fails_instead_of_guessing|tests/humanlike_v2/test_state_v5_migration.py::test_legacy_migration_is_deterministic_and_non_mutating|tests/humanlike_v2/test_training_contract_v2.py::test_codec_is_fixed_unique_and_roundtrips|tests/humanlike_v2/test_training_contract_v2.py::test_codec_rejects_mixed_exchange_and_mask_is_exact|tests/test_blood_battle.py::test_b10_random_games_terminate|tests/test_blood_battle.py::test_b11_more_random|tests/test_blood_battle.py::test_session_wrapper|tests/test_exchange_dingque.py::test_t12_v1_dealt_readable|tests/test_reward.py::test_rw02_rank_bonus|tests/test_session_scores.py::test_second_hand_starts_from_previous_totals|tests/test_session_scores.py::test_starting_scores_applied_at_run_start|tests/test_state_serde.py::test_strict_rejects_bad_hand_sizes|tests/test_state_serde.py::test_t08_dict_roundtrip,,TRAIN-006|RULE-013,REQUIRES_BOUNDARY_TEST,存在复合旧实现候选，但未隔离为v3单元，schema/错误/参数/状态/审计绑定及生产trace未按锁定规格核验,缺少锁定单元的直接测试及四类验收证据,NONE,HIGH,HIGH,B5-TRAINING,AUDIT-006,display/app.py::PlayerGameRunner|engine/deal.py::GameState|engine/deal.py::PlayerState|engine/invariants.py::ownership_regions|engine/orchestrator.py::PlayerGameRunner|engine/orchestrator.py::_play_seat_action|engine/state.py::assert_event_boundary|main.py::GameSession|main.py::PlayerGameRunner|main.py::_play_seat_action|training/action_codec_v2.py::encode_action|training/env.py::decode_action|training/env.py::encode_action|training/env.py::legal_action_mask,AU-063 程序实现规范：第 0—10 章 / 3.9 Training wrapper；AU-077 程序实现规范：第 11—19 章 / 11.1 训练模式；AU-086 程序实现规范：第 11—19 章 / 13.5 训练接口→03-unit-specs/training_environment_specs.md→training→display/app.py::PlayerGameRunner|engine/deal.py::GameState|engine/deal.py::PlayerState|engine/invariants.py::ownership_regions|engine/orchestrator.py::PlayerGameRunner|engine/orchestrator.py::_play_seat_action|engine/state.py::assert_event_boundary|main.py::GameSession|main.py::PlayerGameRunner|main.py::_play_seat_action|training/action_codec_v2.py::encode_action|training/env.py::decode_action|training/env.py::encode_action|training/env.py::legal_action_mask,True,True,False,True,False,NONE
TRAIN-008,离线 BC 与回放 RL 数据消费,TRAIN,ATOMIC,PARTIAL,AUDITED,AU-077 程序实现规范：第 11—19 章 / 11.1 训练模式,03-unit-specs/training_environment_specs.md,training/action_codec_v2.py::decode_action|training/action_codec_v2.py::encode_action|training/action_codec_v2.py::legal_action_mask,tests/humanlike_v2/test_training_contract_v2.py::test_codec_is_fixed_unique_and_roundtrips|tests/humanlike_v2/test_training_contract_v2.py::test_codec_rejects_mixed_exchange_and_mask_is_exact,,TRAIN-002|TRAIN-003|AUDIT-014,REQUIRES_BOUNDARY_TEST,存在复合旧实现候选，但未隔离为v3单元，schema/错误/参数/状态/审计绑定及生产trace未按锁定规格核验,缺少锁定单元的直接测试及四类验收证据,NONE,HIGH,HIGH,B5-TRAINING,MODEL-005,training/action_codec_v2.py::encode_action|training/env.py::decode_action|training/env.py::encode_action|training/env.py::legal_action_mask,AU-077 程序实现规范：第 11—19 章 / 11.1 训练模式→03-unit-specs/training_environment_specs.md→training→training/action_codec_v2.py::encode_action|training/env.py::decode_action|training/env.py::encode_action|training/env.py::legal_action_mask,True,True,False,True,False,NONE
TRAIN-009,房规、profile 与行为域随机化,TRAIN,ATOMIC,PARTIAL,AUDITED,AU-077 程序实现规范：第 11—19 章 / 11.1 训练模式,03-unit-specs/training_environment_specs.md,training/action_codec_v2.py::decode_action|training/action_codec_v2.py::encode_action|training/action_codec_v2.py::legal_action_mask,tests/humanlike_v2/test_training_contract_v2.py::test_codec_is_fixed_unique_and_roundtrips|tests/humanlike_v2/test_training_contract_v2.py::test_codec_rejects_mixed_exchange_and_mask_is_exact,,STATE-010|ALGO-011,REQUIRES_BOUNDARY_TEST,存在复合旧实现候选，但未隔离为v3单元，schema/错误/参数/状态/审计绑定及生产trace未按锁定规格核验,缺少锁定单元的直接测试及四类验收证据,NONE,HIGH,HIGH,B5-TRAINING,AUDIT-006,training/action_codec_v2.py::encode_action|training/env.py::decode_action|training/env.py::encode_action|training/env.py::legal_action_mask,AU-077 程序实现规范：第 11—19 章 / 11.1 训练模式→03-unit-specs/training_environment_specs.md→training→training/action_codec_v2.py::encode_action|training/env.py::decode_action|training/env.py::encode_action|training/env.py::legal_action_mask,True,True,False,True,False,NONE
AUDIT-001,全原子规则事件日志,AUDIT,ATOMIC,PARTIAL,AUDITED,AU-029 人类化决策规则：第 7—14 章 / 8.8 信息边界；AU-062 程序实现规范：第 0—10 章 / 3.8 Replay/Audit；AU-071 程序实现规范：第 0—10 章 / 7. 状态机/事件；AU-082 程序实现规范：第 11—19 章 / 12.1 事件日志,03-unit-specs/audit_specs.md,engine/audit.py::DecisionAuditWriter|engine/audit.py::record_decision|engine/audit.py::verify_audit|engine/blood_battle.py::active_seats|engine/blood_battle.py::next_active|engine/orchestrator.py::PlayerGameRunner|engine/orchestrator.py::_play_seat_action|engine/orchestrator.py::run|engine/physical_tile.py::PhysicalTile|engine/physical_tile.py::id|engine/session.py::GameSession|engine/session.py::apply|engine/session.py::play_random_game|engine/state.py::GameState|engine/state.py::PlayerState|engine/state.py::from_dict|protocols/player_view_builder.py::PlayerViewBuilder|protocols/player_view_builder.py::build|protocols/player_view_builder.py::build_legacy_dict,tests/humanlike_v2/test_audit_replay.py::test_runner_audit_verifies_and_policy_replays|tests/humanlike_v2/test_audit_replay.py::test_tampering_and_truncation_are_detected|tests/humanlike_v2/test_audit_replay.py::test_writer_rejects_opponent_hand_leak_and_illegal_action|tests/humanlike_v2/test_audit_replay.py::test_writer_verifier_and_footer_contract|tests/humanlike_v2/test_humanlike_player_integration.py::test_humanlike_self_play_has_no_policy_crash_or_full_state_channel|tests/humanlike_v2/test_humanlike_player_integration.py::test_same_game_produces_same_decision_histories|tests/humanlike_v2/test_player_view_v2.py::test_gp021_all_visibility_fields_have_hidden_partial_exact_contracts|tests/humanlike_v2/test_player_view_v2.py::test_gp021_wall_and_concealed_gang_visibility_modes|tests/humanlike_v2/test_player_view_v2.py::test_v2_whitelist_hides_opponents_wall_and_sentinel|tests/humanlike_v2/test_state_v5_migration.py::test_bad_legacy_state_fails_instead_of_guessing|tests/humanlike_v2/test_state_v5_migration.py::test_legacy_migration_is_deterministic_and_non_mutating|tests/test_blood_battle.py::test_b10_random_games_terminate|tests/test_blood_battle.py::test_b11_more_random|tests/test_blood_battle.py::test_session_wrapper|tests/test_exchange_dingque.py::test_human_face_exchange_resolves_to_physical_tiles|tests/test_exchange_dingque.py::test_t12_v1_dealt_readable|tests/test_reward.py::test_rw02_rank_bonus|tests/test_session_scores.py::test_second_hand_starts_from_previous_totals|tests/test_session_scores.py::test_starting_scores_applied_at_run_start|tests/test_state_serde.py::test_strict_rejects_bad_hand_sizes|tests/test_state_serde.py::test_t08_dict_roundtrip|tests/test_state_serde.py::test_unsupported_schema_version,,STATE-004|STATE-002,REQUIRES_BOUNDARY_TEST,旧审计主要记录决策，未覆盖全部原子规则事件,缺少锁定单元的直接测试及四类验收证据,NONE,HIGH,HIGH,B6-AUDIT-RELEASE,AUDIT-003|AUDIT-014,display/app.py::PlayerGameRunner|engine/blood_battle.py::PhysicalTile|engine/deal.py::GameState|engine/deal.py::PlayerState|engine/orchestrator.py::DecisionAuditWriter|engine/orchestrator.py::PlayerGameRunner|engine/orchestrator.py::_play_seat_action|engine/physical_tile.py::PhysicalTile|main.py::GameSession|main.py::PlayerGameRunner|main.py::_play_seat_action|players/humanlike/audit_replay.py::verify_audit|protocols/view_filter.py::PlayerViewBuilder|protocols/view_filter.py::build_legacy_dict,AU-029 人类化决策规则：第 7—14 章 / 8.8 信息边界；AU-062 程序实现规范：第 0—10 章 / 3.8 Replay/Audit；AU-071 程序实现规范：第 0—10 章 / 7. 状态机/事件；AU-082 程序实现规范：第 11—19 章 / 12.1 事件日志→03-unit-specs/audit_specs.md→engine/audit + docs/evidence→display/app.py::PlayerGameRunner|engine/blood_battle.py::PhysicalTile|engine/deal.py::GameState|engine/deal.py::PlayerState|engine/orchestrator.py::DecisionAuditWriter|engine/orchestrator.py::PlayerGameRunner|engine/orchestrator.py::_play_seat_action|engine/physical_tile.py::PhysicalTile|main.py::GameSession|main.py::PlayerGameRunner|main.py::_play_seat_action|players/humanlike/audit_replay.py::verify_audit|protocols/view_filter.py::PlayerViewBuilder|protocols/view_filter.py::build_legacy_dict,True,True,False,True,False,NONE
AUDIT-002,AI 决策解释日志,AUDIT,ATOMIC,PARTIAL,AUDITED,AU-029 人类化决策规则：第 7—14 章 / 8.8 信息边界；AU-038 人类化决策规则：第 7—14 章 / 10.7–10.13 人类表现；AU-041 人类化决策规则：第 7—14 章 / 13. 玩家模型；AU-062 程序实现规范：第 0—10 章 / 3.8 Replay/Audit；AU-083 程序实现规范：第 11—19 章 / 12.2 AI 决策日志,03-unit-specs/audit_specs.md,engine/audit.py::DecisionAuditWriter|engine/audit.py::record_decision|engine/audit.py::verify_audit|engine/physical_tile.py::PhysicalTile|engine/physical_tile.py::id|engine/state.py::GameState|engine/state.py::PlayerState|engine/state.py::from_dict|players/humanlike/audit_replay.py::replay_humanlike_audit|players/humanlike/cognition.py::CognitiveState|players/humanlike/cognition.py::begin_new_round|players/humanlike/cognition.py::update_memory|players/humanlike/config.py::HumanlikeConfig|players/humanlike/config.py::_validate_global_parameters|players/humanlike/config.py::load_config|players/humanlike/plan.py::PlanSnapshot|players/humanlike/plan.py::choose_plan|players/humanlike/traceability.py::ParameterTrace|players/humanlike/traceability.py::_gp_consumer|players/humanlike/traceability.py::_rp_consumer|protocols/player_view_builder.py::PlayerViewBuilder|protocols/player_view_builder.py::build|protocols/player_view_builder.py::build_legacy_dict,tests/humanlike_v2/test_audit_replay.py::test_runner_audit_verifies_and_policy_replays|tests/humanlike_v2/test_audit_replay.py::test_tampering_and_truncation_are_detected|tests/humanlike_v2/test_audit_replay.py::test_writer_rejects_opponent_hand_leak_and_illegal_action|tests/humanlike_v2/test_audit_replay.py::test_writer_verifier_and_footer_contract|tests/humanlike_v2/test_cognition.py::test_bounded_noise_is_reproducible_and_stays_in_near_pool|tests/humanlike_v2/test_cognition.py::test_round_reset_keeps_only_bounded_public_impressions|tests/humanlike_v2/test_config.py::test_default_has_all_gp_profiles_and_stable_hash|tests/humanlike_v2/test_config.py::test_hash_ignores_json_format_and_key_order|tests/humanlike_v2/test_config.py::test_invalid_range_fails|tests/humanlike_v2/test_config.py::test_missing_gp_fails|tests/humanlike_v2/test_config.py::test_non_normalized_weights_fail|tests/humanlike_v2/test_config.py::test_unknown_version_fails|tests/humanlike_v2/test_player_view_v2.py::test_gp021_all_visibility_fields_have_hidden_partial_exact_contracts|tests/humanlike_v2/test_player_view_v2.py::test_gp021_wall_and_concealed_gang_visibility_modes|tests/humanlike_v2/test_player_view_v2.py::test_v2_whitelist_hides_opponents_wall_and_sentinel|tests/humanlike_v2/test_state_v5_migration.py::test_bad_legacy_state_fails_instead_of_guessing|tests/humanlike_v2/test_state_v5_migration.py::test_legacy_migration_is_deterministic_and_non_mutating|tests/test_exchange_dingque.py::test_human_face_exchange_resolves_to_physical_tiles|tests/test_exchange_dingque.py::test_t12_v1_dealt_readable|tests/test_reward.py::test_rw02_rank_bonus|tests/test_state_serde.py::test_strict_rejects_bad_hand_sizes|tests/test_state_serde.py::test_t08_dict_roundtrip|tests/test_state_serde.py::test_unsupported_schema_version,,STATE-009|STATE-006|ALGO-007,REQUIRES_BOUNDARY_TEST,存在复合旧实现候选，但未隔离为v3单元，schema/错误/参数/状态/审计绑定及生产trace未按锁定规格核验,缺少锁定单元的直接测试及四类验收证据,NONE,HIGH,MEDIUM,B6-AUDIT-RELEASE,AUDIT-003|AUDIT-014,engine/blood_battle.py::PhysicalTile|engine/deal.py::GameState|engine/deal.py::PlayerState|engine/orchestrator.py::DecisionAuditWriter|engine/physical_tile.py::PhysicalTile|players/humanlike/audit_replay.py::verify_audit|players/humanlike/config.py::HumanlikeConfig|players/humanlike/config.py::_validate_global_parameters|players/humanlike/evaluator.py::choose_plan|players/humanlike/plan.py::PlanSnapshot|players/humanlike/player.py::begin_new_round|players/humanlike/player.py::load_config|players/humanlike/player.py::update_memory|players/humanlike/settings_service.py::load_config|players/humanlike/traceability.py::ParameterTrace|players/humanlike/traceability.py::_gp_consumer|protocols/view_filter.py::PlayerViewBuilder|protocols/view_filter.py::build_legacy_dict,AU-029 人类化决策规则：第 7—14 章 / 8.8 信息边界；AU-038 人类化决策规则：第 7—14 章 / 10.7–10.13 人类表现；AU-041 人类化决策规则：第 7—14 章 / 13. 玩家模型；AU-062 程序实现规范：第 0—10 章 / 3.8 Replay/Audit；AU-083 程序实现规范：第 11—19 章 / 12.2 AI 决策日志→03-unit-specs/audit_specs.md→engine/audit + docs/evidence→engine/blood_battle.py::PhysicalTile|engine/deal.py::GameState|engine/deal.py::PlayerState|engine/orchestrator.py::DecisionAuditWriter|engine/physical_tile.py::PhysicalTile|players/humanlike/audit_replay.py::verify_audit|players/humanlike/config.py::HumanlikeConfig|players/humanlike/config.py::_validate_global_parameters|players/humanlike/evaluator.py::choose_plan|players/humanlike/plan.py::PlanSnapshot|players/humanlike/player.py::begin_new_round|players/humanlike/player.py::load_config|players/humanlike/player.py::update_memory|players/humanlike/settings_service.py::load_config|players/humanlike/traceability.py::ParameterTrace|players/humanlike/traceability.py::_gp_consumer|protocols/view_filter.py::PlayerViewBuilder|protocols/view_filter.py::build_legacy_dict,True,True,False,True,False,NONE
AUDIT-003,canonical hash 链与篡改检测,AUDIT,ATOMIC,AUDITED,AUDITED,AU-062 程序实现规范：第 0—10 章 / 3.8 Replay/Audit；AU-082 程序实现规范：第 11—19 章 / 12.1 事件日志；AU-083 程序实现规范：第 11—19 章 / 12.2 AI 决策日志,03-unit-specs/audit_specs.md,engine/orchestrator.py→DecisionAuditWriter;players/humanlike/audit_replay.py,tests/spec_v3/test_audit_003.py;audit replay tests,task15_evidence/run_a+run_b;43 decisions identical,AUDIT-001|AUDIT-002,REQUIRES_BOUNDARY_TEST,NONE,NONE,NONE,MEDIUM,MEDIUM,B0-PILOT-ACCEPTANCE,AUDIT-004,engine/blood_battle.py::PhysicalTile|engine/deal.py::GameState|engine/deal.py::PlayerState|engine/orchestrator.py::DecisionAuditWriter|engine/physical_tile.py::PhysicalTile|players/humanlike/audit_replay.py::verify_audit,AU-062/082/083→AUDIT-003→audit.py→tests→runtime,True,True,True,True,False,NONE
AUDIT-004,同配置/seed/事件的确定性回放,AUDIT,ATOMIC,PARTIAL,AUDITED,AU-062 程序实现规范：第 0—10 章 / 3.8 Replay/Audit；AU-084 程序实现规范：第 11—19 章 / 12.3 确定性回放,03-unit-specs/audit_specs.md,engine/physical_tile.py::PhysicalTile|engine/physical_tile.py::id|engine/session.py::GameSession|engine/session.py::apply|engine/session.py::play_random_game|engine/state.py::GameState|engine/state.py::PlayerState|engine/state.py::from_dict|players/base_player.py::BasePlayer|players/base_player.py::observe,tests/humanlike_v2/test_state_v5_migration.py::test_bad_legacy_state_fails_instead_of_guessing|tests/humanlike_v2/test_state_v5_migration.py::test_legacy_migration_is_deterministic_and_non_mutating|tests/test_blood_battle.py::test_b10_random_games_terminate|tests/test_blood_battle.py::test_b11_more_random|tests/test_blood_battle.py::test_session_wrapper|tests/test_exchange_dingque.py::test_human_face_exchange_resolves_to_physical_tiles|tests/test_exchange_dingque.py::test_t12_v1_dealt_readable|tests/test_reward.py::test_rw02_rank_bonus|tests/test_state_serde.py::test_strict_rejects_bad_hand_sizes|tests/test_state_serde.py::test_t08_dict_roundtrip|tests/test_state_serde.py::test_unsupported_schema_version,,AUDIT-003|ALGO-008|STATE-007,REQUIRES_BOUNDARY_TEST,存在复合旧实现候选，但未隔离为v3单元，schema/错误/参数/状态/审计绑定及生产trace未按锁定规格核验,缺少锁定单元的直接测试及四类验收证据,NONE,HIGH,MEDIUM,B6-AUDIT-RELEASE,AUDIT-009,engine/blood_battle.py::PhysicalTile|engine/deal.py::GameState|engine/deal.py::PlayerState|engine/orchestrator.py::GameSession|engine/physical_tile.py::PhysicalTile|engine/session.py::GameSession|main.py::GameSession|players/analysis/predict_eval.py::GameSession|training/env.py::GameSession,AU-062 程序实现规范：第 0—10 章 / 3.8 Replay/Audit；AU-084 程序实现规范：第 11—19 章 / 12.3 确定性回放→03-unit-specs/audit_specs.md→engine/audit + docs/evidence→engine/blood_battle.py::PhysicalTile|engine/deal.py::GameState|engine/deal.py::PlayerState|engine/orchestrator.py::GameSession|engine/physical_tile.py::PhysicalTile|engine/session.py::GameSession|main.py::GameSession|players/analysis/predict_eval.py::GameSession|training/env.py::GameSession,True,True,False,True,False,NONE
AUDIT-005,每事件强制不变量执行,AUDIT,ATOMIC,PARTIAL,AUDITED,AU-053 程序实现规范：第 0—10 章 / 2. IR-001～018；AU-071 程序实现规范：第 0—10 章 / 7. 状态机/事件；AU-087 程序实现规范：第 11—19 章 / 14.1 每事件断言,03-unit-specs/audit_specs.md,engine/blood_battle.py::active_seats|engine/blood_battle.py::next_active|engine/legal.py::action_in_legal|engine/legal.py::legal_actions|engine/legal.py::legal_discards|engine/orchestrator.py::PlayerGameRunner|engine/orchestrator.py::_play_seat_action|engine/orchestrator.py::run|engine/session.py::GameSession|engine/session.py::apply|engine/session.py::play_random_game|players/humanlike/candidates.py::CandidateSet|players/humanlike/candidates.py::build_candidates|players/humanlike/candidates.py::stable_action_key|players/humanlike/view.py::DecisionContext|players/humanlike/view.py::build_decision_context|protocols/player_view_builder.py::PlayerViewBuilder|protocols/player_view_builder.py::build|protocols/player_view_builder.py::build_legacy_dict|protocols/player_view_v2.py::PlayerViewV2|protocols/player_view_v2.py::freeze_mapping|protocols/player_view_v2.py::thaw,tests/humanlike_v2/test_deterministic_policy.py::test_context_rejects_wrong_view_version_and_seat|tests/humanlike_v2/test_deterministic_policy.py::test_evaluation_is_repeatable_and_rng_free|tests/humanlike_v2/test_deterministic_policy.py::test_mandatory_hu_survives_candidate_cap|tests/humanlike_v2/test_deterministic_policy.py::test_stable_action_key_is_explicit|tests/humanlike_v2/test_humanlike_player_integration.py::test_humanlike_self_play_has_no_policy_crash_or_full_state_channel|tests/humanlike_v2/test_humanlike_player_integration.py::test_same_game_produces_same_decision_histories|tests/humanlike_v2/test_player_view_v2.py::test_gp021_all_visibility_fields_have_hidden_partial_exact_contracts|tests/humanlike_v2/test_player_view_v2.py::test_gp021_wall_and_concealed_gang_visibility_modes|tests/humanlike_v2/test_player_view_v2.py::test_v2_whitelist_hides_opponents_wall_and_sentinel|tests/test_analysis.py::test_an03_strategy_best_min_shanten|tests/test_blood_battle.py::test_b10_random_games_terminate|tests/test_blood_battle.py::test_b11_more_random|tests/test_blood_battle.py::test_session_wrapper|tests/test_session_scores.py::test_second_hand_starts_from_previous_totals|tests/test_session_scores.py::test_starting_scores_applied_at_run_start,,STATE-004|ALGO-001|RULE-001|SCORE-001,REQUIRES_BOUNDARY_TEST,旧不变量未证明在每个原子事件边界统一执行,缺少锁定单元的直接测试及四类验收证据,NONE,HIGH,HIGH,B6-AUDIT-RELEASE,AUDIT-006|AUDIT-007,display/app.py::PlayerGameRunner|engine/blood_battle.py::action_in_legal|engine/legal.py::legal_discards|engine/orchestrator.py::PlayerGameRunner|engine/orchestrator.py::_play_seat_action|engine/orchestrator.py::action_in_legal|main.py::GameSession|main.py::PlayerGameRunner|main.py::_play_seat_action|players/humanlike/attention.py::stable_action_key|players/humanlike/player.py::build_candidates|players/humanlike/player.py::build_decision_context|players/humanlike/view.py::PlayerViewV2|protocols/player_view_builder.py::PlayerViewV2|protocols/player_view_v2.py::freeze_mapping|protocols/view_filter.py::PlayerViewBuilder|protocols/view_filter.py::build_legacy_dict|training/env.py::action_in_legal,AU-053 程序实现规范：第 0—10 章 / 2. IR-001～018；AU-071 程序实现规范：第 0—10 章 / 7. 状态机/事件；AU-087 程序实现规范：第 11—19 章 / 14.1 每事件断言→03-unit-specs/audit_specs.md→engine/audit + docs/evidence→display/app.py::PlayerGameRunner|engine/blood_battle.py::action_in_legal|engine/legal.py::legal_discards|engine/orchestrator.py::PlayerGameRunner|engine/orchestrator.py::_play_seat_action|engine/orchestrator.py::action_in_legal|main.py::GameSession|main.py::PlayerGameRunner|main.py::_play_seat_action|players/humanlike/attention.py::stable_action_key|players/humanlike/player.py::build_candidates|players/humanlike/player.py::build_decision_context|players/humanlike/view.py::PlayerViewV2|protocols/player_view_builder.py::PlayerViewV2|protocols/player_view_v2.py::freeze_mapping|protocols/view_filter.py::PlayerViewBuilder|protocols/view_filter.py::build_legacy_dict|training/env.py::action_in_legal,True,True,False,True,False,NONE
AUDIT-006,直接规则与接口测试证据门禁,AUDIT,ATOMIC,PARTIAL,AUDITED,AU-088 程序实现规范：第 11—19 章 / 14.2 单元测试清单,03-unit-specs/audit_specs.md,engine/exchange.py::resolve_exchange_direction|engine/exchange.py::resolve_exchange_tiles|engine/exchange.py::validate_exchange_tiles|engine/legal.py::legal_actions|engine/legal.py::legal_discards|engine/opening.py::begin_opening|engine/opening.py::submit_dingque|engine/opening.py::submit_exchange,tests/test_analysis.py::test_an03_strategy_best_min_shanten|tests/test_exchange_dingque.py::test_human_face_exchange_resolves_to_physical_tiles|tests/test_exchange_dingque.py::test_t02_auto_dice_mapping|tests/test_exchange_dingque.py::test_t03_full_exchange_to_dingque|tests/test_exchange_dingque.py::test_t04_multiset_transfer|tests/test_exchange_dingque.py::test_t05_illegal_exchange|tests/test_exchange_dingque.py::test_t06_overwrite_pending|tests/test_exchange_dingque.py::test_t07_fixed_clockwise,,AUDIT-005,REQUIRES_BOUNDARY_TEST,存在复合旧实现候选，但未隔离为v3单元，schema/错误/参数/状态/审计绑定及生产trace未按锁定规格核验,缺少锁定单元的直接测试及四类验收证据,NONE,MEDIUM,MEDIUM,B6-AUDIT-RELEASE,AUDIT-008|AUDIT-011,engine/exchange.py::validate_exchange_tiles|engine/opening.py::resolve_exchange_direction|engine/opening.py::resolve_exchange_tiles|engine/opening.py::validate_exchange_tiles|engine/orchestrator.py::validate_exchange_tiles|training/env.py::validate_exchange_tiles,AU-088 程序实现规范：第 11—19 章 / 14.2 单元测试清单→03-unit-specs/audit_specs.md→engine/audit + docs/evidence→engine/exchange.py::validate_exchange_tiles|engine/opening.py::resolve_exchange_direction|engine/opening.py::resolve_exchange_tiles|engine/opening.py::validate_exchange_tiles|engine/orchestrator.py::validate_exchange_tiles|training/env.py::validate_exchange_tiles,True,True,False,True,False,NONE
AUDIT-007,属性式生成、缩减与不变量证据,AUDIT,ATOMIC,PARTIAL,AUDITED,AU-089 程序实现规范：第 11—19 章 / 14.3 属性测试,03-unit-specs/audit_specs.md,engine/legal.py::action_in_legal|engine/legal.py::legal_actions|engine/legal.py::legal_discards|players/humanlike/candidates.py::CandidateSet|players/humanlike/candidates.py::build_candidates|players/humanlike/candidates.py::stable_action_key|protocols/player_view_builder.py::PlayerViewBuilder|protocols/player_view_builder.py::build,tests/humanlike_v2/test_deterministic_policy.py::test_evaluation_is_repeatable_and_rng_free|tests/humanlike_v2/test_deterministic_policy.py::test_mandatory_hu_survives_candidate_cap|tests/humanlike_v2/test_deterministic_policy.py::test_stable_action_key_is_explicit|tests/humanlike_v2/test_player_view_v2.py::test_gp021_all_visibility_fields_have_hidden_partial_exact_contracts|tests/humanlike_v2/test_player_view_v2.py::test_gp021_wall_and_concealed_gang_visibility_modes|tests/humanlike_v2/test_player_view_v2.py::test_v2_whitelist_hides_opponents_wall_and_sentinel|tests/test_analysis.py::test_an03_strategy_best_min_shanten,,AUDIT-005|ALGO-011,REQUIRES_BOUNDARY_TEST,存在复合旧实现候选，但未隔离为v3单元，schema/错误/参数/状态/审计绑定及生产trace未按锁定规格核验,缺少锁定单元的直接测试及四类验收证据,NONE,HIGH,MEDIUM,B6-AUDIT-RELEASE,发布门禁,engine/blood_battle.py::action_in_legal|engine/legal.py::legal_discards|engine/orchestrator.py::action_in_legal|players/humanlike/attention.py::stable_action_key|players/humanlike/player.py::build_candidates|training/env.py::action_in_legal,AU-089 程序实现规范：第 11—19 章 / 14.3 属性测试→03-unit-specs/audit_specs.md→engine/audit + docs/evidence→engine/blood_battle.py::action_in_legal|engine/legal.py::legal_discards|engine/orchestrator.py::action_in_legal|players/humanlike/attention.py::stable_action_key|players/humanlike/player.py::build_candidates|training/env.py::action_in_legal,True,True,False,True,False,NONE
AUDIT-008,锁定来源逐章 golden-case 对照,AUDIT,ATOMIC,PARTIAL,AUDITED,AU-043 人类化决策规则：第 15—18 章与参数 / 15. 总体流程；AU-090 程序实现规范：第 11—19 章 / 14.4 章节对照测试,03-unit-specs/audit_specs.md,players/humanlike/config.py::HumanlikeConfig|players/humanlike/config.py::_validate_global_parameters|players/humanlike/config.py::load_config|players/humanlike/runtime.py::RoundRuntime|players/humanlike/runtime.py::apply_event|players/humanlike/runtime.py::create_round|players/humanlike/traceability.py::ParameterTrace|players/humanlike/traceability.py::_gp_consumer|players/humanlike/traceability.py::_rp_consumer,tests/humanlike_v2/test_config.py::test_default_has_all_gp_profiles_and_stable_hash|tests/humanlike_v2/test_config.py::test_hash_ignores_json_format_and_key_order|tests/humanlike_v2/test_config.py::test_invalid_range_fails|tests/humanlike_v2/test_config.py::test_missing_gp_fails|tests/humanlike_v2/test_config.py::test_missing_player_cognitive_gp_fails|tests/humanlike_v2/test_config.py::test_non_normalized_weights_fail|tests/humanlike_v2/test_config.py::test_player_cognitive_parameters_are_independent|tests/humanlike_v2/test_config.py::test_unknown_version_fails|tests/humanlike_v2/test_runtime.py::test_event_decision_and_finalize_lifecycle|tests/humanlike_v2/test_runtime.py::test_unknown_rp_and_invalid_transition_fail,,AUDIT-006|AUDIT-010,REQUIRES_BOUNDARY_TEST,存在复合旧实现候选，但未隔离为v3单元，schema/错误/参数/状态/审计绑定及生产trace未按锁定规格核验,缺少锁定单元的直接测试及四类验收证据,NONE,MEDIUM,MEDIUM,B6-AUDIT-RELEASE,发布门禁,players/humanlike/config.py::HumanlikeConfig|players/humanlike/config.py::_validate_global_parameters|players/humanlike/player.py::load_config|players/humanlike/settings_service.py::load_config|players/humanlike/traceability.py::ParameterTrace|players/humanlike/traceability.py::_gp_consumer,AU-043 人类化决策规则：第 15—18 章与参数 / 15. 总体流程；AU-090 程序实现规范：第 11—19 章 / 14.4 章节对照测试→03-unit-specs/audit_specs.md→engine/audit + docs/evidence→players/humanlike/config.py::HumanlikeConfig|players/humanlike/config.py::_validate_global_parameters|players/humanlike/player.py::load_config|players/humanlike/settings_service.py::load_config|players/humanlike/traceability.py::ParameterTrace|players/humanlike/traceability.py::_gp_consumer,True,True,False,True,False,NONE
AUDIT-009,工程与行为回归指标,AUDIT,ATOMIC_FACADE_INTERNAL_SPLIT_REVIEW,PARTIAL,AUDITED,AU-091 程序实现规范：第 11—19 章 / 14.5 回归指标,03-unit-specs/audit_specs.md,players/humanlike/view.py::DecisionContext|players/humanlike/view.py::build_decision_context|protocols/player_view_builder.py::PlayerViewBuilder|protocols/player_view_builder.py::build|protocols/player_view_builder.py::build_legacy_dict|protocols/player_view_v2.py::PlayerViewV2|protocols/player_view_v2.py::freeze_mapping|protocols/player_view_v2.py::thaw,tests/humanlike_v2/test_deterministic_policy.py::test_context_rejects_wrong_view_version_and_seat|tests/humanlike_v2/test_player_view_v2.py::test_gp021_all_visibility_fields_have_hidden_partial_exact_contracts|tests/humanlike_v2/test_player_view_v2.py::test_gp021_wall_and_concealed_gang_visibility_modes|tests/humanlike_v2/test_player_view_v2.py::test_v2_whitelist_hides_opponents_wall_and_sentinel,,AUDIT-004|TRAIN-006,REQUIRES_BOUNDARY_TEST,存在复合旧实现候选，但未隔离为v3单元，schema/错误/参数/状态/审计绑定及生产trace未按锁定规格核验,缺少锁定单元的直接测试及四类验收证据,实现前需落实门面内职责分离，不改变已锁定外部语义,MEDIUM,MEDIUM,B6-AUDIT-RELEASE,AUDIT-012,players/humanlike/player.py::build_decision_context|players/humanlike/view.py::PlayerViewV2|protocols/player_view_builder.py::PlayerViewV2|protocols/player_view_v2.py::freeze_mapping|protocols/view_filter.py::PlayerViewBuilder|protocols/view_filter.py::build_legacy_dict,AU-091 程序实现规范：第 11—19 章 / 14.5 回归指标→03-unit-specs/audit_specs.md→engine/audit + docs/evidence→players/humanlike/player.py::build_decision_context|players/humanlike/view.py::PlayerViewV2|protocols/player_view_builder.py::PlayerViewV2|protocols/player_view_v2.py::freeze_mapping|protocols/view_filter.py::PlayerViewBuilder|protocols/view_filter.py::build_legacy_dict,True,True,False,True,False,工程回归与行为回归指标的数据源、阈值和执行频率不同，建议拆为两个内部检查器
AUDIT-010,来源→参数→实现→测试全链追踪,AUDIT,ATOMIC,PARTIAL,AUDITED,AU-092 程序实现规范：第 11—19 章 / 15. 源规则追踪,03-unit-specs/audit_specs.md,players/humanlike/traceability.py::ParameterTrace|players/humanlike/traceability.py::_gp_consumer|players/humanlike/traceability.py::_rp_consumer,,,无,NONE,存在复合旧实现候选，但未隔离为v3单元，schema/错误/参数/状态/审计绑定及生产trace未按锁定规格核验,未找到当前可验证测试；需新增单元、边界、集成与回放测试,NONE,HIGH,MEDIUM,B6-AUDIT-RELEASE,AUDIT-008|AUDIT-011,players/humanlike/traceability.py::ParameterTrace|players/humanlike/traceability.py::_gp_consumer|players/humanlike/traceability.py::_rp_consumer,AU-092 程序实现规范：第 11—19 章 / 15. 源规则追踪→03-unit-specs/audit_specs.md→engine/audit + docs/evidence→players/humanlike/traceability.py::ParameterTrace|players/humanlike/traceability.py::_gp_consumer|players/humanlike/traceability.py::_rp_consumer,True,False,False,True,False,NONE
AUDIT-011,版本、迁移与发布物完整性,AUDIT,ATOMIC,PARTIAL,AUDITED,AU-048 人类化决策规则：第 15—18 章与参数 / 18. 数值校验；AU-051 程序实现规范：第 0—10 章 / 0–1. 版本与源绑定；AU-095 程序实现规范：第 11—19 章 / 18. 版本/兼容,03-unit-specs/audit_specs.md,engine/persistence.py::load_game|engine/persistence.py::save_game|players/humanlike/config.py::HumanlikeConfig|players/humanlike/config.py::_validate_global_parameters|players/humanlike/config.py::load_config|players/humanlike/traceability.py::ParameterTrace|players/humanlike/traceability.py::_gp_consumer|players/humanlike/traceability.py::_rp_consumer,tests/humanlike_v2/test_config.py::test_default_has_all_gp_profiles_and_stable_hash|tests/humanlike_v2/test_config.py::test_hash_ignores_json_format_and_key_order|tests/humanlike_v2/test_config.py::test_invalid_range_fails|tests/humanlike_v2/test_config.py::test_missing_gp_fails|tests/humanlike_v2/test_config.py::test_missing_player_cognitive_gp_fails|tests/humanlike_v2/test_config.py::test_non_normalized_weights_fail|tests/humanlike_v2/test_config.py::test_player_cognitive_parameters_are_independent|tests/humanlike_v2/test_config.py::test_unknown_version_fails,,ALGO-009|STATE-007|AUDIT-006|AUDIT-010,NONE,存在复合旧实现候选，但未隔离为v3单元，schema/错误/参数/状态/审计绑定及生产trace未按锁定规格核验,缺少锁定单元的直接测试及四类验收证据,NONE,HIGH,MEDIUM,B6-AUDIT-RELEASE,MODEL-005,engine/orchestrator.py::save_game|main.py::load_game|players/humanlike/config.py::HumanlikeConfig|players/humanlike/config.py::_validate_global_parameters|players/humanlike/player.py::load_config|players/humanlike/settings_service.py::load_config|players/humanlike/traceability.py::ParameterTrace|players/humanlike/traceability.py::_gp_consumer,AU-048 人类化决策规则：第 15—18 章与参数 / 18. 数值校验；AU-051 程序实现规范：第 0—10 章 / 0–1. 版本与源绑定；AU-095 程序实现规范：第 11—19 章 / 18. 版本/兼容→03-unit-specs/audit_specs.md→engine/audit + docs/evidence→engine/orchestrator.py::save_game|main.py::load_game|players/humanlike/config.py::HumanlikeConfig|players/humanlike/config.py::_validate_global_parameters|players/humanlike/player.py::load_config|players/humanlike/settings_service.py::load_config|players/humanlike/traceability.py::ParameterTrace|players/humanlike/traceability.py::_gp_consumer,True,True,False,True,False,NONE
AUDIT-012,强度、真人相似和学习效果外部评价,AUDIT,ATOMIC,PARTIAL,AUDITED,AU-091 程序实现规范：第 11—19 章 / 14.5 回归指标,03-unit-specs/audit_specs.md,players/humanlike/view.py::DecisionContext|players/humanlike/view.py::build_decision_context|protocols/player_view_builder.py::PlayerViewBuilder|protocols/player_view_builder.py::build|protocols/player_view_builder.py::build_legacy_dict|protocols/player_view_v2.py::PlayerViewV2|protocols/player_view_v2.py::freeze_mapping|protocols/player_view_v2.py::thaw,tests/humanlike_v2/test_deterministic_policy.py::test_context_rejects_wrong_view_version_and_seat|tests/humanlike_v2/test_player_view_v2.py::test_gp021_all_visibility_fields_have_hidden_partial_exact_contracts|tests/humanlike_v2/test_player_view_v2.py::test_gp021_wall_and_concealed_gang_visibility_modes|tests/humanlike_v2/test_player_view_v2.py::test_v2_whitelist_hides_opponents_wall_and_sentinel,,AUDIT-009|AUDIT-014|MODEL-005,REQUIRES_BOUNDARY_TEST,存在复合旧实现候选，但未隔离为v3单元，schema/错误/参数/状态/审计绑定及生产trace未按锁定规格核验,缺少锁定单元的直接测试及四类验收证据,NONE,MEDIUM,MEDIUM,B6-AUDIT-RELEASE,发布门禁,players/humanlike/player.py::build_decision_context|players/humanlike/view.py::PlayerViewV2|protocols/player_view_builder.py::PlayerViewV2|protocols/player_view_v2.py::freeze_mapping|protocols/view_filter.py::PlayerViewBuilder|protocols/view_filter.py::build_legacy_dict,AU-091 程序实现规范：第 11—19 章 / 14.5 回归指标→03-unit-specs/audit_specs.md→engine/audit + docs/evidence→players/humanlike/player.py::build_decision_context|players/humanlike/view.py::PlayerViewV2|protocols/player_view_builder.py::PlayerViewV2|protocols/player_view_v2.py::freeze_mapping|protocols/view_filter.py::PlayerViewBuilder|protocols/view_filter.py::build_legacy_dict,True,True,False,True,False,NONE
AUDIT-013,模块依赖、接口与信息流架构契约,AUDIT,ATOMIC,PARTIAL,AUDITED,AU-054 程序实现规范：第 0—10 章 / 3. 九模块架构；AU-085 程序实现规范：第 11—19 章 / 13.1–13.4 接口；AU-093 程序实现规范：第 11—19 章 / 16. 项目结构,03-unit-specs/audit_specs.md,engine/audit.py::DecisionAuditWriter|engine/audit.py::record_decision|engine/orchestrator.py::PlayerGameRunner|engine/orchestrator.py::_play_seat_action|engine/orchestrator.py::run|engine/shanten.py::shanten|engine/state.py::GameState|engine/state.py::PlayerState|engine/state.py::from_dict|engine/win_check.py::WinCheckResult|engine/win_check.py::WinForm|players/humanlike/hand_analyzer.py::HandFeatures|players/humanlike/hand_analyzer.py::analyze_action|players/humanlike/hand_analyzer.py::visible_hand|training/env.py::ChengduMahjongEnv|training/env.py::reset|training/env.py::step,tests/humanlike_v2/test_audit_replay.py::test_writer_rejects_opponent_hand_leak_and_illegal_action|tests/humanlike_v2/test_humanlike_player_integration.py::test_humanlike_self_play_has_no_policy_crash_or_full_state_channel|tests/humanlike_v2/test_humanlike_player_integration.py::test_same_game_produces_same_decision_histories|tests/humanlike_v2/test_state_v5_migration.py::test_bad_legacy_state_fails_instead_of_guessing|tests/humanlike_v2/test_state_v5_migration.py::test_legacy_migration_is_deterministic_and_non_mutating|tests/humanlike_v2/test_training_contract_v2.py::test_illegal_raise_preserves_state_and_terminate_penalizes|tests/humanlike_v2/test_training_contract_v2.py::test_v1_integer_semantics_remain_legal_list_index|tests/humanlike_v2/test_training_contract_v2.py::test_v2_fixed_index_and_shaping_off|tests/humanlike_v2/test_training_contract_v2.py::test_v2_observation_shapes_and_no_hidden_fields|tests/humanlike_v2/test_training_contract_v2.py::test_v2_shaping_is_separate_from_true_score|tests/test_env.py::test_e01_reset_returns_obs_with_legals|tests/test_env.py::test_e03_illegal_action_raises|tests/test_env.py::test_e04_same_game_id_dealt_hands|tests/test_exchange_dingque.py::test_t12_v1_dealt_readable|tests/test_reward.py::test_rw02_rank_bonus|tests/test_session_scores.py::test_second_hand_starts_from_previous_totals|tests/test_session_scores.py::test_starting_scores_applied_at_run_start|tests/test_shanten.py::test_s01_tenpai_shanten_0|tests/test_shanten.py::test_s02_winning_standard_shanten_neg1|tests/test_shanten.py::test_s03_seven_pairs_tenpai|tests/test_shanten.py::test_s04_dingque_raises_shanten|tests/test_win_fan.py::test_w01_standard_win|tests/test_win_fan.py::test_w02_seven_pairs,,RULE-016|ALGO-010|TRAIN-001,NONE,存在复合旧实现候选，但未隔离为v3单元，schema/错误/参数/状态/审计绑定及生产trace未按锁定规格核验,缺少锁定单元的直接测试及四类验收证据,NONE,MEDIUM,MEDIUM,B6-AUDIT-RELEASE,发布门禁,display/app.py::PlayerGameRunner|engine/deal.py::GameState|engine/orchestrator.py::PlayerGameRunner|engine/orchestrator.py::_play_seat_action|engine/score.py::shanten|main.py::PlayerGameRunner|main.py::_play_seat_action|players/humanlike/evaluator.py::analyze_action|players/humanlike/evaluator.py::visible_hand|players/humanlike/hand_analyzer.py::HandFeatures|players/humanlike/hand_analyzer.py::visible_hand|players/humanlike/player.py::analyze_action|training/env.py::ChengduMahjongEnv,AU-054 程序实现规范：第 0—10 章 / 3. 九模块架构；AU-085 程序实现规范：第 11—19 章 / 13.1–13.4 接口；AU-093 程序实现规范：第 11—19 章 / 16. 项目结构→03-unit-specs/audit_specs.md→engine/audit + docs/evidence→display/app.py::PlayerGameRunner|engine/deal.py::GameState|engine/orchestrator.py::PlayerGameRunner|engine/orchestrator.py::_play_seat_action|engine/score.py::shanten|main.py::PlayerGameRunner|main.py::_play_seat_action|players/humanlike/evaluator.py::analyze_action|players/humanlike/evaluator.py::visible_hand|players/humanlike/hand_analyzer.py::HandFeatures|players/humanlike/hand_analyzer.py::visible_hand|players/humanlike/player.py::analyze_action|training/env.py::ChengduMahjongEnv,True,True,False,True,False,NONE
AUDIT-014,证据数据保留、脱敏与新鲜度管理,AUDIT,ATOMIC,PARTIAL,AUDITED,AU-083 程序实现规范：第 11—19 章 / 12.2 AI 决策日志,03-unit-specs/audit_specs.md,engine/audit.py::DecisionAuditWriter|engine/audit.py::record_decision|engine/audit.py::verify_audit|players/humanlike/audit_replay.py::replay_humanlike_audit,tests/humanlike_v2/test_audit_replay.py::test_runner_audit_verifies_and_policy_replays|tests/humanlike_v2/test_audit_replay.py::test_tampering_and_truncation_are_detected|tests/humanlike_v2/test_audit_replay.py::test_writer_rejects_opponent_hand_leak_and_illegal_action|tests/humanlike_v2/test_audit_replay.py::test_writer_verifier_and_footer_contract,,AUDIT-001|AUDIT-002,REQUIRES_BOUNDARY_TEST,存在复合旧实现候选，但未隔离为v3单元，schema/错误/参数/状态/审计绑定及生产trace未按锁定规格核验,缺少锁定单元的直接测试及四类验收证据,NONE,MEDIUM,LOW,B6-AUDIT-RELEASE,AUDIT-012|TRAIN-008,engine/orchestrator.py::DecisionAuditWriter|players/humanlike/audit_replay.py::verify_audit,AU-083 程序实现规范：第 11—19 章 / 12.2 AI 决策日志→03-unit-specs/audit_specs.md→engine/audit + docs/evidence→engine/orchestrator.py::DecisionAuditWriter|players/humanlike/audit_replay.py::verify_audit,True,True,False,True,False,NONE
