unit_id,unit_name,category,task17_status,primary_completion_path,gap_spec,gap_code,gap_direct_test,gap_branch_test,gap_integration,gap_runtime,gap_trace,gap_boundary,gap_reproducibility,gap_model_data,gap_performance,gap_atomicity,code_refs,test_refs,runtime_refs,rule_refs,spec_refs,dependencies,estimated_complexity,recommended_batch,recommended_action,audit_exit_criteria,notes
RULE-001,规则、参数、不变量与合法性裁决优先级,RULE,PARTIAL,PATH-SEMANTIC-COMPLETION,false,true,true,true,true,true,true,true,true,false,true,true,engine/blood_battle.py::active_seats|engine/blood_battle.py::next_active|engine/legal.py::action_in_legal|engine/legal.py::legal_actions|engine/legal.py::legal_discards|players/humanlike/candidates.py::CandidateSet|players/humanlike/candidates.py::build_candidates|players/humanlike/candidates.py::stable_action_key|players/humanlike/config.py::HumanlikeConfig|players/humanlike/config.py::_validate_global_parameters|players/humanlike/config.py::load_config|players/humanlike/traceability.py::ParameterTrace|players/humanlike/traceability.py::_gp_consumer|players/humanlike/traceability.py::_rp_consumer|protocols/player_view_builder.py::PlayerViewBuilder|protocols/player_view_builder.py::build,tests/humanlike_v2/test_config.py::test_default_has_all_gp_profiles_and_stable_hash|tests/humanlike_v2/test_config.py::test_hash_ignores_json_format_and_key_order|tests/humanlike_v2/test_config.py::test_invalid_range_fails|tests/humanlike_v2/test_config.py::test_missing_gp_fails|tests/humanlike_v2/test_config.py::test_missing_player_cognitive_gp_fails|tests/humanlike_v2/test_config.py::test_non_normalized_weights_fail|tests/humanlike_v2/test_config.py::test_player_cognitive_parameters_are_independent|tests/humanlike_v2/test_config.py::test_unknown_version_fails|tests/humanlike_v2/test_deterministic_policy.py::test_evaluation_is_repeatable_and_rng_free|tests/humanlike_v2/test_deterministic_policy.py::test_mandatory_hu_survives_candidate_cap|tests/humanlike_v2/test_deterministic_policy.py::test_stable_action_key_is_explicit|tests/humanlike_v2/test_player_view_v2.py::test_gp021_all_visibility_fields_have_hidden_partial_exact_contracts|tests/humanlike_v2/test_player_view_v2.py::test_gp021_wall_and_concealed_gang_visibility_modes|tests/humanlike_v2/test_player_view_v2.py::test_v2_whitelist_hides_opponents_wall_and_sentinel|tests/test_analysis.py::test_an03_strategy_best_min_shanten,,AU-001 人类化决策规则：第 0—6 章 / 0. 范围与合法性优先；AU-031 人类化决策规则：第 7—14 章 / 9.1 响应优先；AU-052 程序实现规范：第 0—10 章 / 1.3 冲突裁决,03-unit-specs/deterministic_rule_state_specs.md,STATE-002|STATE-010|ALGO-009,MEDIUM,B1-C1,对照Locked规格逐字段核验候选实现，补齐缺失语义并建立直接、分支、集成、回放与性能证据,同一版本scope内：Locked规格无歧义；非占位生产实现覆盖主要语义并接入正确调用链；直接/分支/边界测试通过；运行证据含unit_id、scenario/game_id、输入摘要、参数版本、seed、中间结果、输出、调用位置和测试/回放引用；追踪闭环；性能达规格；AC-01～AC-14适用项全Passed且独立审计通过,存在复合旧实现候选，但未隔离为v3单元，schema/错误/参数/状态/审计绑定及生产trace未按锁定规格核验；缺少锁定单元的直接测试及四类验收证据；规则裁决、参数解析和不变量执行具有不同变化轴；进入实现批次前确认是否保留门面并拆为内部组件；Task17状态保持不变；本表是计划分型，不是新验收
RULE-002,换三张同花色、方向与提交合法性,RULE,PARTIAL,PATH-SEMANTIC-COMPLETION,false,true,true,true,true,true,true,true,true,false,true,false,engine/blood_battle.py::active_seats|engine/blood_battle.py::apply_action|engine/blood_battle.py::next_active|engine/exchange.py::resolve_exchange_direction|engine/exchange.py::resolve_exchange_tiles|engine/exchange.py::validate_exchange_tiles|engine/legal.py::action_in_legal|engine/legal.py::legal_actions|engine/legal.py::legal_discards|engine/opening.py::begin_opening|engine/opening.py::submit_dingque|engine/opening.py::submit_exchange,tests/test_analysis.py::test_an03_strategy_best_min_shanten|tests/test_blood_battle.py::test_b02_discard_pass_cycle|tests/test_blood_battle.py::test_blood_battle_continues_after_first_hu|tests/test_blood_battle.py::test_force_complete_response_unblocks|tests/test_blood_battle.py::test_illegal_action|tests/test_exchange_dingque.py::test_human_face_exchange_resolves_to_physical_tiles|tests/test_exchange_dingque.py::test_t02_auto_dice_mapping|tests/test_exchange_dingque.py::test_t03_full_exchange_to_dingque|tests/test_exchange_dingque.py::test_t04_multiset_transfer|tests/test_exchange_dingque.py::test_t05_illegal_exchange|tests/test_exchange_dingque.py::test_t06_overwrite_pending|tests/test_exchange_dingque.py::test_t07_fixed_clockwise|tests/test_exchange_dingque.py::test_t09_dingque_overwrite|tests/test_legal_actions.py::test_response_has_pass,,AU-010 人类化决策规则：第 0—6 章 / 5. 换三张合法性；AU-056 程序实现规范：第 0—10 章 / 3.2 Rule Engine,03-unit-specs/deterministic_rule_state_specs.md,STATE-003|STATE-011|ALGO-001,MEDIUM,B1-C1,对照Locked规格逐字段核验候选实现，补齐缺失语义并建立直接、分支、集成、回放与性能证据,同一版本scope内：Locked规格无歧义；非占位生产实现覆盖主要语义并接入正确调用链；直接/分支/边界测试通过；运行证据含unit_id、scenario/game_id、输入摘要、参数版本、seed、中间结果、输出、调用位置和测试/回放引用；追踪闭环；性能达规格；AC-01～AC-14适用项全Passed且独立审计通过,存在复合旧实现候选，但未隔离为v3单元，schema/错误/参数/状态/审计绑定及生产trace未按锁定规格核验；缺少锁定单元的直接测试及四类验收证据；Task17状态保持不变；本表是计划分型，不是新验收
RULE-004,定缺、死叫与胡牌资格约束,RULE,PARTIAL,PATH-SEMANTIC-COMPLETION,false,true,true,true,true,true,true,true,true,false,true,false,engine/blood_battle.py::active_seats|engine/blood_battle.py::apply_action|engine/blood_battle.py::next_active|engine/legal.py::action_in_legal|engine/legal.py::legal_actions|engine/legal.py::legal_discards|engine/opening.py::begin_opening|engine/opening.py::submit_exchange|engine/win_check.py::WinCheckResult|engine/win_check.py::WinForm|players/humanlike/candidates.py::CandidateSet|players/humanlike/candidates.py::build_candidates|players/humanlike/candidates.py::stable_action_key|protocols/player_view_builder.py::PlayerViewBuilder|protocols/player_view_builder.py::build,tests/humanlike_v2/test_deterministic_policy.py::test_evaluation_is_repeatable_and_rng_free|tests/humanlike_v2/test_deterministic_policy.py::test_mandatory_hu_survives_candidate_cap|tests/humanlike_v2/test_deterministic_policy.py::test_stable_action_key_is_explicit|tests/humanlike_v2/test_player_view_v2.py::test_gp021_all_visibility_fields_have_hidden_partial_exact_contracts|tests/humanlike_v2/test_player_view_v2.py::test_gp021_wall_and_concealed_gang_visibility_modes|tests/humanlike_v2/test_player_view_v2.py::test_v2_whitelist_hides_opponents_wall_and_sentinel|tests/test_analysis.py::test_an03_strategy_best_min_shanten|tests/test_blood_battle.py::test_b02_discard_pass_cycle|tests/test_blood_battle.py::test_blood_battle_continues_after_first_hu|tests/test_blood_battle.py::test_force_complete_response_unblocks|tests/test_blood_battle.py::test_illegal_action|tests/test_exchange_dingque.py::test_human_face_exchange_resolves_to_physical_tiles|tests/test_exchange_dingque.py::test_t03_full_exchange_to_dingque|tests/test_exchange_dingque.py::test_t04_multiset_transfer|tests/test_exchange_dingque.py::test_t05_illegal_exchange|tests/test_legal_actions.py::test_response_has_pass|tests/test_win_fan.py::test_w01_standard_win|tests/test_win_fan.py::test_w02_seven_pairs,,AU-013 人类化决策规则：第 0—6 章 / 6. 清缺约束；AU-056 程序实现规范：第 0—10 章 / 3.2 Rule Engine；AU-072 程序实现规范：第 0—10 章 / 8. 合法行动与解析；AU-087 程序实现规范：第 11—19 章 / 14.1 每事件断言,03-unit-specs/deterministic_rule_state_specs.md,STATE-003|ALGO-002,MEDIUM,B1-C2,对照Locked规格逐字段核验候选实现，补齐缺失语义并建立直接、分支、集成、回放与性能证据,同一版本scope内：Locked规格无歧义；非占位生产实现覆盖主要语义并接入正确调用链；直接/分支/边界测试通过；运行证据含unit_id、scenario/game_id、输入摘要、参数版本、seed、中间结果、输出、调用位置和测试/回放引用；追踪闭环；性能达规格；AC-01～AC-14适用项全Passed且独立审计通过,存在复合旧实现候选，但未隔离为v3单元，schema/错误/参数/状态/审计绑定及生产trace未按锁定规格核验；缺少锁定单元的直接测试及四类验收证据；Task17状态保持不变；本表是计划分型，不是新验收
RULE-005,座位、庄家与活动顺序,RULE,PARTIAL,PATH-SEMANTIC-COMPLETION,false,true,true,true,true,true,true,true,true,false,true,false,engine/blood_battle.py::active_seats|engine/blood_battle.py::apply_action|engine/blood_battle.py::next_active|engine/deal.py::create_dealt_game|engine/dice.py::DiceResult|engine/dice.py::to_dict|engine/game_id.py::DerivedSeeds|engine/game_id.py::normalize_game_id|engine/legal.py::action_in_legal|engine/legal.py::legal_actions|engine/legal.py::legal_discards|engine/orchestrator.py::PlayerGameRunner|engine/orchestrator.py::run|engine/session.py::GameSession|engine/session.py::apply|engine/session.py::play_random_game|players/humanlike/candidates.py::CandidateSet|players/humanlike/candidates.py::build_candidates|players/humanlike/candidates.py::stable_action_key|protocols/player_view_builder.py::PlayerViewBuilder|protocols/player_view_builder.py::build,tests/humanlike_v2/test_audit_replay.py::test_writer_rejects_opponent_hand_leak_and_illegal_action|tests/humanlike_v2/test_cognition.py::test_player_emits_trace_v2_and_cognitive_rp_slots|tests/humanlike_v2/test_deterministic_policy.py::test_context_rejects_wrong_view_version_and_seat|tests/humanlike_v2/test_deterministic_policy.py::test_evaluation_is_repeatable_and_rng_free|tests/humanlike_v2/test_deterministic_policy.py::test_hidden_opponent_hands_cannot_change_decision|tests/humanlike_v2/test_deterministic_policy.py::test_mandatory_hu_survives_candidate_cap|tests/humanlike_v2/test_deterministic_policy.py::test_player_dingque_and_trace_are_deterministic|tests/humanlike_v2/test_deterministic_policy.py::test_stable_action_key_is_explicit|tests/humanlike_v2/test_humanlike_player_integration.py::test_humanlike_self_play_has_no_policy_crash_or_full_state_channel|tests/humanlike_v2/test_humanlike_player_integration.py::test_same_game_produces_same_decision_histories|tests/humanlike_v2/test_player_view_v2.py::test_gp021_all_visibility_fields_have_hidden_partial_exact_contracts|tests/humanlike_v2/test_player_view_v2.py::test_gp021_wall_and_concealed_gang_visibility_modes|tests/humanlike_v2/test_player_view_v2.py::test_v2_whitelist_hides_opponents_wall_and_sentinel|tests/test_analysis.py::test_an03_strategy_best_min_shanten|tests/test_blood_battle.py::test_b02_discard_pass_cycle|tests/test_blood_battle.py::test_b10_random_games_terminate|tests/test_blood_battle.py::test_b11_more_random|tests/test_blood_battle.py::test_blood_battle_continues_after_first_hu|tests/test_blood_battle.py::test_force_complete_response_unblocks|tests/test_blood_battle.py::test_illegal_action|tests/test_legal_actions.py::test_response_has_pass,,AU-006 人类化决策规则：第 0—6 章 / 3. 定庄与座位；AU-056 程序实现规范：第 0—10 章 / 3.2 Rule Engine；AU-065 程序实现规范：第 0—10 章 / 4.2 玩家与活动顺序；AU-087 程序实现规范：第 11—19 章 / 14.1 每事件断言,03-unit-specs/deterministic_rule_state_specs.md,STATE-002,MEDIUM,B1-C1,对照Locked规格逐字段核验候选实现，补齐缺失语义并建立直接、分支、集成、回放与性能证据,同一版本scope内：Locked规格无歧义；非占位生产实现覆盖主要语义并接入正确调用链；直接/分支/边界测试通过；运行证据含unit_id、scenario/game_id、输入摘要、参数版本、seed、中间结果、输出、调用位置和测试/回放引用；追踪闭环；性能达规格；AC-01～AC-14适用项全Passed且独立审计通过,存在复合旧实现候选，但未隔离为v3单元，schema/错误/参数/状态/审计绑定及生产trace未按锁定规格核验；缺少锁定单元的直接测试及四类验收证据；Task17状态保持不变；本表是计划分型，不是新验收
RULE-006,摸牌、可选响应与出牌标准顺序,RULE,PARTIAL,PATH-SEMANTIC-COMPLETION,false,true,true,true,true,true,true,true,true,false,true,false,engine/blood_battle.py::active_seats|engine/blood_battle.py::apply_action|engine/blood_battle.py::next_active|engine/legal.py::action_in_legal|engine/legal.py::legal_actions|engine/legal.py::legal_discards|engine/orchestrator.py::PlayerGameRunner|engine/orchestrator.py::_play_seat_action|engine/orchestrator.py::run|players/humanlike/player.py::HumanlikeV2Player|players/humanlike/player.py::decide|players/humanlike/player.py::observe,tests/humanlike_v2/test_cognition.py::test_player_emits_trace_v2_and_cognitive_rp_slots|tests/humanlike_v2/test_deterministic_policy.py::test_hidden_opponent_hands_cannot_change_decision|tests/humanlike_v2/test_deterministic_policy.py::test_player_dingque_and_trace_are_deterministic|tests/humanlike_v2/test_humanlike_player_integration.py::test_humanlike_self_play_has_no_policy_crash_or_full_state_channel|tests/humanlike_v2/test_humanlike_player_integration.py::test_registry_exposes_humanlike_without_changing_old_defaults|tests/humanlike_v2/test_humanlike_player_integration.py::test_same_game_produces_same_decision_histories|tests/test_analysis.py::test_an03_strategy_best_min_shanten|tests/test_blood_battle.py::test_b02_discard_pass_cycle|tests/test_blood_battle.py::test_blood_battle_continues_after_first_hu|tests/test_blood_battle.py::test_force_complete_response_unblocks|tests/test_blood_battle.py::test_illegal_action|tests/test_legal_actions.py::test_response_has_pass|tests/test_session_scores.py::test_second_hand_starts_from_previous_totals|tests/test_session_scores.py::test_starting_scores_applied_at_run_start,,AU-035 人类化决策规则：第 7—14 章 / 9.5 摸牌后判断；AU-056 程序实现规范：第 0—10 章 / 3.2 Rule Engine,03-unit-specs/deterministic_rule_state_specs.md,STATE-004|STATE-011,MEDIUM,B1-C1,对照Locked规格逐字段核验候选实现，补齐缺失语义并建立直接、分支、集成、回放与性能证据,同一版本scope内：Locked规格无歧义；非占位生产实现覆盖主要语义并接入正确调用链；直接/分支/边界测试通过；运行证据含unit_id、scenario/game_id、输入摘要、参数版本、seed、中间结果、输出、调用位置和测试/回放引用；追踪闭环；性能达规格；AC-01～AC-14适用项全Passed且独立审计通过,存在复合旧实现候选，但未隔离为v3单元，schema/错误/参数/状态/审计绑定及生产trace未按锁定规格核验；缺少锁定单元的直接测试及四类验收证据；Task17状态保持不变；本表是计划分型，不是新验收
RULE-007,碰牌资格、执行与后续出牌,RULE,PARTIAL,PATH-SEMANTIC-COMPLETION,false,true,true,true,true,true,true,true,true,false,true,false,engine/blood_battle.py::active_seats|engine/blood_battle.py::apply_action|engine/blood_battle.py::next_active|engine/legal.py::action_in_legal|engine/legal.py::legal_actions|engine/legal.py::legal_discards|engine/opening.py::begin_opening|engine/opening.py::submit_exchange|players/humanlike/candidates.py::CandidateSet|players/humanlike/candidates.py::build_candidates|players/humanlike/candidates.py::stable_action_key|players/humanlike/config.py::HumanlikeConfig|players/humanlike/config.py::load_config,tests/humanlike_v2/test_config.py::test_default_has_all_gp_profiles_and_stable_hash|tests/humanlike_v2/test_config.py::test_hash_ignores_json_format_and_key_order|tests/humanlike_v2/test_config.py::test_invalid_range_fails|tests/humanlike_v2/test_config.py::test_missing_gp_fails|tests/humanlike_v2/test_config.py::test_missing_player_cognitive_gp_fails|tests/humanlike_v2/test_config.py::test_non_normalized_weights_fail|tests/humanlike_v2/test_config.py::test_player_cognitive_parameters_are_independent|tests/humanlike_v2/test_config.py::test_unknown_version_fails|tests/humanlike_v2/test_deterministic_policy.py::test_evaluation_is_repeatable_and_rng_free|tests/humanlike_v2/test_deterministic_policy.py::test_mandatory_hu_survives_candidate_cap|tests/humanlike_v2/test_deterministic_policy.py::test_stable_action_key_is_explicit|tests/test_analysis.py::test_an03_strategy_best_min_shanten|tests/test_blood_battle.py::test_b02_discard_pass_cycle|tests/test_blood_battle.py::test_blood_battle_continues_after_first_hu|tests/test_blood_battle.py::test_force_complete_response_unblocks|tests/test_blood_battle.py::test_illegal_action|tests/test_exchange_dingque.py::test_human_face_exchange_resolves_to_physical_tiles|tests/test_exchange_dingque.py::test_t03_full_exchange_to_dingque|tests/test_exchange_dingque.py::test_t04_multiset_transfer|tests/test_exchange_dingque.py::test_t05_illegal_exchange|tests/test_legal_actions.py::test_response_has_pass,,AU-034 人类化决策规则：第 7—14 章 / 9.4 碰牌响应；AU-056 程序实现规范：第 0—10 章 / 3.2 Rule Engine；AU-072 程序实现规范：第 0—10 章 / 8. 合法行动与解析,03-unit-specs/deterministic_rule_state_specs.md,RULE-001|STATE-003,MEDIUM,B1-C2,对照Locked规格逐字段核验候选实现，补齐缺失语义并建立直接、分支、集成、回放与性能证据,同一版本scope内：Locked规格无歧义；非占位生产实现覆盖主要语义并接入正确调用链；直接/分支/边界测试通过；运行证据含unit_id、scenario/game_id、输入摘要、参数版本、seed、中间结果、输出、调用位置和测试/回放引用；追踪闭环；性能达规格；AC-01～AC-14适用项全Passed且独立审计通过,存在复合旧实现候选，但未隔离为v3单元，schema/错误/参数/状态/审计绑定及生产trace未按锁定规格核验；缺少锁定单元的直接测试及四类验收证据；Task17状态保持不变；本表是计划分型，不是新验收
RULE-008,明杠、暗杠与补杠资格及执行,RULE,PARTIAL,PATH-SEMANTIC-COMPLETION,false,true,true,true,true,true,true,true,true,false,true,false,engine/blood_battle.py::active_seats|engine/blood_battle.py::apply_action|engine/blood_battle.py::next_active|engine/legal.py::action_in_legal|engine/legal.py::legal_actions|engine/legal.py::legal_discards|engine/opening.py::begin_opening|engine/opening.py::submit_exchange|players/humanlike/belief.py::PublicBelief|players/humanlike/belief.py::build_public_belief|players/humanlike/candidates.py::CandidateSet|players/humanlike/candidates.py::build_candidates|players/humanlike/candidates.py::stable_action_key,tests/humanlike_v2/test_deterministic_policy.py::test_evaluation_is_repeatable_and_rng_free|tests/humanlike_v2/test_deterministic_policy.py::test_mandatory_hu_survives_candidate_cap|tests/humanlike_v2/test_deterministic_policy.py::test_public_belief_uses_only_visible_counts|tests/humanlike_v2/test_deterministic_policy.py::test_stable_action_key_is_explicit|tests/test_analysis.py::test_an03_strategy_best_min_shanten|tests/test_blood_battle.py::test_b02_discard_pass_cycle|tests/test_blood_battle.py::test_blood_battle_continues_after_first_hu|tests/test_blood_battle.py::test_force_complete_response_unblocks|tests/test_blood_battle.py::test_illegal_action|tests/test_exchange_dingque.py::test_human_face_exchange_resolves_to_physical_tiles|tests/test_exchange_dingque.py::test_t03_full_exchange_to_dingque|tests/test_exchange_dingque.py::test_t04_multiset_transfer|tests/test_exchange_dingque.py::test_t05_illegal_exchange|tests/test_legal_actions.py::test_response_has_pass,,AU-033 人类化决策规则：第 7—14 章 / 9.3 杠牌响应；AU-056 程序实现规范：第 0—10 章 / 3.2 Rule Engine；AU-072 程序实现规范：第 0—10 章 / 8. 合法行动与解析,03-unit-specs/deterministic_rule_state_specs.md,RULE-001|STATE-003|STATE-011,MEDIUM,B1-C2,对照Locked规格逐字段核验候选实现，补齐缺失语义并建立直接、分支、集成、回放与性能证据,同一版本scope内：Locked规格无歧义；非占位生产实现覆盖主要语义并接入正确调用链；直接/分支/边界测试通过；运行证据含unit_id、scenario/game_id、输入摘要、参数版本、seed、中间结果、输出、调用位置和测试/回放引用；追踪闭环；性能达规格；AC-01～AC-14适用项全Passed且独立审计通过,存在复合旧实现候选，但未隔离为v3单元，schema/错误/参数/状态/审计绑定及生产trace未按锁定规格核验；缺少锁定单元的直接测试及四类验收证据；Task17状态保持不变；本表是计划分型，不是新验收
RULE-009,补杠抢杠胡窗口与解析,RULE,PARTIAL,PATH-SEMANTIC-COMPLETION,false,true,true,true,true,true,true,true,true,false,true,false,engine/blood_battle.py::active_seats|engine/blood_battle.py::apply_action|engine/blood_battle.py::next_active|engine/legal.py::action_in_legal|engine/legal.py::legal_actions|engine/legal.py::legal_discards|engine/opening.py::begin_opening|engine/opening.py::submit_exchange|players/humanlike/belief.py::PublicBelief|players/humanlike/belief.py::build_public_belief|players/humanlike/candidates.py::CandidateSet|players/humanlike/candidates.py::build_candidates|players/humanlike/candidates.py::stable_action_key,tests/humanlike_v2/test_deterministic_policy.py::test_evaluation_is_repeatable_and_rng_free|tests/humanlike_v2/test_deterministic_policy.py::test_mandatory_hu_survives_candidate_cap|tests/humanlike_v2/test_deterministic_policy.py::test_public_belief_uses_only_visible_counts|tests/humanlike_v2/test_deterministic_policy.py::test_stable_action_key_is_explicit|tests/test_analysis.py::test_an03_strategy_best_min_shanten|tests/test_blood_battle.py::test_b02_discard_pass_cycle|tests/test_blood_battle.py::test_blood_battle_continues_after_first_hu|tests/test_blood_battle.py::test_force_complete_response_unblocks|tests/test_blood_battle.py::test_illegal_action|tests/test_exchange_dingque.py::test_human_face_exchange_resolves_to_physical_tiles|tests/test_exchange_dingque.py::test_t03_full_exchange_to_dingque|tests/test_exchange_dingque.py::test_t04_multiset_transfer|tests/test_exchange_dingque.py::test_t05_illegal_exchange|tests/test_legal_actions.py::test_response_has_pass,,AU-033 人类化决策规则：第 7—14 章 / 9.3 杠牌响应；AU-056 程序实现规范：第 0—10 章 / 3.2 Rule Engine；AU-072 程序实现规范：第 0—10 章 / 8. 合法行动与解析,03-unit-specs/deterministic_rule_state_specs.md,RULE-008|RULE-010,MEDIUM,B1-C3,对照Locked规格逐字段核验候选实现，补齐缺失语义并建立直接、分支、集成、回放与性能证据,同一版本scope内：Locked规格无歧义；非占位生产实现覆盖主要语义并接入正确调用链；直接/分支/边界测试通过；运行证据含unit_id、scenario/game_id、输入摘要、参数版本、seed、中间结果、输出、调用位置和测试/回放引用；追踪闭环；性能达规格；AC-01～AC-14适用项全Passed且独立审计通过,存在复合旧实现候选，但未隔离为v3单元，schema/错误/参数/状态/审计绑定及生产trace未按锁定规格核验；缺少锁定单元的直接测试及四类验收证据；Task17状态保持不变；本表是计划分型，不是新验收
RULE-010,自摸、点炮与抢杠胡资格,RULE,PARTIAL,PATH-SEMANTIC-COMPLETION,false,true,true,true,true,true,true,true,true,false,true,false,engine/blood_battle.py::active_seats|engine/blood_battle.py::apply_action|engine/blood_battle.py::next_active|engine/legal.py::action_in_legal|engine/legal.py::legal_actions|engine/legal.py::legal_discards|engine/opening.py::begin_opening|engine/opening.py::submit_exchange|players/humanlike/candidates.py::CandidateSet|players/humanlike/candidates.py::build_candidates|players/humanlike/candidates.py::stable_action_key,tests/humanlike_v2/test_deterministic_policy.py::test_evaluation_is_repeatable_and_rng_free|tests/humanlike_v2/test_deterministic_policy.py::test_mandatory_hu_survives_candidate_cap|tests/humanlike_v2/test_deterministic_policy.py::test_stable_action_key_is_explicit|tests/test_analysis.py::test_an03_strategy_best_min_shanten|tests/test_blood_battle.py::test_b02_discard_pass_cycle|tests/test_blood_battle.py::test_blood_battle_continues_after_first_hu|tests/test_blood_battle.py::test_force_complete_response_unblocks|tests/test_blood_battle.py::test_illegal_action|tests/test_exchange_dingque.py::test_human_face_exchange_resolves_to_physical_tiles|tests/test_exchange_dingque.py::test_t03_full_exchange_to_dingque|tests/test_exchange_dingque.py::test_t04_multiset_transfer|tests/test_exchange_dingque.py::test_t05_illegal_exchange|tests/test_legal_actions.py::test_response_has_pass,,AU-032 人类化决策规则：第 7—14 章 / 9.2 胡牌响应；AU-056 程序实现规范：第 0—10 章 / 3.2 Rule Engine；AU-072 程序实现规范：第 0—10 章 / 8. 合法行动与解析,03-unit-specs/deterministic_rule_state_specs.md,RULE-001|STATE-003|ALGO-002,MEDIUM,B1-C2,对照Locked规格逐字段核验候选实现，补齐缺失语义并建立直接、分支、集成、回放与性能证据,同一版本scope内：Locked规格无歧义；非占位生产实现覆盖主要语义并接入正确调用链；直接/分支/边界测试通过；运行证据含unit_id、scenario/game_id、输入摘要、参数版本、seed、中间结果、输出、调用位置和测试/回放引用；追踪闭环；性能达规格；AC-01～AC-14适用项全Passed且独立审计通过,存在复合旧实现候选，但未隔离为v3单元，schema/错误/参数/状态/审计绑定及生产trace未按锁定规格核验；缺少锁定单元的直接测试及四类验收证据；Task17状态保持不变；本表是计划分型，不是新验收
RULE-011,过胡设置、持续与恢复,RULE,PARTIAL,PATH-SEMANTIC-COMPLETION,false,true,true,true,true,true,true,true,true,false,true,false,engine/blood_battle.py::active_seats|engine/blood_battle.py::apply_action|engine/blood_battle.py::next_active|engine/legal.py::action_in_legal|engine/legal.py::legal_actions|engine/legal.py::legal_discards|engine/opening.py::begin_opening|engine/opening.py::submit_exchange|players/humanlike/candidates.py::CandidateSet|players/humanlike/candidates.py::build_candidates|players/humanlike/candidates.py::stable_action_key,tests/humanlike_v2/test_deterministic_policy.py::test_evaluation_is_repeatable_and_rng_free|tests/humanlike_v2/test_deterministic_policy.py::test_mandatory_hu_survives_candidate_cap|tests/humanlike_v2/test_deterministic_policy.py::test_stable_action_key_is_explicit|tests/test_analysis.py::test_an03_strategy_best_min_shanten|tests/test_blood_battle.py::test_b02_discard_pass_cycle|tests/test_blood_battle.py::test_blood_battle_continues_after_first_hu|tests/test_blood_battle.py::test_force_complete_response_unblocks|tests/test_blood_battle.py::test_illegal_action|tests/test_exchange_dingque.py::test_human_face_exchange_resolves_to_physical_tiles|tests/test_exchange_dingque.py::test_t03_full_exchange_to_dingque|tests/test_exchange_dingque.py::test_t04_multiset_transfer|tests/test_exchange_dingque.py::test_t05_illegal_exchange|tests/test_legal_actions.py::test_response_has_pass,,AU-032 人类化决策规则：第 7—14 章 / 9.2 胡牌响应；AU-056 程序实现规范：第 0—10 章 / 3.2 Rule Engine；AU-072 程序实现规范：第 0—10 章 / 8. 合法行动与解析,03-unit-specs/deterministic_rule_state_specs.md,RULE-010|STATE-003,MEDIUM,B1-C2,对照Locked规格逐字段核验候选实现，补齐缺失语义并建立直接、分支、集成、回放与性能证据,同一版本scope内：Locked规格无歧义；非占位生产实现覆盖主要语义并接入正确调用链；直接/分支/边界测试通过；运行证据含unit_id、scenario/game_id、输入摘要、参数版本、seed、中间结果、输出、调用位置和测试/回放引用；追踪闭环；性能达规格；AC-01～AC-14适用项全Passed且独立审计通过,存在复合旧实现候选，但未隔离为v3单元，schema/错误/参数/状态/审计绑定及生产trace未按锁定规格核验；缺少锁定单元的直接测试及四类验收证据；Task17状态保持不变；本表是计划分型，不是新验收
RULE-012,强制胡与最后阶段必胡,RULE,PARTIAL,PATH-SEMANTIC-COMPLETION,false,true,true,true,true,true,true,true,true,false,true,false,engine/blood_battle.py::active_seats|engine/blood_battle.py::apply_action|engine/blood_battle.py::next_active|engine/legal.py::action_in_legal|engine/legal.py::legal_actions|engine/legal.py::legal_discards|engine/opening.py::begin_opening|engine/opening.py::submit_exchange|players/humanlike/candidates.py::CandidateSet|players/humanlike/candidates.py::build_candidates|players/humanlike/candidates.py::stable_action_key,tests/humanlike_v2/test_deterministic_policy.py::test_evaluation_is_repeatable_and_rng_free|tests/humanlike_v2/test_deterministic_policy.py::test_mandatory_hu_survives_candidate_cap|tests/humanlike_v2/test_deterministic_policy.py::test_stable_action_key_is_explicit|tests/test_analysis.py::test_an03_strategy_best_min_shanten|tests/test_blood_battle.py::test_b02_discard_pass_cycle|tests/test_blood_battle.py::test_blood_battle_continues_after_first_hu|tests/test_blood_battle.py::test_force_complete_response_unblocks|tests/test_blood_battle.py::test_illegal_action|tests/test_exchange_dingque.py::test_human_face_exchange_resolves_to_physical_tiles|tests/test_exchange_dingque.py::test_t03_full_exchange_to_dingque|tests/test_exchange_dingque.py::test_t04_multiset_transfer|tests/test_exchange_dingque.py::test_t05_illegal_exchange|tests/test_legal_actions.py::test_response_has_pass,,AU-032 人类化决策规则：第 7—14 章 / 9.2 胡牌响应；AU-056 程序实现规范：第 0—10 章 / 3.2 Rule Engine；AU-072 程序实现规范：第 0—10 章 / 8. 合法行动与解析,03-unit-specs/deterministic_rule_state_specs.md,RULE-010|STATE-011,MEDIUM,B1-C2,对照Locked规格逐字段核验候选实现，补齐缺失语义并建立直接、分支、集成、回放与性能证据,同一版本scope内：Locked规格无歧义；非占位生产实现覆盖主要语义并接入正确调用链；直接/分支/边界测试通过；运行证据含unit_id、scenario/game_id、输入摘要、参数版本、seed、中间结果、输出、调用位置和测试/回放引用；追踪闭环；性能达规格；AC-01～AC-14适用项全Passed且独立审计通过,存在复合旧实现候选，但未隔离为v3单元，schema/错误/参数/状态/审计绑定及生产trace未按锁定规格核验；缺少锁定单元的直接测试及四类验收证据；Task17状态保持不变；本表是计划分型，不是新验收
RULE-013,多人响应确定性优先级,RULE,PARTIAL,PATH-SEMANTIC-COMPLETION,false,true,true,true,true,true,true,true,true,false,true,false,engine/audit.py::DecisionAuditWriter|engine/audit.py::record_decision|engine/audit.py::verify_audit|engine/blood_battle.py::active_seats|engine/blood_battle.py::apply_action|engine/blood_battle.py::next_active|engine/legal.py::action_in_legal|engine/legal.py::legal_actions|engine/legal.py::legal_discards|engine/opening.py::begin_opening|engine/opening.py::submit_exchange|engine/replay.py::ReplaySession|engine/replay.py::StepRecorder|players/humanlike/candidates.py::CandidateSet|players/humanlike/candidates.py::build_candidates|players/humanlike/candidates.py::stable_action_key,tests/humanlike_v2/test_audit_replay.py::test_runner_audit_verifies_and_policy_replays|tests/humanlike_v2/test_audit_replay.py::test_tampering_and_truncation_are_detected|tests/humanlike_v2/test_audit_replay.py::test_writer_rejects_opponent_hand_leak_and_illegal_action|tests/humanlike_v2/test_audit_replay.py::test_writer_verifier_and_footer_contract|tests/humanlike_v2/test_deterministic_policy.py::test_evaluation_is_repeatable_and_rng_free|tests/humanlike_v2/test_deterministic_policy.py::test_mandatory_hu_survives_candidate_cap|tests/humanlike_v2/test_deterministic_policy.py::test_stable_action_key_is_explicit|tests/test_analysis.py::test_an03_strategy_best_min_shanten|tests/test_blood_battle.py::test_b02_discard_pass_cycle|tests/test_blood_battle.py::test_blood_battle_continues_after_first_hu|tests/test_blood_battle.py::test_force_complete_response_unblocks|tests/test_blood_battle.py::test_illegal_action|tests/test_exchange_dingque.py::test_human_face_exchange_resolves_to_physical_tiles|tests/test_exchange_dingque.py::test_t03_full_exchange_to_dingque|tests/test_exchange_dingque.py::test_t04_multiset_transfer|tests/test_exchange_dingque.py::test_t05_illegal_exchange|tests/test_legal_actions.py::test_response_has_pass|tests/test_persistence.py::test_s03_steps_replay,,AU-031 人类化决策规则：第 7—14 章 / 9.1 响应优先；AU-056 程序实现规范：第 0—10 章 / 3.2 Rule Engine；AU-060 程序实现规范：第 0—10 章 / 3.6 Action Resolver；AU-072 程序实现规范：第 0—10 章 / 8. 合法行动与解析,03-unit-specs/deterministic_rule_state_specs.md,RULE-001|RULE-007|RULE-009|RULE-010,MEDIUM,B1-C3,对照Locked规格逐字段核验候选实现，补齐缺失语义并建立直接、分支、集成、回放与性能证据,同一版本scope内：Locked规格无歧义；非占位生产实现覆盖主要语义并接入正确调用链；直接/分支/边界测试通过；运行证据含unit_id、scenario/game_id、输入摘要、参数版本、seed、中间结果、输出、调用位置和测试/回放引用；追踪闭环；性能达规格；AC-01～AC-14适用项全Passed且独立审计通过,存在复合旧实现候选，但未隔离为v3单元，schema/错误/参数/状态/审计绑定及生产trace未按锁定规格核验；缺少锁定单元的直接测试及四类验收证据；Task17状态保持不变；本表是计划分型，不是新验收
RULE-014,血战胡后退出、继续与终止,RULE,PARTIAL,PATH-SEMANTIC-COMPLETION,false,true,true,true,true,true,true,true,true,false,true,false,engine/blood_battle.py::active_seats|engine/blood_battle.py::apply_action|engine/blood_battle.py::next_active|engine/deal.py::create_dealt_game|engine/dice.py::DiceResult|engine/dice.py::to_dict|engine/fan.py::FanTable|engine/fan.py::apply_fan_cap|engine/fan.py::compute_fan|engine/game_id.py::DerivedSeeds|engine/game_id.py::normalize_game_id|engine/legal.py::action_in_legal|engine/legal.py::legal_actions|engine/legal.py::legal_discards|engine/score.py::ScoreService|engine/score.py::apply_hu_dianpao|engine/score.py::apply_hu_zimo|players/humanlike/view.py::DecisionContext|players/humanlike/view.py::build_decision_context|protocols/player_view_builder.py::PlayerViewBuilder|protocols/player_view_builder.py::build|protocols/player_view_builder.py::build_legacy_dict|protocols/player_view_v2.py::PlayerViewV2|protocols/player_view_v2.py::freeze_mapping|protocols/player_view_v2.py::thaw,tests/humanlike_v2/test_audit_replay.py::test_writer_rejects_opponent_hand_leak_and_illegal_action|tests/humanlike_v2/test_cognition.py::test_player_emits_trace_v2_and_cognitive_rp_slots|tests/humanlike_v2/test_deterministic_policy.py::test_context_rejects_wrong_view_version_and_seat|tests/humanlike_v2/test_deterministic_policy.py::test_hidden_opponent_hands_cannot_change_decision|tests/humanlike_v2/test_deterministic_policy.py::test_player_dingque_and_trace_are_deterministic|tests/humanlike_v2/test_player_view_v2.py::test_gp021_all_visibility_fields_have_hidden_partial_exact_contracts|tests/humanlike_v2/test_player_view_v2.py::test_gp021_wall_and_concealed_gang_visibility_modes|tests/humanlike_v2/test_player_view_v2.py::test_v2_whitelist_hides_opponents_wall_and_sentinel|tests/test_analysis.py::test_an03_strategy_best_min_shanten|tests/test_blood_battle.py::test_b02_discard_pass_cycle|tests/test_blood_battle.py::test_blood_battle_continues_after_first_hu|tests/test_blood_battle.py::test_force_complete_response_unblocks|tests/test_blood_battle.py::test_illegal_action|tests/test_legal_actions.py::test_response_has_pass|tests/test_score.py::test_sc01_dianpao_fan2|tests/test_score.py::test_sc02_multi_ron|tests/test_score.py::test_sc03_zimo|tests/test_score.py::test_sc04_an_gang|tests/test_score.py::test_sc05_hua_zhu|tests/test_score.py::test_score_events_written|tests/test_score_ledger.py::test_build_game_result_includes_score_events|tests/test_score_ledger.py::test_ledger_matches_balances,,AU-006 人类化决策规则：第 0—6 章 / 3. 定庄与座位；AU-018 人类化决策规则：第 7—14 章 / 7.9 胡牌人数；AU-039 人类化决策规则：第 7—14 章 / 11. 胡后处理；AU-056 程序实现规范：第 0—10 章 / 3.2 Rule Engine,03-unit-specs/deterministic_rule_state_specs.md,RULE-005|RULE-010|STATE-004,MEDIUM,B1-C3,对照Locked规格逐字段核验候选实现，补齐缺失语义并建立直接、分支、集成、回放与性能证据,同一版本scope内：Locked规格无歧义；非占位生产实现覆盖主要语义并接入正确调用链；直接/分支/边界测试通过；运行证据含unit_id、scenario/game_id、输入摘要、参数版本、seed、中间结果、输出、调用位置和测试/回放引用；追踪闭环；性能达规格；AC-01～AC-14适用项全Passed且独立审计通过,存在复合旧实现候选，但未隔离为v3单元，schema/错误/参数/状态/审计绑定及生产trace未按锁定规格核验；缺少锁定单元的直接测试及四类验收证据；Task17状态保持不变；本表是计划分型，不是新验收
RULE-015,启用番型、互斥/叠加与封顶规则,RULE,PARTIAL,PATH-SEMANTIC-COMPLETION,false,true,true,true,true,true,true,true,true,false,true,false,engine/fan.py::FanTable|engine/fan.py::apply_fan_cap|engine/fan.py::compute_fan|players/humanlike/cognition.py::CognitiveState|players/humanlike/cognition.py::begin_new_round|players/humanlike/config.py::HumanlikeConfig|players/humanlike/config.py::_validate_global_parameters|players/humanlike/config.py::load_config|players/humanlike/traceability.py::ParameterTrace|players/humanlike/traceability.py::_gp_consumer|players/humanlike/traceability.py::_rp_consumer,tests/humanlike_v2/test_cognition.py::test_bounded_noise_is_reproducible_and_stays_in_near_pool|tests/humanlike_v2/test_cognition.py::test_round_reset_keeps_only_bounded_public_impressions|tests/humanlike_v2/test_config.py::test_default_has_all_gp_profiles_and_stable_hash|tests/humanlike_v2/test_config.py::test_hash_ignores_json_format_and_key_order|tests/humanlike_v2/test_config.py::test_invalid_range_fails|tests/humanlike_v2/test_config.py::test_missing_gp_fails|tests/humanlike_v2/test_config.py::test_missing_player_cognitive_gp_fails|tests/humanlike_v2/test_config.py::test_non_normalized_weights_fail|tests/humanlike_v2/test_config.py::test_player_cognitive_parameters_are_independent|tests/humanlike_v2/test_config.py::test_unknown_version_fails,,AU-004 人类化决策规则：第 0—6 章 / 2. 学习规则；AU-022 人类化决策规则：第 7—14 章 / 7.14 全番型配置,03-unit-specs/deterministic_rule_state_specs.md,STATE-010,MEDIUM,B1-C1,对照Locked规格逐字段核验候选实现，补齐缺失语义并建立直接、分支、集成、回放与性能证据,同一版本scope内：Locked规格无歧义；非占位生产实现覆盖主要语义并接入正确调用链；直接/分支/边界测试通过；运行证据含unit_id、scenario/game_id、输入摘要、参数版本、seed、中间结果、输出、调用位置和测试/回放引用；追踪闭环；性能达规格；AC-01～AC-14适用项全Passed且独立审计通过,存在复合旧实现候选，但未隔离为v3单元，schema/错误/参数/状态/审计绑定及生产trace未按锁定规格核验；缺少锁定单元的直接测试及四类验收证据；Task17状态保持不变；本表是计划分型，不是新验收
ALGO-002,手牌分解、向听、弃牌向听与等待形状,ALGO,PARTIAL,PATH-SEMANTIC-COMPLETION,false,true,true,true,true,true,true,false,true,false,true,true,engine/legal.py::action_in_legal|engine/legal.py::legal_actions|engine/legal.py::legal_discards|engine/shanten.py::shanten|engine/win_check.py::WinCheckResult|engine/win_check.py::WinForm|players/humanlike/candidates.py::CandidateSet|players/humanlike/candidates.py::build_candidates|players/humanlike/candidates.py::stable_action_key|players/humanlike/cognition.py::CognitiveState|players/humanlike/cognition.py::begin_new_round|players/humanlike/cognition.py::update_memory|players/humanlike/hand_analyzer.py::HandFeatures|players/humanlike/hand_analyzer.py::analyze_action|players/humanlike/hand_analyzer.py::visible_hand|players/humanlike/plan.py::PlanSnapshot|players/humanlike/plan.py::choose_plan,tests/humanlike_v2/test_cognition.py::test_bounded_noise_is_reproducible_and_stays_in_near_pool|tests/humanlike_v2/test_cognition.py::test_round_reset_keeps_only_bounded_public_impressions|tests/humanlike_v2/test_deterministic_policy.py::test_evaluation_is_repeatable_and_rng_free|tests/humanlike_v2/test_deterministic_policy.py::test_mandatory_hu_survives_candidate_cap|tests/humanlike_v2/test_deterministic_policy.py::test_stable_action_key_is_explicit|tests/test_analysis.py::test_an03_strategy_best_min_shanten|tests/test_shanten.py::test_s01_tenpai_shanten_0|tests/test_shanten.py::test_s02_winning_standard_shanten_neg1|tests/test_shanten.py::test_s03_seven_pairs_tenpai|tests/test_shanten.py::test_s04_dingque_raises_shanten|tests/test_win_fan.py::test_w01_standard_win|tests/test_win_fan.py::test_w02_seven_pairs,,AU-008 人类化决策规则：第 0—6 章 / 4. 初始手牌整理；AU-036 人类化决策规则：第 7—14 章 / 10.1–10.5 出牌；AU-074 程序实现规范：第 0—10 章 / 10.1 手牌分析,03-unit-specs/deterministic_algorithm_scoring_specs.md,STATE-003,MEDIUM,B2-A1,对照Locked规格逐字段核验候选实现，补齐缺失语义并建立直接、分支、集成、回放与性能证据,同一版本scope内：Locked规格无歧义；非占位生产实现覆盖主要语义并接入正确调用链；直接/分支/边界测试通过；运行证据含unit_id、scenario/game_id、输入摘要、参数版本、seed、中间结果、输出、调用位置和测试/回放引用；追踪闭环；性能达规格；AC-01～AC-14适用项全Passed且独立审计通过,存在复合旧实现候选，但未隔离为v3单元，schema/错误/参数/状态/审计绑定及生产trace未按锁定规格核验；缺少锁定单元的直接测试及四类验收证据；牌型拆解、普通/七对向听、弃牌向听和等待形状应以同一门面下的独立纯函数实现；Task17状态保持不变；本表是计划分型，不是新验收
ALGO-003,去重可见牌与未见牌聚合,ALGO,PARTIAL,PATH-SEMANTIC-COMPLETION,false,true,true,true,true,true,true,false,true,false,true,false,players/analysis/danger.py::danger_map_for_tiles|players/analysis/danger.py::rate_discard_danger|players/analysis/opponent_model.py::estimate_opponents|players/humanlike/belief.py::PublicBelief|players/humanlike/belief.py::build_public_belief|players/humanlike/runtime.py::RoundRuntime|players/humanlike/runtime.py::apply_event|players/humanlike/runtime.py::create_round|players/humanlike/view.py::DecisionContext|players/humanlike/view.py::build_decision_context|protocols/player_view_builder.py::PlayerViewBuilder|protocols/player_view_builder.py::build|protocols/player_view_builder.py::build_legacy_dict|protocols/player_view_v2.py::PlayerViewV2|protocols/player_view_v2.py::freeze_mapping|protocols/player_view_v2.py::thaw|training/env.py::ChengduMahjongEnv|training/env.py::reset|training/env.py::step,tests/humanlike_v2/test_deterministic_policy.py::test_context_rejects_wrong_view_version_and_seat|tests/humanlike_v2/test_deterministic_policy.py::test_evaluation_is_repeatable_and_rng_free|tests/humanlike_v2/test_deterministic_policy.py::test_public_belief_uses_only_visible_counts|tests/humanlike_v2/test_player_view_v2.py::test_gp021_all_visibility_fields_have_hidden_partial_exact_contracts|tests/humanlike_v2/test_player_view_v2.py::test_gp021_wall_and_concealed_gang_visibility_modes|tests/humanlike_v2/test_player_view_v2.py::test_v2_whitelist_hides_opponents_wall_and_sentinel|tests/humanlike_v2/test_runtime.py::test_event_decision_and_finalize_lifecycle|tests/humanlike_v2/test_runtime.py::test_unknown_rp_and_invalid_transition_fail|tests/humanlike_v2/test_training_contract_v2.py::test_illegal_raise_preserves_state_and_terminate_penalizes|tests/humanlike_v2/test_training_contract_v2.py::test_v1_integer_semantics_remain_legal_list_index|tests/humanlike_v2/test_training_contract_v2.py::test_v2_fixed_index_and_shaping_off|tests/humanlike_v2/test_training_contract_v2.py::test_v2_observation_shapes_and_no_hidden_fields|tests/humanlike_v2/test_training_contract_v2.py::test_v2_shaping_is_separate_from_true_score|tests/test_discard_recommend.py::test_strategy_ranks_include_ukeire_tiles|tests/test_env.py::test_e01_reset_returns_obs_with_legals|tests/test_env.py::test_e03_illegal_action_raises|tests/test_env.py::test_e04_same_game_id_dealt_hands|tests/test_f0011_integrated.py::test_build_f0010_context_and_rank|tests/test_f0011_integrated.py::test_fan_proxy_and_baseline_compat,,AU-023 人类化决策规则：第 7—14 章 / 7.15 活牌与摸牌机会；AU-050 人类化决策规则：第 15—18 章与参数 / 18. 概率约束；AU-053 程序实现规范：第 0—10 章 / 2. IR-001～018；AU-067 程序实现规范：第 0—10 章 / 4.4 可见牌；AU-075 程序实现规范：第 0—10 章 / 10.2–10.5 信念/风险,03-unit-specs/deterministic_algorithm_scoring_specs.md,STATE-005|ALGO-001,HIGH,B2-B,对照Locked规格逐字段核验候选实现，补齐缺失语义并建立直接、分支、集成、回放与性能证据,同一版本scope内：Locked规格无歧义；非占位生产实现覆盖主要语义并接入正确调用链；直接/分支/边界测试通过；运行证据含unit_id、scenario/game_id、输入摘要、参数版本、seed、中间结果、输出、调用位置和测试/回放引用；追踪闭环；性能达规格；AC-01～AC-14适用项全Passed且独立审计通过,可见牌必须按实体事件去重，旧聚合路径可能重复展示计数；缺少锁定单元的直接测试及四类验收证据；Task17状态保持不变；本表是计划分型，不是新验收
ALGO-004,墙内活牌区间或估计,ALGO,PARTIAL,PATH-SEMANTIC-COMPLETION,false,true,true,true,true,true,true,false,true,false,true,false,players/analysis/danger.py::danger_map_for_tiles|players/analysis/danger.py::rate_discard_danger|players/analysis/opponent_model.py::estimate_opponents|players/humanlike/belief.py::PublicBelief|players/humanlike/belief.py::build_public_belief|players/humanlike/runtime.py::RoundRuntime|players/humanlike/runtime.py::apply_event|players/humanlike/runtime.py::create_round|players/humanlike/view.py::DecisionContext|players/humanlike/view.py::build_decision_context|protocols/player_view_builder.py::PlayerViewBuilder|protocols/player_view_builder.py::build|protocols/player_view_builder.py::build_legacy_dict|protocols/player_view_v2.py::PlayerViewV2|protocols/player_view_v2.py::freeze_mapping|protocols/player_view_v2.py::thaw|training/env.py::ChengduMahjongEnv|training/env.py::reset|training/env.py::step,tests/humanlike_v2/test_deterministic_policy.py::test_context_rejects_wrong_view_version_and_seat|tests/humanlike_v2/test_deterministic_policy.py::test_evaluation_is_repeatable_and_rng_free|tests/humanlike_v2/test_deterministic_policy.py::test_public_belief_uses_only_visible_counts|tests/humanlike_v2/test_player_view_v2.py::test_gp021_all_visibility_fields_have_hidden_partial_exact_contracts|tests/humanlike_v2/test_player_view_v2.py::test_gp021_wall_and_concealed_gang_visibility_modes|tests/humanlike_v2/test_player_view_v2.py::test_v2_whitelist_hides_opponents_wall_and_sentinel|tests/humanlike_v2/test_runtime.py::test_event_decision_and_finalize_lifecycle|tests/humanlike_v2/test_runtime.py::test_unknown_rp_and_invalid_transition_fail|tests/humanlike_v2/test_training_contract_v2.py::test_illegal_raise_preserves_state_and_terminate_penalizes|tests/humanlike_v2/test_training_contract_v2.py::test_v1_integer_semantics_remain_legal_list_index|tests/humanlike_v2/test_training_contract_v2.py::test_v2_fixed_index_and_shaping_off|tests/humanlike_v2/test_training_contract_v2.py::test_v2_observation_shapes_and_no_hidden_fields|tests/humanlike_v2/test_training_contract_v2.py::test_v2_shaping_is_separate_from_true_score|tests/test_discard_recommend.py::test_strategy_ranks_include_ukeire_tiles|tests/test_env.py::test_e01_reset_returns_obs_with_legals|tests/test_env.py::test_e03_illegal_action_raises|tests/test_env.py::test_e04_same_game_id_dealt_hands|tests/test_f0011_integrated.py::test_build_f0010_context_and_rank|tests/test_f0011_integrated.py::test_fan_proxy_and_baseline_compat,,AU-023 人类化决策规则：第 7—14 章 / 7.15 活牌与摸牌机会；AU-050 人类化决策规则：第 15—18 章与参数 / 18. 概率约束；AU-053 程序实现规范：第 0—10 章 / 2. IR-001～018；AU-075 程序实现规范：第 0—10 章 / 10.2–10.5 信念/风险,03-unit-specs/deterministic_algorithm_scoring_specs.md,ALGO-003|STATE-011,HIGH,B2-B,对照Locked规格逐字段核验候选实现，补齐缺失语义并建立直接、分支、集成、回放与性能证据,同一版本scope内：Locked规格无歧义；非占位生产实现覆盖主要语义并接入正确调用链；直接/分支/边界测试通过；运行证据含unit_id、scenario/game_id、输入摘要、参数版本、seed、中间结果、输出、调用位置和测试/回放引用；追踪闭环；性能达规格；AC-01～AC-14适用项全Passed且独立审计通过,规范区分未见牌与墙内活牌区间，旧remain估计边界不足；缺少锁定单元的直接测试及四类验收证据；Task17状态保持不变；本表是计划分型，不是新验收
ALGO-005,逐座剩余摸牌机会估计,ALGO,PARTIAL,PATH-SEMANTIC-COMPLETION,false,true,true,true,true,true,true,false,true,false,true,false,engine/blood_battle.py::active_seats|engine/blood_battle.py::apply_action|engine/blood_battle.py::next_active|engine/orchestrator.py::PlayerGameRunner|engine/orchestrator.py::run|engine/session.py::GameSession|engine/session.py::apply|engine/session.py::play_random_game|players/analysis/danger.py::danger_map_for_tiles|players/analysis/danger.py::rate_discard_danger|players/analysis/opponent_model.py::estimate_opponents|players/humanlike/belief.py::PublicBelief|players/humanlike/belief.py::build_public_belief|players/humanlike/runtime.py::RoundRuntime|players/humanlike/runtime.py::apply_event|players/humanlike/runtime.py::create_round|players/humanlike/view.py::DecisionContext|players/humanlike/view.py::build_decision_context|protocols/player_view_builder.py::PlayerViewBuilder|protocols/player_view_builder.py::build|protocols/player_view_builder.py::build_legacy_dict|protocols/player_view_v2.py::PlayerViewV2|protocols/player_view_v2.py::freeze_mapping|protocols/player_view_v2.py::thaw|training/observations_v2.py::encode_observation_v2|training/observations_v2.py::flatten_observation_v2,tests/humanlike_v2/test_deterministic_policy.py::test_context_rejects_wrong_view_version_and_seat|tests/humanlike_v2/test_deterministic_policy.py::test_evaluation_is_repeatable_and_rng_free|tests/humanlike_v2/test_deterministic_policy.py::test_public_belief_uses_only_visible_counts|tests/humanlike_v2/test_humanlike_player_integration.py::test_humanlike_self_play_has_no_policy_crash_or_full_state_channel|tests/humanlike_v2/test_humanlike_player_integration.py::test_same_game_produces_same_decision_histories|tests/humanlike_v2/test_player_view_v2.py::test_gp021_all_visibility_fields_have_hidden_partial_exact_contracts|tests/humanlike_v2/test_player_view_v2.py::test_gp021_wall_and_concealed_gang_visibility_modes|tests/humanlike_v2/test_player_view_v2.py::test_v2_whitelist_hides_opponents_wall_and_sentinel|tests/humanlike_v2/test_runtime.py::test_event_decision_and_finalize_lifecycle|tests/humanlike_v2/test_runtime.py::test_unknown_rp_and_invalid_transition_fail|tests/humanlike_v2/test_training_contract_v2.py::test_v2_observation_shapes_and_no_hidden_fields|tests/test_blood_battle.py::test_b02_discard_pass_cycle|tests/test_blood_battle.py::test_b10_random_games_terminate|tests/test_blood_battle.py::test_b11_more_random|tests/test_blood_battle.py::test_blood_battle_continues_after_first_hu|tests/test_blood_battle.py::test_force_complete_response_unblocks|tests/test_blood_battle.py::test_illegal_action|tests/test_discard_recommend.py::test_strategy_ranks_include_ukeire_tiles|tests/test_f0011_integrated.py::test_build_f0010_context_and_rank|tests/test_f0011_integrated.py::test_fan_proxy_and_baseline_compat,,AU-023 人类化决策规则：第 7—14 章 / 7.15 活牌与摸牌机会；AU-030 人类化决策规则：第 7—14 章 / 8.9 剩余机会；AU-053 程序实现规范：第 0—10 章 / 2. IR-001～018；AU-076 程序实现规范：第 0—10 章 / 10.6–10.9 注意/记忆/摸牌/Q,03-unit-specs/deterministic_algorithm_scoring_specs.md,RULE-005|STATE-011,HIGH,B2-B,对照Locked规格逐字段核验候选实现，补齐缺失语义并建立直接、分支、集成、回放与性能证据,同一版本scope内：Locked规格无歧义；非占位生产实现覆盖主要语义并接入正确调用链；直接/分支/边界测试通过；运行证据含unit_id、scenario/game_id、输入摘要、参数版本、seed、中间结果、输出、调用位置和测试/回放引用；追踪闭环；性能达规格；AC-01～AC-14适用项全Passed且独立审计通过,规范要求逐座剩余摸牌机会与轮转重算，旧逻辑未形成独立算法；缺少锁定单元的直接测试及四类验收证据；Task17状态保持不变；本表是计划分型，不是新验收
ALGO-006,mandatory 分类、候选上限与稳定排序,ALGO,PARTIAL,PATH-SEMANTIC-COMPLETION,false,true,true,true,true,true,true,false,true,false,true,false,engine/legal.py::action_in_legal|engine/legal.py::legal_actions|engine/legal.py::legal_discards|engine/orchestrator.py::PlayerGameRunner|engine/orchestrator.py::_play_seat_action|engine/orchestrator.py::run|players/humanlike/candidates.py::CandidateSet|players/humanlike/candidates.py::build_candidates|players/humanlike/candidates.py::stable_action_key|players/humanlike/player.py::HumanlikeV2Player|players/humanlike/player.py::decide|players/humanlike/player.py::observe|players/humanlike/policy.py::CognitiveDecision|players/humanlike/policy.py::select_cognitively|players/humanlike/view.py::DecisionContext|players/humanlike/view.py::build_decision_context|protocols/player_view_builder.py::PlayerViewBuilder|protocols/player_view_builder.py::build|protocols/player_view_builder.py::build_legacy_dict|protocols/player_view_v2.py::PlayerViewV2|protocols/player_view_v2.py::freeze_mapping|protocols/player_view_v2.py::thaw,tests/humanlike_v2/test_cognition.py::test_bounded_noise_is_reproducible_and_stays_in_near_pool|tests/humanlike_v2/test_cognition.py::test_clear_score_gap_disables_noise_and_think_time_is_bounded|tests/humanlike_v2/test_cognition.py::test_mandatory_action_never_consumes_rng|tests/humanlike_v2/test_cognition.py::test_player_emits_trace_v2_and_cognitive_rp_slots|tests/humanlike_v2/test_deterministic_policy.py::test_context_rejects_wrong_view_version_and_seat|tests/humanlike_v2/test_deterministic_policy.py::test_evaluation_is_repeatable_and_rng_free|tests/humanlike_v2/test_deterministic_policy.py::test_hidden_opponent_hands_cannot_change_decision|tests/humanlike_v2/test_deterministic_policy.py::test_mandatory_hu_survives_candidate_cap|tests/humanlike_v2/test_deterministic_policy.py::test_player_dingque_and_trace_are_deterministic|tests/humanlike_v2/test_deterministic_policy.py::test_stable_action_key_is_explicit|tests/humanlike_v2/test_humanlike_player_integration.py::test_humanlike_self_play_has_no_policy_crash_or_full_state_channel|tests/humanlike_v2/test_humanlike_player_integration.py::test_registry_exposes_humanlike_without_changing_old_defaults|tests/humanlike_v2/test_humanlike_player_integration.py::test_same_game_produces_same_decision_histories|tests/humanlike_v2/test_player_view_v2.py::test_gp021_all_visibility_fields_have_hidden_partial_exact_contracts|tests/humanlike_v2/test_player_view_v2.py::test_gp021_wall_and_concealed_gang_visibility_modes|tests/humanlike_v2/test_player_view_v2.py::test_v2_whitelist_hides_opponents_wall_and_sentinel|tests/test_analysis.py::test_an03_strategy_best_min_shanten|tests/test_session_scores.py::test_second_hand_starts_from_previous_totals|tests/test_session_scores.py::test_starting_scores_applied_at_run_start,,AU-001 人类化决策规则：第 0—6 章 / 0. 范围与合法性优先；AU-035 人类化决策规则：第 7—14 章 / 9.5 摸牌后判断；AU-053 程序实现规范：第 0—10 章 / 2. IR-001～018；AU-059 程序实现规范：第 0—10 章 / 3.5 Human-like Policy；AU-073 程序实现规范：第 0—10 章 / 9. AI 决策管线,03-unit-specs/deterministic_algorithm_scoring_specs.md,RULE-001|STATE-009,MEDIUM,B2-A2,对照Locked规格逐字段核验候选实现，补齐缺失语义并建立直接、分支、集成、回放与性能证据,同一版本scope内：Locked规格无歧义；非占位生产实现覆盖主要语义并接入正确调用链；直接/分支/边界测试通过；运行证据含unit_id、scenario/game_id、输入摘要、参数版本、seed、中间结果、输出、调用位置和测试/回放引用；追踪闭环；性能达规格；AC-01～AC-14适用项全Passed且独立审计通过,存在复合旧实现候选，但未隔离为v3单元，schema/错误/参数/状态/审计绑定及生产trace未按锁定规格核验；缺少锁定单元的直接测试及四类验收证据；Task17状态保持不变；本表是计划分型，不是新验收
ALGO-007,六分量候选 Q 评价,ALGO,PARTIAL,PATH-SEMANTIC-COMPLETION,false,true,true,true,true,true,true,false,true,false,true,false,engine/legal.py::action_in_legal|engine/legal.py::legal_actions|engine/legal.py::legal_discards|players/humanlike/candidates.py::CandidateSet|players/humanlike/candidates.py::build_candidates|players/humanlike/candidates.py::stable_action_key|players/humanlike/player.py::HumanlikeV2Player|players/humanlike/player.py::decide|players/humanlike/player.py::observe|players/humanlike/policy.py::CognitiveDecision|players/humanlike/policy.py::select_cognitively|players/humanlike/runtime.py::RoundRuntime|players/humanlike/runtime.py::apply_event|players/humanlike/runtime.py::create_round|protocols/player_view_builder.py::PlayerViewBuilder|protocols/player_view_builder.py::build|training/observations_v2.py::encode_observation_v2|training/observations_v2.py::flatten_observation_v2,tests/humanlike_v2/test_cognition.py::test_bounded_noise_is_reproducible_and_stays_in_near_pool|tests/humanlike_v2/test_cognition.py::test_clear_score_gap_disables_noise_and_think_time_is_bounded|tests/humanlike_v2/test_cognition.py::test_mandatory_action_never_consumes_rng|tests/humanlike_v2/test_cognition.py::test_player_emits_trace_v2_and_cognitive_rp_slots|tests/humanlike_v2/test_deterministic_policy.py::test_evaluation_is_repeatable_and_rng_free|tests/humanlike_v2/test_deterministic_policy.py::test_hidden_opponent_hands_cannot_change_decision|tests/humanlike_v2/test_deterministic_policy.py::test_mandatory_hu_survives_candidate_cap|tests/humanlike_v2/test_deterministic_policy.py::test_player_dingque_and_trace_are_deterministic|tests/humanlike_v2/test_deterministic_policy.py::test_stable_action_key_is_explicit|tests/humanlike_v2/test_humanlike_player_integration.py::test_registry_exposes_humanlike_without_changing_old_defaults|tests/humanlike_v2/test_player_view_v2.py::test_gp021_all_visibility_fields_have_hidden_partial_exact_contracts|tests/humanlike_v2/test_player_view_v2.py::test_gp021_wall_and_concealed_gang_visibility_modes|tests/humanlike_v2/test_player_view_v2.py::test_v2_whitelist_hides_opponents_wall_and_sentinel|tests/humanlike_v2/test_runtime.py::test_event_decision_and_finalize_lifecycle|tests/humanlike_v2/test_runtime.py::test_unknown_rp_and_invalid_transition_fail|tests/humanlike_v2/test_training_contract_v2.py::test_v2_observation_shapes_and_no_hidden_fields|tests/test_analysis.py::test_an03_strategy_best_min_shanten,,AU-049 人类化决策规则：第 15—18 章与参数 / 18. Q 评价；AU-059 程序实现规范：第 0—10 章 / 3.5 Human-like Policy；AU-073 程序实现规范：第 0—10 章 / 9. AI 决策管线；AU-076 程序实现规范：第 0—10 章 / 10.6–10.9 注意/记忆/摸牌/Q,03-unit-specs/deterministic_algorithm_scoring_specs.md,ALGO-002|ALGO-003|ALGO-005|STATE-010,HIGH,B2-B,对照Locked规格逐字段核验候选实现，补齐缺失语义并建立直接、分支、集成、回放与性能证据,同一版本scope内：Locked规格无歧义；非占位生产实现覆盖主要语义并接入正确调用链；直接/分支/边界测试通过；运行证据含unit_id、scenario/game_id、输入摘要、参数版本、seed、中间结果、输出、调用位置和测试/回放引用；追踪闭环；性能达规格；AC-01～AC-14适用项全Passed且独立审计通过,规范冻结六分量Q及公式等级，旧评价器权重/中间量不等价；缺少锁定单元的直接测试及四类验收证据；Task17状态保持不变；本表是计划分型，不是新验收
ALGO-008,seed、噪声、思考时间与随机流确定派生,ALGO,PARTIAL,PATH-SEMANTIC-COMPLETION,false,true,true,true,true,true,true,true,true,false,true,true,engine/legal.py::action_in_legal|engine/legal.py::legal_actions|engine/legal.py::legal_discards|engine/session.py::GameSession|engine/session.py::apply|engine/session.py::play_random_game|players/base_player.py::BasePlayer|players/base_player.py::observe|players/humanlike/candidates.py::CandidateSet|players/humanlike/candidates.py::build_candidates|players/humanlike/candidates.py::stable_action_key|players/humanlike/runtime.py::RoundRuntime|players/humanlike/runtime.py::apply_event|players/humanlike/runtime.py::create_round|protocols/player_view_builder.py::PlayerViewBuilder|protocols/player_view_builder.py::build,tests/humanlike_v2/test_deterministic_policy.py::test_evaluation_is_repeatable_and_rng_free|tests/humanlike_v2/test_deterministic_policy.py::test_mandatory_hu_survives_candidate_cap|tests/humanlike_v2/test_deterministic_policy.py::test_stable_action_key_is_explicit|tests/humanlike_v2/test_player_view_v2.py::test_gp021_all_visibility_fields_have_hidden_partial_exact_contracts|tests/humanlike_v2/test_player_view_v2.py::test_gp021_wall_and_concealed_gang_visibility_modes|tests/humanlike_v2/test_player_view_v2.py::test_v2_whitelist_hides_opponents_wall_and_sentinel|tests/humanlike_v2/test_runtime.py::test_event_decision_and_finalize_lifecycle|tests/humanlike_v2/test_runtime.py::test_unknown_rp_and_invalid_transition_fail|tests/test_analysis.py::test_an03_strategy_best_min_shanten|tests/test_blood_battle.py::test_b10_random_games_terminate|tests/test_blood_battle.py::test_b11_more_random|tests/test_blood_battle.py::test_session_wrapper,,AU-042 人类化决策规则：第 7—14 章 / 14. 有限认知；AU-073 程序实现规范：第 0—10 章 / 9. AI 决策管线；AU-084 程序实现规范：第 11—19 章 / 12.3 确定性回放,03-unit-specs/deterministic_algorithm_scoring_specs.md,ALGO-011|STATE-009,HIGH,B2-B,对照Locked规格逐字段核验候选实现，补齐缺失语义并建立直接、分支、集成、回放与性能证据,同一版本scope内：Locked规格无歧义；非占位生产实现覆盖主要语义并接入正确调用链；直接/分支/边界测试通过；运行证据含unit_id、scenario/game_id、输入摘要、参数版本、seed、中间结果、输出、调用位置和测试/回放引用；追踪闭环；性能达规格；AC-01～AC-14适用项全Passed且独立审计通过,规范要求命名随机域、噪声和思考时间统一派生，旧RNG入口分散；缺少锁定单元的直接测试及四类验收证据；随机流派生、噪声与思考时间应共享种子契约但分离算法职责；Task17状态保持不变；本表是计划分型，不是新验收
ALGO-009,配置类型/范围/版本校验、迁移与 canonical hash,ALGO,PARTIAL,PATH-SEMANTIC-COMPLETION,false,true,true,true,true,true,true,true,true,false,true,false,engine/persistence.py::load_game|engine/persistence.py::save_game|players/humanlike/cognition.py::CognitiveState|players/humanlike/cognition.py::begin_new_round|players/humanlike/config.py::HumanlikeConfig|players/humanlike/config.py::_validate_global_parameters|players/humanlike/config.py::load_config|players/humanlike/traceability.py::ParameterTrace|players/humanlike/traceability.py::_gp_consumer|players/humanlike/traceability.py::_rp_consumer,tests/humanlike_v2/test_cognition.py::test_bounded_noise_is_reproducible_and_stays_in_near_pool|tests/humanlike_v2/test_cognition.py::test_round_reset_keeps_only_bounded_public_impressions|tests/humanlike_v2/test_config.py::test_default_has_all_gp_profiles_and_stable_hash|tests/humanlike_v2/test_config.py::test_hash_ignores_json_format_and_key_order|tests/humanlike_v2/test_config.py::test_invalid_range_fails|tests/humanlike_v2/test_config.py::test_missing_gp_fails|tests/humanlike_v2/test_config.py::test_missing_player_cognitive_gp_fails|tests/humanlike_v2/test_config.py::test_non_normalized_weights_fail|tests/humanlike_v2/test_config.py::test_player_cognitive_parameters_are_independent|tests/humanlike_v2/test_config.py::test_unknown_version_fails,,AU-004 人类化决策规则：第 0—6 章 / 2. 学习规则；AU-045 人类化决策规则：第 15—18 章与参数 / 17. GP 注册；AU-048 人类化决策规则：第 15—18 章与参数 / 18. 数值校验；AU-051 程序实现规范：第 0—10 章 / 0–1. 版本与源绑定；AU-069 程序实现规范：第 0—10 章 / 5. 配置模型；AU-095 程序实现规范：第 11—19 章 / 18. 版本/兼容,03-unit-specs/deterministic_algorithm_scoring_specs.md,STATE-010,HIGH,B1-A,对照Locked规格逐字段核验候选实现，补齐缺失语义并建立直接、分支、集成、回放与性能证据,同一版本scope内：Locked规格无歧义；非占位生产实现覆盖主要语义并接入正确调用链；直接/分支/边界测试通过；运行证据含unit_id、scenario/game_id、输入摘要、参数版本、seed、中间结果、输出、调用位置和测试/回放引用；追踪闭环；性能达规格；AC-01～AC-14适用项全Passed且独立审计通过,规范要求60参数类型/范围/迁移/canonical hash统一门禁，旧配置只覆盖子集；缺少锁定单元的直接测试及四类验收证据；Task17状态保持不变；本表是计划分型，不是新验收
ALGO-011,game_id 到牌墙、骰子及子随机流的确定映射,ALGO,PARTIAL,PATH-SEMANTIC-COMPLETION,false,true,true,true,true,true,true,true,true,false,true,false,engine/game_id.py::master_seed_from_game_id|engine/game_id.py::derive_seeds,tests/test_game_id_repro.py::test_t03_same_game_id_same_seeds|tests/test_game_id_repro.py::test_t04_different_game_id_different_master|tests/test_game_id_repro.py::test_t06_deal_reproducible|tests/test_game_id_repro.py::test_t11_exchange_seed_derived_and_distinct,,实现规范 §12.3；规则文档 §14.10–14.11,03-unit-specs/deterministic_algorithm_scoring_specs.md,STATE-010,HIGH,B1-A,对照Locked规格逐字段核验候选实现，补齐缺失语义并建立直接、分支、集成、回放与性能证据,同一版本scope内：Locked规格无歧义；非占位生产实现覆盖主要语义并接入正确调用链；直接/分支/边界测试通过；运行证据含unit_id、scenario/game_id、输入摘要、参数版本、seed、中间结果、输出、调用位置和测试/回放引用；追踪闭环；性能达规格；AC-01～AC-14适用项全Passed且独立审计通过,规范要求game_id派生全部命名子流，旧实现仅固定少量seed；缺少锁定单元的直接测试及四类验收证据；Task17状态保持不变；本表是计划分型，不是新验收
HEUR-001,换三张候选评价,HEUR,PARTIAL,PATH-SEMANTIC-COMPLETION,false,true,true,true,true,true,true,true,true,false,true,false,engine/exchange.py::resolve_exchange_tiles|engine/exchange.py::validate_exchange_tiles|engine/shanten.py::shanten|engine/win_check.py::WinCheckResult|engine/win_check.py::WinForm|players/humanlike/hand_analyzer.py::HandFeatures|players/humanlike/hand_analyzer.py::analyze_action|players/humanlike/hand_analyzer.py::visible_hand,tests/test_shanten.py::test_s01_tenpai_shanten_0|tests/test_shanten.py::test_s02_winning_standard_shanten_neg1|tests/test_shanten.py::test_s03_seven_pairs_tenpai|tests/test_shanten.py::test_s04_dingque_raises_shanten|tests/test_win_fan.py::test_w01_standard_win|tests/test_win_fan.py::test_w02_seven_pairs,,AU-011 人类化决策规则：第 0—6 章 / 5. 换牌策略,03-unit-specs/human_heuristic_specs.md,RULE-002|ALGO-002|ALGO-003,MEDIUM,B3-A,对照Locked规格逐字段核验候选实现，补齐缺失语义并建立直接、分支、集成、回放与性能证据,同一版本scope内：Locked规格无歧义；非占位生产实现覆盖主要语义并接入正确调用链；直接/分支/边界测试通过；运行证据含unit_id、scenario/game_id、输入摘要、参数版本、seed、中间结果、输出、调用位置和测试/回放引用；追踪闭环；性能达规格；AC-01～AC-14适用项全Passed且独立审计通过,存在复合旧实现候选，但未隔离为v3单元，schema/错误/参数/状态/审计绑定及生产trace未按锁定规格核验；缺少锁定单元的直接测试及四类验收证据；Task17状态保持不变；本表是计划分型，不是新验收
HEUR-002,定缺花色评价,HEUR,PARTIAL,PATH-SEMANTIC-COMPLETION,false,true,true,true,true,true,true,true,true,false,true,false,engine/opening.py::begin_opening|engine/opening.py::submit_exchange|engine/shanten.py::shanten|engine/win_check.py::WinCheckResult|engine/win_check.py::WinForm|players/humanlike/hand_analyzer.py::HandFeatures|players/humanlike/hand_analyzer.py::analyze_action|players/humanlike/hand_analyzer.py::visible_hand,tests/test_exchange_dingque.py::test_human_face_exchange_resolves_to_physical_tiles|tests/test_exchange_dingque.py::test_t03_full_exchange_to_dingque|tests/test_exchange_dingque.py::test_t04_multiset_transfer|tests/test_exchange_dingque.py::test_t05_illegal_exchange|tests/test_exchange_dingque.py::test_t06_overwrite_pending|tests/test_exchange_dingque.py::test_t07_fixed_clockwise|tests/test_exchange_dingque.py::test_t09_dingque_overwrite|tests/test_exchange_dingque.py::test_wrong_phase_ops,,AU-012 人类化决策规则：第 0—6 章 / 6. 定缺选择,03-unit-specs/human_heuristic_specs.md,RULE-003|ALGO-002,MEDIUM,B3-A,对照Locked规格逐字段核验候选实现，补齐缺失语义并建立直接、分支、集成、回放与性能证据,同一版本scope内：Locked规格无歧义；非占位生产实现覆盖主要语义并接入正确调用链；直接/分支/边界测试通过；运行证据含unit_id、scenario/game_id、输入摘要、参数版本、seed、中间结果、输出、调用位置和测试/回放引用；追踪闭环；性能达规格；AC-01～AC-14适用项全Passed且独立审计通过,存在复合旧实现候选，但未隔离为v3单元，schema/错误/参数/状态/审计绑定及生产trace未按锁定规格核验；缺少锁定单元的直接测试及四类验收证据；Task17状态保持不变；本表是计划分型，不是新验收
HEUR-003,动态风格调节,HEUR,PARTIAL,PATH-SEMANTIC-COMPLETION,false,true,true,true,true,true,true,true,true,false,true,false,players/humanlike/cognition.py::CognitiveState|players/humanlike/cognition.py::begin_new_round|players/humanlike/config.py::HumanlikeConfig|players/humanlike/config.py::_validate_global_parameters|players/humanlike/config.py::load_config|players/humanlike/traceability.py::ParameterTrace|players/humanlike/traceability.py::_gp_consumer|players/humanlike/traceability.py::_rp_consumer,tests/humanlike_v2/test_cognition.py::test_bounded_noise_is_reproducible_and_stays_in_near_pool|tests/humanlike_v2/test_cognition.py::test_round_reset_keeps_only_bounded_public_impressions|tests/humanlike_v2/test_config.py::test_default_has_all_gp_profiles_and_stable_hash|tests/humanlike_v2/test_config.py::test_hash_ignores_json_format_and_key_order|tests/humanlike_v2/test_config.py::test_invalid_range_fails|tests/humanlike_v2/test_config.py::test_missing_gp_fails|tests/humanlike_v2/test_config.py::test_non_normalized_weights_fail|tests/humanlike_v2/test_config.py::test_unknown_version_fails,,AU-004 人类化决策规则：第 0—6 章 / 2. 学习规则；AU-005 人类化决策规则：第 0—6 章 / 2. 风格动态变化；AU-020 人类化决策规则：第 7—14 章 / 7.11 玩家风格/水平,03-unit-specs/human_heuristic_specs.md,STATE-001|STATE-010|HEUR-022,MEDIUM,B3-B,对照Locked规格逐字段核验候选实现，补齐缺失语义并建立直接、分支、集成、回放与性能证据,同一版本scope内：Locked规格无歧义；非占位生产实现覆盖主要语义并接入正确调用链；直接/分支/边界测试通过；运行证据含unit_id、scenario/game_id、输入摘要、参数版本、seed、中间结果、输出、调用位置和测试/回放引用；追踪闭环；性能达规格；AC-01～AC-14适用项全Passed且独立审计通过,存在复合旧实现候选，但未隔离为v3单元，schema/错误/参数/状态/审计绑定及生产trace未按锁定规格核验；缺少锁定单元的直接测试及四类验收证据；Task17状态保持不变；本表是计划分型，不是新验收
HEUR-004,初始做牌方向形成,HEUR,PARTIAL,PATH-SEMANTIC-COMPLETION,false,true,true,true,true,true,true,true,true,false,true,false,engine/shanten.py::shanten|players/humanlike/cognition.py::CognitiveState|players/humanlike/cognition.py::begin_new_round|players/humanlike/cognition.py::update_memory|players/humanlike/hand_analyzer.py::analyze_action|players/humanlike/hand_analyzer.py::visible_hand|players/humanlike/plan.py::PlanSnapshot|players/humanlike/plan.py::choose_plan|players/humanlike/player.py::HumanlikeV2Player|players/humanlike/player.py::decide|players/humanlike/player.py::observe|players/humanlike/policy.py::CognitiveDecision|players/humanlike/policy.py::select_cognitively,tests/humanlike_v2/test_cognition.py::test_bounded_noise_is_reproducible_and_stays_in_near_pool|tests/humanlike_v2/test_cognition.py::test_clear_score_gap_disables_noise_and_think_time_is_bounded|tests/humanlike_v2/test_cognition.py::test_mandatory_action_never_consumes_rng|tests/humanlike_v2/test_cognition.py::test_player_emits_trace_v2_and_cognitive_rp_slots|tests/humanlike_v2/test_cognition.py::test_round_reset_keeps_only_bounded_public_impressions|tests/humanlike_v2/test_deterministic_policy.py::test_hidden_opponent_hands_cannot_change_decision|tests/humanlike_v2/test_deterministic_policy.py::test_player_dingque_and_trace_are_deterministic|tests/humanlike_v2/test_humanlike_player_integration.py::test_registry_exposes_humanlike_without_changing_old_defaults|tests/test_shanten.py::test_s01_tenpai_shanten_0|tests/test_shanten.py::test_s02_winning_standard_shanten_neg1|tests/test_shanten.py::test_s03_seven_pairs_tenpai|tests/test_shanten.py::test_s04_dingque_raises_shanten,,AU-008 人类化决策规则：第 0—6 章 / 4. 初始手牌整理；AU-014 人类化决策规则：第 7—14 章 / 7.1 做牌方向；AU-059 程序实现规范：第 0—10 章 / 3.5 Human-like Policy,03-unit-specs/human_heuristic_specs.md,ALGO-002|HEUR-022,MEDIUM,B3-A,对照Locked规格逐字段核验候选实现，补齐缺失语义并建立直接、分支、集成、回放与性能证据,同一版本scope内：Locked规格无歧义；非占位生产实现覆盖主要语义并接入正确调用链；直接/分支/边界测试通过；运行证据含unit_id、scenario/game_id、输入摘要、参数版本、seed、中间结果、输出、调用位置和测试/回放引用；追踪闭环；性能达规格；AC-01～AC-14适用项全Passed且独立审计通过,存在复合旧实现候选，但未隔离为v3单元，schema/错误/参数/状态/审计绑定及生产trace未按锁定规格核验；缺少锁定单元的直接测试及四类验收证据；Task17状态保持不变；本表是计划分型，不是新验收
HEUR-005,主备计划生命周期,HEUR,PARTIAL,PATH-SEMANTIC-COMPLETION,false,true,true,true,true,true,true,true,true,false,true,false,engine/orchestrator.py::PlayerGameRunner|engine/orchestrator.py::_play_seat_action|engine/orchestrator.py::run|players/analysis/danger.py::danger_map_for_tiles|players/analysis/danger.py::rate_discard_danger|players/analysis/opponent_model.py::estimate_opponents|players/humanlike/belief.py::PublicBelief|players/humanlike/belief.py::build_public_belief|players/humanlike/cognition.py::CognitiveState|players/humanlike/cognition.py::begin_new_round|players/humanlike/cognition.py::update_memory|players/humanlike/hand_analyzer.py::HandFeatures|players/humanlike/hand_analyzer.py::analyze_action|players/humanlike/hand_analyzer.py::visible_hand|players/humanlike/plan.py::PlanSnapshot|players/humanlike/plan.py::choose_plan|players/humanlike/player.py::HumanlikeV2Player|players/humanlike/player.py::decide|players/humanlike/player.py::observe|players/humanlike/policy.py::CognitiveDecision|players/humanlike/policy.py::select_cognitively,tests/humanlike_v2/test_cognition.py::test_bounded_noise_is_reproducible_and_stays_in_near_pool|tests/humanlike_v2/test_cognition.py::test_clear_score_gap_disables_noise_and_think_time_is_bounded|tests/humanlike_v2/test_cognition.py::test_mandatory_action_never_consumes_rng|tests/humanlike_v2/test_cognition.py::test_player_emits_trace_v2_and_cognitive_rp_slots|tests/humanlike_v2/test_cognition.py::test_round_reset_keeps_only_bounded_public_impressions|tests/humanlike_v2/test_deterministic_policy.py::test_evaluation_is_repeatable_and_rng_free|tests/humanlike_v2/test_deterministic_policy.py::test_hidden_opponent_hands_cannot_change_decision|tests/humanlike_v2/test_deterministic_policy.py::test_player_dingque_and_trace_are_deterministic|tests/humanlike_v2/test_deterministic_policy.py::test_public_belief_uses_only_visible_counts|tests/humanlike_v2/test_humanlike_player_integration.py::test_humanlike_self_play_has_no_policy_crash_or_full_state_channel|tests/humanlike_v2/test_humanlike_player_integration.py::test_registry_exposes_humanlike_without_changing_old_defaults|tests/humanlike_v2/test_humanlike_player_integration.py::test_same_game_produces_same_decision_histories|tests/test_discard_recommend.py::test_strategy_ranks_include_ukeire_tiles|tests/test_f0011_integrated.py::test_build_f0010_context_and_rank|tests/test_f0011_integrated.py::test_fan_proxy_and_baseline_compat|tests/test_session_scores.py::test_second_hand_starts_from_previous_totals|tests/test_session_scores.py::test_starting_scores_applied_at_run_start,,AU-009 人类化决策规则：第 0—6 章 / 4. 初步计划可修正；AU-014 人类化决策规则：第 7—14 章 / 7.1 做牌方向；AU-017 人类化决策规则：第 7—14 章 / 7.4–7.8 动态调整；AU-025 人类化决策规则：第 7—14 章 / 7.17 主/备计划；AU-035 人类化决策规则：第 7—14 章 / 9.5 摸牌后判断；AU-059 程序实现规范：第 0—10 章 / 3.5 Human-like Policy,03-unit-specs/human_heuristic_specs.md,HEUR-004|STATE-006,MEDIUM,B3-B,对照Locked规格逐字段核验候选实现，补齐缺失语义并建立直接、分支、集成、回放与性能证据,同一版本scope内：Locked规格无歧义；非占位生产实现覆盖主要语义并接入正确调用链；直接/分支/边界测试通过；运行证据含unit_id、scenario/game_id、输入摘要、参数版本、seed、中间结果、输出、调用位置和测试/回放引用；追踪闭环；性能达规格；AC-01～AC-14适用项全Passed且独立审计通过,存在复合旧实现候选，但未隔离为v3单元，schema/错误/参数/状态/审计绑定及生产trace未按锁定规格核验；缺少锁定单元的直接测试及四类验收证据；Task17状态保持不变；本表是计划分型，不是新验收
HEUR-006,定缺花色环境评估,HEUR,PARTIAL,PATH-SEMANTIC-COMPLETION,false,true,true,true,true,true,true,true,true,false,true,false,players/humanlike/view.py::DecisionContext|players/humanlike/view.py::build_decision_context|protocols/player_view_builder.py::PlayerViewBuilder|protocols/player_view_builder.py::build|protocols/player_view_builder.py::build_legacy_dict|protocols/player_view_v2.py::PlayerViewV2|protocols/player_view_v2.py::freeze_mapping|protocols/player_view_v2.py::thaw,tests/humanlike_v2/test_deterministic_policy.py::test_context_rejects_wrong_view_version_and_seat|tests/humanlike_v2/test_player_view_v2.py::test_gp021_all_visibility_fields_have_hidden_partial_exact_contracts|tests/humanlike_v2/test_player_view_v2.py::test_gp021_wall_and_concealed_gang_visibility_modes|tests/humanlike_v2/test_player_view_v2.py::test_v2_whitelist_hides_opponents_wall_and_sentinel,,AU-015 人类化决策规则：第 7—14 章 / 7.2 花色环境,03-unit-specs/human_heuristic_specs.md,STATE-005,MEDIUM,B3-A,对照Locked规格逐字段核验候选实现，补齐缺失语义并建立直接、分支、集成、回放与性能证据,同一版本scope内：Locked规格无歧义；非占位生产实现覆盖主要语义并接入正确调用链；直接/分支/边界测试通过；运行证据含unit_id、scenario/game_id、输入摘要、参数版本、seed、中间结果、输出、调用位置和测试/回放引用；追踪闭环；性能达规格；AC-01～AC-14适用项全Passed且独立审计通过,存在复合旧实现候选，但未隔离为v3单元，schema/错误/参数/状态/审计绑定及生产trace未按锁定规格核验；缺少锁定单元的直接测试及四类验收证据；Task17状态保持不变；本表是计划分型，不是新验收
HEUR-007,公开事件驱动的逐家方向更新,HEUR,PARTIAL,PATH-SEMANTIC-COMPLETION,false,true,true,true,true,true,true,true,true,false,true,false,engine/blood_battle.py::active_seats|engine/blood_battle.py::apply_action|engine/blood_battle.py::next_active|engine/orchestrator.py::PlayerGameRunner|engine/orchestrator.py::run|engine/session.py::GameSession|engine/session.py::apply|engine/session.py::play_random_game|players/analysis/danger.py::danger_map_for_tiles|players/analysis/danger.py::rate_discard_danger|players/analysis/opponent_model.py::estimate_opponents|players/humanlike/belief.py::PublicBelief|players/humanlike/belief.py::build_public_belief|players/humanlike/hand_analyzer.py::HandFeatures|players/humanlike/hand_analyzer.py::analyze_action|players/humanlike/hand_analyzer.py::visible_hand,tests/humanlike_v2/test_deterministic_policy.py::test_evaluation_is_repeatable_and_rng_free|tests/humanlike_v2/test_deterministic_policy.py::test_public_belief_uses_only_visible_counts|tests/humanlike_v2/test_humanlike_player_integration.py::test_humanlike_self_play_has_no_policy_crash_or_full_state_channel|tests/humanlike_v2/test_humanlike_player_integration.py::test_same_game_produces_same_decision_histories|tests/test_blood_battle.py::test_b02_discard_pass_cycle|tests/test_blood_battle.py::test_b10_random_games_terminate|tests/test_blood_battle.py::test_b11_more_random|tests/test_blood_battle.py::test_blood_battle_continues_after_first_hu|tests/test_blood_battle.py::test_force_complete_response_unblocks|tests/test_blood_battle.py::test_illegal_action|tests/test_discard_recommend.py::test_strategy_ranks_include_ukeire_tiles|tests/test_f0011_integrated.py::test_build_f0010_context_and_rank|tests/test_f0011_integrated.py::test_fan_proxy_and_baseline_compat,,AU-017 人类化决策规则：第 7—14 章 / 7.4–7.8 动态调整；AU-026 人类化决策规则：第 7—14 章 / 8.1–8.4 算牌顺序,03-unit-specs/human_heuristic_specs.md,HEUR-006|STATE-005|MODEL-001,MEDIUM,B3-B,对照Locked规格逐字段核验候选实现，补齐缺失语义并建立直接、分支、集成、回放与性能证据,同一版本scope内：Locked规格无歧义；非占位生产实现覆盖主要语义并接入正确调用链；直接/分支/边界测试通过；运行证据含unit_id、scenario/game_id、输入摘要、参数版本、seed、中间结果、输出、调用位置和测试/回放引用；追踪闭环；性能达规格；AC-01～AC-14适用项全Passed且独立审计通过,存在复合旧实现候选，但未隔离为v3单元，schema/错误/参数/状态/审计绑定及生产trace未按锁定规格核验；缺少锁定单元的直接测试及四类验收证据；Task17状态保持不变；本表是计划分型，不是新验收
HEUR-008,整场比分与剩余局效用调节,HEUR,PARTIAL,PATH-SEMANTIC-COMPLETION,false,true,true,true,true,true,true,true,true,false,true,false,players/humanlike/cognition.py::CognitiveState|players/humanlike/cognition.py::begin_new_round|players/humanlike/config.py::HumanlikeConfig|players/humanlike/config.py::_validate_global_parameters|players/humanlike/config.py::load_config|players/humanlike/traceability.py::ParameterTrace|players/humanlike/traceability.py::_gp_consumer|players/humanlike/traceability.py::_rp_consumer,tests/humanlike_v2/test_cognition.py::test_bounded_noise_is_reproducible_and_stays_in_near_pool|tests/humanlike_v2/test_cognition.py::test_round_reset_keeps_only_bounded_public_impressions|tests/humanlike_v2/test_config.py::test_default_has_all_gp_profiles_and_stable_hash|tests/humanlike_v2/test_config.py::test_hash_ignores_json_format_and_key_order|tests/humanlike_v2/test_config.py::test_invalid_range_fails|tests/humanlike_v2/test_config.py::test_missing_gp_fails|tests/humanlike_v2/test_config.py::test_non_normalized_weights_fail|tests/humanlike_v2/test_config.py::test_unknown_version_fails,,AU-019 人类化决策规则：第 7—14 章 / 7.10 比分/剩余局,03-unit-specs/human_heuristic_specs.md,STATE-001|SCORE-006,LOW,B3-A,对照Locked规格逐字段核验候选实现，补齐缺失语义并建立直接、分支、集成、回放与性能证据,同一版本scope内：Locked规格无歧义；非占位生产实现覆盖主要语义并接入正确调用链；直接/分支/边界测试通过；运行证据含unit_id、scenario/game_id、输入摘要、参数版本、seed、中间结果、输出、调用位置和测试/回放引用；追踪闭环；性能达规格；AC-01～AC-14适用项全Passed且独立审计通过,存在复合旧实现候选，但未隔离为v3单元，schema/错误/参数/状态/审计绑定及生产trace未按锁定规格核验；缺少锁定单元的直接测试及四类验收证据；Task17状态保持不变；本表是计划分型，不是新验收
HEUR-009,先胡、做大和血战顺序效用,HEUR,PARTIAL,PATH-SEMANTIC-COMPLETION,false,true,true,true,true,true,true,true,true,false,true,false,engine/blood_battle.py::active_seats|engine/blood_battle.py::apply_action|engine/blood_battle.py::next_active|players/analysis/danger.py::danger_map_for_tiles|players/analysis/danger.py::rate_discard_danger|players/analysis/opponent_model.py::estimate_opponents|players/humanlike/belief.py::PublicBelief|players/humanlike/belief.py::build_public_belief|players/humanlike/view.py::DecisionContext|players/humanlike/view.py::build_decision_context|protocols/player_view_builder.py::PlayerViewBuilder|protocols/player_view_builder.py::build|protocols/player_view_builder.py::build_legacy_dict|protocols/player_view_v2.py::PlayerViewV2|protocols/player_view_v2.py::freeze_mapping|protocols/player_view_v2.py::thaw,tests/humanlike_v2/test_deterministic_policy.py::test_context_rejects_wrong_view_version_and_seat|tests/humanlike_v2/test_deterministic_policy.py::test_evaluation_is_repeatable_and_rng_free|tests/humanlike_v2/test_deterministic_policy.py::test_public_belief_uses_only_visible_counts|tests/humanlike_v2/test_player_view_v2.py::test_gp021_all_visibility_fields_have_hidden_partial_exact_contracts|tests/humanlike_v2/test_player_view_v2.py::test_gp021_wall_and_concealed_gang_visibility_modes|tests/humanlike_v2/test_player_view_v2.py::test_v2_whitelist_hides_opponents_wall_and_sentinel|tests/test_blood_battle.py::test_b02_discard_pass_cycle|tests/test_blood_battle.py::test_blood_battle_continues_after_first_hu|tests/test_blood_battle.py::test_force_complete_response_unblocks|tests/test_blood_battle.py::test_illegal_action|tests/test_discard_recommend.py::test_strategy_ranks_include_ukeire_tiles|tests/test_f0011_integrated.py::test_build_f0010_context_and_rank,,AU-018 人类化决策规则：第 7—14 章 / 7.9 胡牌人数；AU-024 人类化决策规则：第 7—14 章 / 7.16 先胡/顺序,03-unit-specs/human_heuristic_specs.md,ALGO-002|ALGO-005|HEUR-008,MEDIUM,B3-B,对照Locked规格逐字段核验候选实现，补齐缺失语义并建立直接、分支、集成、回放与性能证据,同一版本scope内：Locked规格无歧义；非占位生产实现覆盖主要语义并接入正确调用链；直接/分支/边界测试通过；运行证据含unit_id、scenario/game_id、输入摘要、参数版本、seed、中间结果、输出、调用位置和测试/回放引用；追踪闭环；性能达规格；AC-01～AC-14适用项全Passed且独立审计通过,存在复合旧实现候选，但未隔离为v3单元，schema/错误/参数/状态/审计绑定及生产trace未按锁定规格核验；缺少锁定单元的直接测试及四类验收证据；Task17状态保持不变；本表是计划分型，不是新验收
HEUR-010,多目标冲突复核,HEUR,PARTIAL,PATH-SEMANTIC-COMPLETION,false,true,true,true,true,true,true,true,true,false,true,false,players/humanlike/cognition.py::CognitiveState|players/humanlike/cognition.py::begin_new_round|players/humanlike/cognition.py::update_memory|players/humanlike/evaluator.py::EvaluationResult|players/humanlike/evaluator.py::ScoredCandidate|players/humanlike/evaluator.py::evaluate_candidates|players/humanlike/plan.py::PlanSnapshot|players/humanlike/plan.py::choose_plan,tests/humanlike_v2/test_cognition.py::test_bounded_noise_is_reproducible_and_stays_in_near_pool|tests/humanlike_v2/test_cognition.py::test_clear_score_gap_disables_noise_and_think_time_is_bounded|tests/humanlike_v2/test_cognition.py::test_round_reset_keeps_only_bounded_public_impressions|tests/humanlike_v2/test_deterministic_policy.py::test_evaluation_is_repeatable_and_rng_free,,AU-021 人类化决策规则：第 7—14 章 / 7.12–7.13 冲突与复核,03-unit-specs/human_heuristic_specs.md,ALGO-007|HEUR-005|HEUR-008,LOW,B3-B,对照Locked规格逐字段核验候选实现，补齐缺失语义并建立直接、分支、集成、回放与性能证据,同一版本scope内：Locked规格无歧义；非占位生产实现覆盖主要语义并接入正确调用链；直接/分支/边界测试通过；运行证据含unit_id、scenario/game_id、输入摘要、参数版本、seed、中间结果、输出、调用位置和测试/回放引用；追踪闭环；性能达规格；AC-01～AC-14适用项全Passed且独立审计通过,存在复合旧实现候选，但未隔离为v3单元，schema/错误/参数/状态/审计绑定及生产trace未按锁定规格核验；缺少锁定单元的直接测试及四类验收证据；Task17状态保持不变；本表是计划分型，不是新验收
HEUR-011,番型边际做牌价值,HEUR,PARTIAL,PATH-SEMANTIC-COMPLETION,false,true,true,true,true,true,true,true,true,false,true,false,engine/fan.py::FanTable|engine/fan.py::apply_fan_cap|engine/fan.py::compute_fan|players/humanlike/config.py::HumanlikeConfig|players/humanlike/config.py::_validate_global_parameters|players/humanlike/config.py::load_config|players/humanlike/traceability.py::ParameterTrace|players/humanlike/traceability.py::_gp_consumer,tests/humanlike_v2/test_config.py::test_default_has_all_gp_profiles_and_stable_hash|tests/humanlike_v2/test_config.py::test_hash_ignores_json_format_and_key_order|tests/humanlike_v2/test_config.py::test_invalid_range_fails|tests/humanlike_v2/test_config.py::test_missing_gp_fails|tests/humanlike_v2/test_config.py::test_missing_player_cognitive_gp_fails|tests/humanlike_v2/test_config.py::test_non_normalized_weights_fail|tests/humanlike_v2/test_config.py::test_player_cognitive_parameters_are_independent|tests/humanlike_v2/test_config.py::test_unknown_version_fails,,AU-022 人类化决策规则：第 7—14 章 / 7.14 全番型配置,03-unit-specs/human_heuristic_specs.md,RULE-015|ALGO-002,LOW,B3-A,对照Locked规格逐字段核验候选实现，补齐缺失语义并建立直接、分支、集成、回放与性能证据,同一版本scope内：Locked规格无歧义；非占位生产实现覆盖主要语义并接入正确调用链；直接/分支/边界测试通过；运行证据含unit_id、scenario/game_id、输入摘要、参数版本、seed、中间结果、输出、调用位置和测试/回放引用；追踪闭环；性能达规格；AC-01～AC-14适用项全Passed且独立审计通过,存在复合旧实现候选，但未隔离为v3单元，schema/错误/参数/状态/审计绑定及生产trace未按锁定规格核验；缺少锁定单元的直接测试及四类验收证据；Task17状态保持不变；本表是计划分型，不是新验收
HEUR-012,碰牌策略评价,HEUR,PARTIAL,PATH-SEMANTIC-COMPLETION,false,true,true,true,true,true,true,true,true,false,true,false,engine/legal.py::action_in_legal|engine/legal.py::legal_actions|engine/legal.py::legal_discards|players/humanlike/candidates.py::CandidateSet|players/humanlike/candidates.py::build_candidates|players/humanlike/candidates.py::stable_action_key|players/humanlike/config.py::HumanlikeConfig|players/humanlike/config.py::load_config,tests/humanlike_v2/test_config.py::test_default_has_all_gp_profiles_and_stable_hash|tests/humanlike_v2/test_config.py::test_hash_ignores_json_format_and_key_order|tests/humanlike_v2/test_config.py::test_invalid_range_fails|tests/humanlike_v2/test_config.py::test_missing_gp_fails|tests/humanlike_v2/test_config.py::test_missing_player_cognitive_gp_fails|tests/humanlike_v2/test_config.py::test_non_normalized_weights_fail|tests/humanlike_v2/test_config.py::test_player_cognitive_parameters_are_independent|tests/humanlike_v2/test_config.py::test_unknown_version_fails,,AU-034 人类化决策规则：第 7—14 章 / 9.4 碰牌响应,03-unit-specs/human_heuristic_specs.md,RULE-007|ALGO-002,MEDIUM,B3-B,对照Locked规格逐字段核验候选实现，补齐缺失语义并建立直接、分支、集成、回放与性能证据,同一版本scope内：Locked规格无歧义；非占位生产实现覆盖主要语义并接入正确调用链；直接/分支/边界测试通过；运行证据含unit_id、scenario/game_id、输入摘要、参数版本、seed、中间结果、输出、调用位置和测试/回放引用；追踪闭环；性能达规格；AC-01～AC-14适用项全Passed且独立审计通过,存在复合旧实现候选，但未隔离为v3单元，schema/错误/参数/状态/审计绑定及生产trace未按锁定规格核验；缺少锁定单元的直接测试及四类验收证据；Task17状态保持不变；本表是计划分型，不是新验收
HEUR-013,杠牌策略评价,HEUR,PARTIAL,PATH-SEMANTIC-COMPLETION,false,true,true,true,true,true,true,true,true,false,true,false,engine/legal.py::action_in_legal|engine/legal.py::legal_actions|engine/legal.py::legal_discards|players/humanlike/belief.py::PublicBelief|players/humanlike/belief.py::build_public_belief|players/humanlike/candidates.py::CandidateSet|players/humanlike/candidates.py::build_candidates|players/humanlike/candidates.py::stable_action_key,tests/humanlike_v2/test_deterministic_policy.py::test_evaluation_is_repeatable_and_rng_free|tests/humanlike_v2/test_deterministic_policy.py::test_mandatory_hu_survives_candidate_cap|tests/humanlike_v2/test_deterministic_policy.py::test_public_belief_uses_only_visible_counts|tests/humanlike_v2/test_deterministic_policy.py::test_stable_action_key_is_explicit|tests/test_analysis.py::test_an03_strategy_best_min_shanten,,AU-033 人类化决策规则：第 7—14 章 / 9.3 杠牌响应,03-unit-specs/human_heuristic_specs.md,RULE-008|RULE-009|SCORE-003|MODEL-002,MEDIUM,B3-C,对照Locked规格逐字段核验候选实现，补齐缺失语义并建立直接、分支、集成、回放与性能证据,同一版本scope内：Locked规格无歧义；非占位生产实现覆盖主要语义并接入正确调用链；直接/分支/边界测试通过；运行证据含unit_id、scenario/game_id、输入摘要、参数版本、seed、中间结果、输出、调用位置和测试/回放引用；追踪闭环；性能达规格；AC-01～AC-14适用项全Passed且独立审计通过,存在复合旧实现候选，但未隔离为v3单元，schema/错误/参数/状态/审计绑定及生产trace未按锁定规格核验；缺少锁定单元的直接测试及四类验收证据；Task17状态保持不变；本表是计划分型，不是新验收
HEUR-014,出牌牌效与结构保留策略,HEUR,PARTIAL,PATH-SEMANTIC-COMPLETION,false,true,true,true,true,true,true,true,true,false,true,false,engine/legal.py::action_in_legal|engine/legal.py::legal_actions|engine/legal.py::legal_discards|players/humanlike/candidates.py::CandidateSet|players/humanlike/candidates.py::build_candidates|players/humanlike/candidates.py::stable_action_key|players/humanlike/hand_analyzer.py::analyze_action|players/humanlike/hand_analyzer.py::visible_hand,tests/humanlike_v2/test_deterministic_policy.py::test_evaluation_is_repeatable_and_rng_free|tests/humanlike_v2/test_deterministic_policy.py::test_mandatory_hu_survives_candidate_cap|tests/humanlike_v2/test_deterministic_policy.py::test_stable_action_key_is_explicit|tests/test_analysis.py::test_an03_strategy_best_min_shanten,,AU-036 人类化决策规则：第 7—14 章 / 10.1–10.5 出牌,03-unit-specs/human_heuristic_specs.md,RULE-003|ALGO-002|HEUR-005,LOW,B3-B,对照Locked规格逐字段核验候选实现，补齐缺失语义并建立直接、分支、集成、回放与性能证据,同一版本scope内：Locked规格无歧义；非占位生产实现覆盖主要语义并接入正确调用链；直接/分支/边界测试通过；运行证据含unit_id、scenario/game_id、输入摘要、参数版本、seed、中间结果、输出、调用位置和测试/回放引用；追踪闭环；性能达规格；AC-01～AC-14适用项全Passed且独立审计通过,存在复合旧实现候选，但未隔离为v3单元，schema/错误/参数/状态/审计绑定及生产trace未按锁定规格核验；缺少锁定单元的直接测试及四类验收证据；Task17状态保持不变；本表是计划分型，不是新验收
HEUR-015,防守偏好与安全牌选择,HEUR,PARTIAL,PATH-SEMANTIC-COMPLETION,false,true,true,true,true,true,true,true,true,false,true,false,players/analysis/danger.py::danger_map_for_tiles|players/analysis/danger.py::rate_discard_danger|players/analysis/opponent_model.py::estimate_opponents|players/humanlike/belief.py::PublicBelief|players/humanlike/belief.py::build_public_belief|training/env.py::ChengduMahjongEnv|training/env.py::reset|training/env.py::step,tests/humanlike_v2/test_deterministic_policy.py::test_evaluation_is_repeatable_and_rng_free|tests/humanlike_v2/test_deterministic_policy.py::test_public_belief_uses_only_visible_counts|tests/humanlike_v2/test_training_contract_v2.py::test_illegal_raise_preserves_state_and_terminate_penalizes|tests/humanlike_v2/test_training_contract_v2.py::test_v1_integer_semantics_remain_legal_list_index|tests/humanlike_v2/test_training_contract_v2.py::test_v2_fixed_index_and_shaping_off|tests/humanlike_v2/test_training_contract_v2.py::test_v2_observation_shapes_and_no_hidden_fields|tests/humanlike_v2/test_training_contract_v2.py::test_v2_shaping_is_separate_from_true_score|tests/test_discard_recommend.py::test_strategy_ranks_include_ukeire_tiles|tests/test_env.py::test_e01_reset_returns_obs_with_legals|tests/test_env.py::test_e03_illegal_action_raises|tests/test_env.py::test_e04_same_game_id_dealt_hands|tests/test_f0011_integrated.py::test_build_f0010_context_and_rank|tests/test_f0011_integrated.py::test_fan_proxy_and_baseline_compat,,AU-037 人类化决策规则：第 7—14 章 / 10.6 防守风险；AU-075 程序实现规范：第 0—10 章 / 10.2–10.5 信念/风险,03-unit-specs/human_heuristic_specs.md,MODEL-002|HEUR-022,LOW,B3-C,对照Locked规格逐字段核验候选实现，补齐缺失语义并建立直接、分支、集成、回放与性能证据,同一版本scope内：Locked规格无歧义；非占位生产实现覆盖主要语义并接入正确调用链；直接/分支/边界测试通过；运行证据含unit_id、scenario/game_id、输入摘要、参数版本、seed、中间结果、输出、调用位置和测试/回放引用；追踪闭环；性能达规格；AC-01～AC-14适用项全Passed且独立审计通过,存在复合旧实现候选，但未隔离为v3单元，schema/错误/参数/状态/审计绑定及生产trace未按锁定规格核验；缺少锁定单元的直接测试及四类验收证据；Task17状态保持不变；本表是计划分型，不是新验收
HEUR-016,行为序列推断,HEUR,SCAFFOLDED,PATH-FULL-IMPLEMENTATION,false,true,true,true,true,true,true,true,true,false,true,false,,,,AU-028 人类化决策规则：第 7—14 章 / 8.6–8.7 行为序列/反观察,03-unit-specs/human_heuristic_specs.md,STATE-005|HEUR-020,HIGH,B3-C,按Locked规格新增独立生产单元；补正常/边界/异常/集成/回放测试并接入生产调用链,同一版本scope内：Locked规格无歧义；非占位生产实现覆盖主要语义并接入正确调用链；直接/分支/边界测试通过；运行证据含unit_id、scenario/game_id、输入摘要、参数版本、seed、中间结果、输出、调用位置和测试/回放引用；追踪闭环；性能达规格；AC-01～AC-14适用项全Passed且独立审计通过,未找到可核查的独立生产符号；需按锁定规格新增单元；未找到当前可验证测试；需新增单元、边界、集成与回放测试；Task17状态保持不变；本表是计划分型，不是新验收
HEUR-017,思考节奏生成,HEUR,PARTIAL,PATH-SEMANTIC-COMPLETION,false,true,true,true,true,true,true,true,true,false,true,false,players/humanlike/cognition.py::CognitiveState|players/humanlike/cognition.py::begin_new_round|players/humanlike/cognition.py::update_memory|players/humanlike/plan.py::PlanSnapshot|players/humanlike/plan.py::choose_plan,tests/humanlike_v2/test_cognition.py::test_bounded_noise_is_reproducible_and_stays_in_near_pool|tests/humanlike_v2/test_cognition.py::test_round_reset_keeps_only_bounded_public_impressions,,AU-038 人类化决策规则：第 7—14 章 / 10.7–10.13 人类表现,03-unit-specs/human_heuristic_specs.md,STATE-009|ALGO-008|HEUR-022,LOW,B3-B,对照Locked规格逐字段核验候选实现，补齐缺失语义并建立直接、分支、集成、回放与性能证据,同一版本scope内：Locked规格无歧义；非占位生产实现覆盖主要语义并接入正确调用链；直接/分支/边界测试通过；运行证据含unit_id、scenario/game_id、输入摘要、参数版本、seed、中间结果、输出、调用位置和测试/回放引用；追踪闭环；性能达规格；AC-01～AC-14适用项全Passed且独立审计通过,存在复合旧实现候选，但未隔离为v3单元，schema/错误/参数/状态/审计绑定及生产trace未按锁定规格核验；缺少锁定单元的直接测试及四类验收证据；Task17状态保持不变；本表是计划分型，不是新验收
HEUR-018,安全牌储备、扣牌与信息表达,HEUR,PARTIAL,PATH-SEMANTIC-COMPLETION,false,true,true,true,true,true,true,true,true,false,true,false,players/humanlike/cognition.py::CognitiveState|players/humanlike/cognition.py::begin_new_round|players/humanlike/cognition.py::update_memory|players/humanlike/plan.py::PlanSnapshot|players/humanlike/plan.py::choose_plan,tests/humanlike_v2/test_cognition.py::test_bounded_noise_is_reproducible_and_stays_in_near_pool|tests/humanlike_v2/test_cognition.py::test_round_reset_keeps_only_bounded_public_impressions,,AU-028 人类化决策规则：第 7—14 章 / 8.6–8.7 行为序列/反观察；AU-038 人类化决策规则：第 7—14 章 / 10.7–10.13 人类表现,03-unit-specs/human_heuristic_specs.md,HEUR-015|HEUR-016,LOW,B3-C,对照Locked规格逐字段核验候选实现，补齐缺失语义并建立直接、分支、集成、回放与性能证据,同一版本scope内：Locked规格无歧义；非占位生产实现覆盖主要语义并接入正确调用链；直接/分支/边界测试通过；运行证据含unit_id、scenario/game_id、输入摘要、参数版本、seed、中间结果、输出、调用位置和测试/回放引用；追踪闭环；性能达规格；AC-01～AC-14适用项全Passed且独立审计通过,存在复合旧实现候选，但未隔离为v3单元，schema/错误/参数/状态/审计绑定及生产trace未按锁定规格核验；缺少锁定单元的直接测试及四类验收证据；Task17状态保持不变；本表是计划分型，不是新验收
HEUR-020,有界记忆衰减与强化,HEUR,PARTIAL,PATH-SEMANTIC-COMPLETION,false,true,true,true,true,true,true,true,true,false,true,false,engine/fan.py::FanTable|engine/fan.py::apply_fan_cap|engine/fan.py::compute_fan|engine/score.py::ScoreService|engine/score.py::apply_hu_dianpao|engine/score.py::apply_hu_zimo|players/humanlike/cognition.py::CognitiveState|players/humanlike/cognition.py::begin_new_round|players/humanlike/cognition.py::update_memory|players/humanlike/config.py::HumanlikeConfig|players/humanlike/config.py::_validate_global_parameters|players/humanlike/config.py::load_config|players/humanlike/memory.py::MemoryStore|players/humanlike/memory.py::extract_visible_tokens|players/humanlike/memory.py::update|players/humanlike/player.py::HumanlikeV2Player|players/humanlike/player.py::decide|players/humanlike/player.py::observe|players/humanlike/policy.py::CognitiveDecision|players/humanlike/policy.py::select_cognitively|players/humanlike/runtime.py::RoundRuntime|players/humanlike/runtime.py::create_round|players/humanlike/traceability.py::ParameterTrace|players/humanlike/traceability.py::_gp_consumer|players/humanlike/traceability.py::_rp_consumer|training/observations_v2.py::encode_observation_v2|training/observations_v2.py::flatten_observation_v2,tests/humanlike_v2/test_cognition.py::test_bounded_noise_is_reproducible_and_stays_in_near_pool|tests/humanlike_v2/test_cognition.py::test_clear_score_gap_disables_noise_and_think_time_is_bounded|tests/humanlike_v2/test_cognition.py::test_cumulative_visible_history_is_not_a_new_memory_prompt|tests/humanlike_v2/test_cognition.py::test_mandatory_action_never_consumes_rng|tests/humanlike_v2/test_cognition.py::test_memory_capacity_evicts_stably|tests/humanlike_v2/test_cognition.py::test_memory_decay_fuzziness_and_public_reinforcement|tests/humanlike_v2/test_cognition.py::test_player_emits_trace_v2_and_cognitive_rp_slots|tests/humanlike_v2/test_cognition.py::test_round_reset_keeps_only_bounded_public_impressions|tests/humanlike_v2/test_config.py::test_default_has_all_gp_profiles_and_stable_hash|tests/humanlike_v2/test_config.py::test_hash_ignores_json_format_and_key_order|tests/humanlike_v2/test_config.py::test_invalid_range_fails|tests/humanlike_v2/test_config.py::test_missing_gp_fails|tests/humanlike_v2/test_config.py::test_non_normalized_weights_fail|tests/humanlike_v2/test_config.py::test_unknown_version_fails|tests/humanlike_v2/test_deterministic_policy.py::test_hidden_opponent_hands_cannot_change_decision|tests/humanlike_v2/test_deterministic_policy.py::test_player_dingque_and_trace_are_deterministic|tests/humanlike_v2/test_humanlike_player_integration.py::test_registry_exposes_humanlike_without_changing_old_defaults|tests/humanlike_v2/test_training_contract_v2.py::test_v2_observation_shapes_and_no_hidden_fields|tests/test_score.py::test_sc01_dianpao_fan2|tests/test_score.py::test_sc02_multi_ron|tests/test_score.py::test_sc03_zimo|tests/test_score.py::test_sc04_an_gang|tests/test_score.py::test_sc05_hua_zhu|tests/test_score.py::test_score_events_written|tests/test_score_ledger.py::test_build_game_result_includes_score_events|tests/test_score_ledger.py::test_ledger_matches_balances,,AU-003 人类化决策规则：第 0—6 章 / 1. 游戏开始；AU-027 人类化决策规则：第 7—14 章 / 8.5 有限记忆；AU-039 人类化决策规则：第 7—14 章 / 11. 胡后处理；AU-041 人类化决策规则：第 7—14 章 / 13. 玩家模型；AU-059 程序实现规范：第 0—10 章 / 3.5 Human-like Policy；AU-076 程序实现规范：第 0—10 章 / 10.6–10.9 注意/记忆/摸牌/Q,03-unit-specs/human_heuristic_specs.md,STATE-006|STATE-005,MEDIUM,B3-A,对照Locked规格逐字段核验候选实现，补齐缺失语义并建立直接、分支、集成、回放与性能证据,同一版本scope内：Locked规格无歧义；非占位生产实现覆盖主要语义并接入正确调用链；直接/分支/边界测试通过；运行证据含unit_id、scenario/game_id、输入摘要、参数版本、seed、中间结果、输出、调用位置和测试/回放引用；追踪闭环；性能达规格；AC-01～AC-14适用项全Passed且独立审计通过,存在复合旧实现候选，但未隔离为v3单元，schema/错误/参数/状态/审计绑定及生产trace未按锁定规格核验；缺少锁定单元的直接测试及四类验收证据；Task17状态保持不变；本表是计划分型，不是新验收
HEUR-021,有限推演与满意停止,HEUR,PARTIAL,PATH-SEMANTIC-COMPLETION,false,true,true,true,true,true,true,true,true,false,true,false,engine/legal.py::action_in_legal|engine/legal.py::legal_actions|engine/legal.py::legal_discards|players/humanlike/candidates.py::CandidateSet|players/humanlike/candidates.py::build_candidates|players/humanlike/candidates.py::stable_action_key|players/humanlike/player.py::HumanlikeV2Player|players/humanlike/player.py::decide|players/humanlike/player.py::observe|players/humanlike/policy.py::CognitiveDecision|players/humanlike/policy.py::select_cognitively|players/humanlike/runtime.py::RoundRuntime|players/humanlike/runtime.py::apply_event|players/humanlike/runtime.py::create_round|protocols/player_view_builder.py::PlayerViewBuilder|protocols/player_view_builder.py::build,tests/humanlike_v2/test_cognition.py::test_bounded_noise_is_reproducible_and_stays_in_near_pool|tests/humanlike_v2/test_cognition.py::test_clear_score_gap_disables_noise_and_think_time_is_bounded|tests/humanlike_v2/test_cognition.py::test_mandatory_action_never_consumes_rng|tests/humanlike_v2/test_cognition.py::test_player_emits_trace_v2_and_cognitive_rp_slots|tests/humanlike_v2/test_deterministic_policy.py::test_evaluation_is_repeatable_and_rng_free|tests/humanlike_v2/test_deterministic_policy.py::test_hidden_opponent_hands_cannot_change_decision|tests/humanlike_v2/test_deterministic_policy.py::test_mandatory_hu_survives_candidate_cap|tests/humanlike_v2/test_deterministic_policy.py::test_player_dingque_and_trace_are_deterministic|tests/humanlike_v2/test_deterministic_policy.py::test_stable_action_key_is_explicit|tests/humanlike_v2/test_humanlike_player_integration.py::test_registry_exposes_humanlike_without_changing_old_defaults|tests/humanlike_v2/test_player_view_v2.py::test_gp021_all_visibility_fields_have_hidden_partial_exact_contracts|tests/humanlike_v2/test_player_view_v2.py::test_gp021_wall_and_concealed_gang_visibility_modes|tests/humanlike_v2/test_player_view_v2.py::test_v2_whitelist_hides_opponents_wall_and_sentinel|tests/humanlike_v2/test_runtime.py::test_event_decision_and_finalize_lifecycle|tests/humanlike_v2/test_runtime.py::test_unknown_rp_and_invalid_transition_fail|tests/test_analysis.py::test_an03_strategy_best_min_shanten,,AU-042 人类化决策规则：第 7—14 章 / 14. 有限认知；AU-059 程序实现规范：第 0—10 章 / 3.5 Human-like Policy；AU-073 程序实现规范：第 0—10 章 / 9. AI 决策管线,03-unit-specs/human_heuristic_specs.md,ALGO-006|ALGO-007|HEUR-019,MEDIUM,B3-B,对照Locked规格逐字段核验候选实现，补齐缺失语义并建立直接、分支、集成、回放与性能证据,同一版本scope内：Locked规格无歧义；非占位生产实现覆盖主要语义并接入正确调用链；直接/分支/边界测试通过；运行证据含unit_id、scenario/game_id、输入摘要、参数版本、seed、中间结果、输出、调用位置和测试/回放引用；追踪闭环；性能达规格；AC-01～AC-14适用项全Passed且独立审计通过,存在复合旧实现候选，但未隔离为v3单元，schema/错误/参数/状态/审计绑定及生产trace未按锁定规格核验；缺少锁定单元的直接测试及四类验收证据；Task17状态保持不变；本表是计划分型，不是新验收
HEUR-022,人格、水平与情绪状态消费,HEUR,PARTIAL,PATH-SEMANTIC-COMPLETION,false,true,true,true,true,true,true,true,true,false,true,false,players/humanlike/cognition.py::CognitiveState|players/humanlike/cognition.py::begin_new_round|players/humanlike/config.py::HumanlikeConfig|players/humanlike/config.py::_validate_global_parameters|players/humanlike/config.py::load_config|players/humanlike/traceability.py::ParameterTrace|players/humanlike/traceability.py::_gp_consumer|players/humanlike/traceability.py::_rp_consumer,tests/humanlike_v2/test_cognition.py::test_bounded_noise_is_reproducible_and_stays_in_near_pool|tests/humanlike_v2/test_cognition.py::test_round_reset_keeps_only_bounded_public_impressions|tests/humanlike_v2/test_config.py::test_default_has_all_gp_profiles_and_stable_hash|tests/humanlike_v2/test_config.py::test_hash_ignores_json_format_and_key_order|tests/humanlike_v2/test_config.py::test_invalid_range_fails|tests/humanlike_v2/test_config.py::test_missing_gp_fails|tests/humanlike_v2/test_config.py::test_non_normalized_weights_fail|tests/humanlike_v2/test_config.py::test_unknown_version_fails,,AU-020 人类化决策规则：第 7—14 章 / 7.11 玩家风格/水平；AU-041 人类化决策规则：第 7—14 章 / 13. 玩家模型,03-unit-specs/human_heuristic_specs.md,STATE-006|STATE-010,MEDIUM,B3-A,对照Locked规格逐字段核验候选实现，补齐缺失语义并建立直接、分支、集成、回放与性能证据,同一版本scope内：Locked规格无歧义；非占位生产实现覆盖主要语义并接入正确调用链；直接/分支/边界测试通过；运行证据含unit_id、scenario/game_id、输入摘要、参数版本、seed、中间结果、输出、调用位置和测试/回放引用；追踪闭环；性能达规格；AC-01～AC-14适用项全Passed且独立审计通过,存在复合旧实现候选，但未隔离为v3单元，schema/错误/参数/状态/审计绑定及生产trace未按锁定规格核验；缺少锁定单元的直接测试及四类验收证据；Task17状态保持不变；本表是计划分型，不是新验收
HEUR-023,有界近似选择与人类失误,HEUR,PARTIAL,PATH-SEMANTIC-COMPLETION,false,true,true,true,true,true,true,true,true,false,true,false,engine/legal.py::action_in_legal|engine/legal.py::legal_actions|engine/legal.py::legal_discards|players/humanlike/candidates.py::CandidateSet|players/humanlike/candidates.py::build_candidates|players/humanlike/candidates.py::stable_action_key|players/humanlike/cognition.py::CognitiveState|players/humanlike/cognition.py::begin_new_round|players/humanlike/cognition.py::update_memory|players/humanlike/plan.py::PlanSnapshot|players/humanlike/plan.py::choose_plan|players/humanlike/player.py::HumanlikeV2Player|players/humanlike/player.py::decide|players/humanlike/player.py::observe|players/humanlike/policy.py::CognitiveDecision|players/humanlike/policy.py::select_cognitively|players/humanlike/runtime.py::RoundRuntime|players/humanlike/runtime.py::apply_event|players/humanlike/runtime.py::create_round|protocols/player_view_builder.py::PlayerViewBuilder|protocols/player_view_builder.py::build,tests/humanlike_v2/test_cognition.py::test_bounded_noise_is_reproducible_and_stays_in_near_pool|tests/humanlike_v2/test_cognition.py::test_clear_score_gap_disables_noise_and_think_time_is_bounded|tests/humanlike_v2/test_cognition.py::test_mandatory_action_never_consumes_rng|tests/humanlike_v2/test_cognition.py::test_player_emits_trace_v2_and_cognitive_rp_slots|tests/humanlike_v2/test_cognition.py::test_round_reset_keeps_only_bounded_public_impressions|tests/humanlike_v2/test_deterministic_policy.py::test_evaluation_is_repeatable_and_rng_free|tests/humanlike_v2/test_deterministic_policy.py::test_hidden_opponent_hands_cannot_change_decision|tests/humanlike_v2/test_deterministic_policy.py::test_mandatory_hu_survives_candidate_cap|tests/humanlike_v2/test_deterministic_policy.py::test_player_dingque_and_trace_are_deterministic|tests/humanlike_v2/test_deterministic_policy.py::test_stable_action_key_is_explicit|tests/humanlike_v2/test_humanlike_player_integration.py::test_registry_exposes_humanlike_without_changing_old_defaults|tests/humanlike_v2/test_player_view_v2.py::test_gp021_all_visibility_fields_have_hidden_partial_exact_contracts|tests/humanlike_v2/test_player_view_v2.py::test_gp021_wall_and_concealed_gang_visibility_modes|tests/humanlike_v2/test_player_view_v2.py::test_v2_whitelist_hides_opponents_wall_and_sentinel|tests/humanlike_v2/test_runtime.py::test_event_decision_and_finalize_lifecycle|tests/humanlike_v2/test_runtime.py::test_unknown_rp_and_invalid_transition_fail|tests/test_analysis.py::test_an03_strategy_best_min_shanten,,AU-038 人类化决策规则：第 7—14 章 / 10.7–10.13 人类表现；AU-042 人类化决策规则：第 7—14 章 / 14. 有限认知；AU-059 程序实现规范：第 0—10 章 / 3.5 Human-like Policy；AU-073 程序实现规范：第 0—10 章 / 9. AI 决策管线,03-unit-specs/human_heuristic_specs.md,ALGO-006|ALGO-007|ALGO-008|HEUR-022,MEDIUM,B3-B,对照Locked规格逐字段核验候选实现，补齐缺失语义并建立直接、分支、集成、回放与性能证据,同一版本scope内：Locked规格无歧义；非占位生产实现覆盖主要语义并接入正确调用链；直接/分支/边界测试通过；运行证据含unit_id、scenario/game_id、输入摘要、参数版本、seed、中间结果、输出、调用位置和测试/回放引用；追踪闭环；性能达规格；AC-01～AC-14适用项全Passed且独立审计通过,存在复合旧实现候选，但未隔离为v3单元，schema/错误/参数/状态/审计绑定及生产trace未按锁定规格核验；缺少锁定单元的直接测试及四类验收证据；Task17状态保持不变；本表是计划分型，不是新验收
MODEL-001,逐对手归一化方向/牌型假设,MODEL,INTEGRATED,PATH-EXTERNAL-DATA,false,false,false,true,false,false,false,true,false,true,false,false,players/humanlike/belief.py:build_public_belief→model_001_rule_baseline,tests/spec_v3/test_model_001.py,task15_evidence/pilot_runtime.jsonl;43-decision replay,AU-007 人类化决策规则：第 0—6 章 / 3. 独立对手模型；AU-016 人类化决策规则：第 7—14 章 / 7.3 逐家方向；AU-050 人类化决策规则：第 15—18 章与参数 / 18. 概率约束；AU-059 程序实现规范：第 0—10 章 / 3.5 Human-like Policy；AU-075 程序实现规范：第 0—10 章 / 10.2–10.5 信念/风险,03-unit-specs/probabilistic_model_specs.md,ALGO-003|HEUR-020|STATE-005,HIGH,B4-DATA-MODEL001,保持现有安全fallback/框架；建设隔离数据发布、训练/校准或外部评价证据，不阻断B1-B3,同一版本scope内：Locked规格无歧义；非占位生产实现覆盖主要语义并接入正确调用链；直接/分支/边界测试通过；运行证据含unit_id、scenario/game_id、输入摘要、参数版本、seed、中间结果、输出、调用位置和测试/回放引用；追踪闭环；性能达规格；AC-01～AC-14适用项全Passed且独立审计通过；另需≥10000有效样本冻结发布、隔离label zone、分组防泄漏切分及Brier/log loss/15-bin ECE/CI通过,缺少锁定单元的直接测试及四类验收证据；Task17状态保持不变；本表是计划分型，不是新验收
MODEL-002,逐对手听牌/等待/损失风险模型,MODEL,PARTIAL,PATH-SEMANTIC-COMPLETION,false,true,true,true,true,true,true,true,true,true,true,false,players/analysis/danger.py::danger_map_for_tiles|players/analysis/danger.py::rate_discard_danger|players/analysis/opponent_model.py::estimate_opponents|players/humanlike/belief.py::PublicBelief|players/humanlike/belief.py::build_public_belief|players/humanlike/player.py::HumanlikeV2Player|players/humanlike/player.py::decide|players/humanlike/player.py::observe|players/humanlike/policy.py::CognitiveDecision|players/humanlike/policy.py::select_cognitively|players/humanlike/view.py::DecisionContext|players/humanlike/view.py::build_decision_context|protocols/player_view_builder.py::PlayerViewBuilder|protocols/player_view_builder.py::build|protocols/player_view_builder.py::build_legacy_dict|protocols/player_view_v2.py::PlayerViewV2|protocols/player_view_v2.py::freeze_mapping|protocols/player_view_v2.py::thaw|training/env.py::ChengduMahjongEnv|training/env.py::reset|training/env.py::step,tests/humanlike_v2/test_cognition.py::test_bounded_noise_is_reproducible_and_stays_in_near_pool|tests/humanlike_v2/test_cognition.py::test_clear_score_gap_disables_noise_and_think_time_is_bounded|tests/humanlike_v2/test_cognition.py::test_mandatory_action_never_consumes_rng|tests/humanlike_v2/test_cognition.py::test_player_emits_trace_v2_and_cognitive_rp_slots|tests/humanlike_v2/test_deterministic_policy.py::test_context_rejects_wrong_view_version_and_seat|tests/humanlike_v2/test_deterministic_policy.py::test_evaluation_is_repeatable_and_rng_free|tests/humanlike_v2/test_deterministic_policy.py::test_hidden_opponent_hands_cannot_change_decision|tests/humanlike_v2/test_deterministic_policy.py::test_player_dingque_and_trace_are_deterministic|tests/humanlike_v2/test_deterministic_policy.py::test_public_belief_uses_only_visible_counts|tests/humanlike_v2/test_humanlike_player_integration.py::test_registry_exposes_humanlike_without_changing_old_defaults|tests/humanlike_v2/test_player_view_v2.py::test_gp021_all_visibility_fields_have_hidden_partial_exact_contracts|tests/humanlike_v2/test_player_view_v2.py::test_gp021_wall_and_concealed_gang_visibility_modes|tests/humanlike_v2/test_player_view_v2.py::test_v2_whitelist_hides_opponents_wall_and_sentinel|tests/humanlike_v2/test_training_contract_v2.py::test_illegal_raise_preserves_state_and_terminate_penalizes|tests/humanlike_v2/test_training_contract_v2.py::test_v1_integer_semantics_remain_legal_list_index|tests/humanlike_v2/test_training_contract_v2.py::test_v2_fixed_index_and_shaping_off|tests/humanlike_v2/test_training_contract_v2.py::test_v2_observation_shapes_and_no_hidden_fields|tests/humanlike_v2/test_training_contract_v2.py::test_v2_shaping_is_separate_from_true_score|tests/test_discard_recommend.py::test_strategy_ranks_include_ukeire_tiles|tests/test_env.py::test_e01_reset_returns_obs_with_legals|tests/test_env.py::test_e03_illegal_action_raises|tests/test_env.py::test_e04_same_game_id_dealt_hands|tests/test_f0011_integrated.py::test_build_f0010_context_and_rank|tests/test_f0011_integrated.py::test_fan_proxy_and_baseline_compat,,AU-037 人类化决策规则：第 7—14 章 / 10.6 防守风险；AU-050 人类化决策规则：第 15—18 章与参数 / 18. 概率约束；AU-059 程序实现规范：第 0—10 章 / 3.5 Human-like Policy；AU-075 程序实现规范：第 0—10 章 / 10.2–10.5 信念/风险,03-unit-specs/probabilistic_model_specs.md,MODEL-001|ALGO-003|ALGO-004,HIGH,B4-A,对照Locked规格逐字段核验候选实现，补齐缺失语义并建立直接、分支、集成、回放与性能证据,同一版本scope内：Locked规格无歧义；非占位生产实现覆盖主要语义并接入正确调用链；直接/分支/边界测试通过；运行证据含unit_id、scenario/game_id、输入摘要、参数版本、seed、中间结果、输出、调用位置和测试/回放引用；追踪闭环；性能达规格；AC-01～AC-14适用项全Passed且独立审计通过,存在复合旧实现候选，但未隔离为v3单元，schema/错误/参数/状态/审计绑定及生产trace未按锁定规格核验；缺少锁定单元的直接测试及四类验收证据；Task17状态保持不变；本表是计划分型，不是新验收
MODEL-003,仅公开信息的跨局对手画像学习,MODEL,PARTIAL,PATH-SEMANTIC-COMPLETION,false,true,true,true,true,true,true,true,true,true,true,false,engine/audit.py::DecisionAuditWriter|engine/audit.py::record_decision|engine/audit.py::verify_audit|players/humanlike/cognition.py::CognitiveState|players/humanlike/cognition.py::begin_new_round|players/humanlike/cognition.py::update_memory|players/humanlike/config.py::HumanlikeConfig|players/humanlike/config.py::_validate_global_parameters|players/humanlike/config.py::load_config|players/humanlike/player.py::HumanlikeV2Player|players/humanlike/player.py::decide|players/humanlike/player.py::observe|players/humanlike/runtime.py::RoundRuntime|players/humanlike/runtime.py::create_round|players/humanlike/traceability.py::ParameterTrace|players/humanlike/traceability.py::_gp_consumer|players/humanlike/traceability.py::_rp_consumer,tests/humanlike_v2/test_audit_replay.py::test_runner_audit_verifies_and_policy_replays|tests/humanlike_v2/test_audit_replay.py::test_tampering_and_truncation_are_detected|tests/humanlike_v2/test_audit_replay.py::test_writer_rejects_opponent_hand_leak_and_illegal_action|tests/humanlike_v2/test_audit_replay.py::test_writer_verifier_and_footer_contract|tests/humanlike_v2/test_cognition.py::test_bounded_noise_is_reproducible_and_stays_in_near_pool|tests/humanlike_v2/test_cognition.py::test_player_emits_trace_v2_and_cognitive_rp_slots|tests/humanlike_v2/test_cognition.py::test_round_reset_keeps_only_bounded_public_impressions|tests/humanlike_v2/test_config.py::test_default_has_all_gp_profiles_and_stable_hash|tests/humanlike_v2/test_config.py::test_hash_ignores_json_format_and_key_order|tests/humanlike_v2/test_config.py::test_invalid_range_fails|tests/humanlike_v2/test_config.py::test_missing_gp_fails|tests/humanlike_v2/test_config.py::test_non_normalized_weights_fail|tests/humanlike_v2/test_config.py::test_unknown_version_fails|tests/humanlike_v2/test_deterministic_policy.py::test_hidden_opponent_hands_cannot_change_decision|tests/humanlike_v2/test_deterministic_policy.py::test_player_dingque_and_trace_are_deterministic|tests/humanlike_v2/test_humanlike_player_integration.py::test_registry_exposes_humanlike_without_changing_old_defaults,,AU-003 人类化决策规则：第 0—6 章 / 1. 游戏开始；AU-041 人类化决策规则：第 7—14 章 / 13. 玩家模型；AU-047 人类化决策规则：第 15—18 章与参数 / 17. RP-033 学习输出,03-unit-specs/probabilistic_model_specs.md,HEUR-020|STATE-008|RULE-016,HIGH,B4-A,对照Locked规格逐字段核验候选实现，补齐缺失语义并建立直接、分支、集成、回放与性能证据,同一版本scope内：Locked规格无歧义；非占位生产实现覆盖主要语义并接入正确调用链；直接/分支/边界测试通过；运行证据含unit_id、scenario/game_id、输入摘要、参数版本、seed、中间结果、输出、调用位置和测试/回放引用；追踪闭环；性能达规格；AC-01～AC-14适用项全Passed且独立审计通过,存在复合旧实现候选，但未隔离为v3单元，schema/错误/参数/状态/审计绑定及生产trace未按锁定规格核验；缺少锁定单元的直接测试及四类验收证据；Task17状态保持不变；本表是计划分型，不是新验收
MODEL-004,可训练策略输入输出契约,MODEL,PARTIAL,PATH-SEMANTIC-COMPLETION,false,true,true,true,true,true,true,true,true,true,true,false,training/action_codec_v2.py::decode_action|training/action_codec_v2.py::encode_action|training/action_codec_v2.py::legal_action_mask,tests/humanlike_v2/test_training_contract_v2.py::test_codec_is_fixed_unique_and_roundtrips|tests/humanlike_v2/test_training_contract_v2.py::test_codec_rejects_mixed_exchange_and_mask_is_exact,,AU-077 程序实现规范：第 11—19 章 / 11.1 训练模式,03-unit-specs/probabilistic_model_specs.md,TRAIN-002|TRAIN-003,HIGH,B4-A2,对照Locked规格逐字段核验候选实现，补齐缺失语义并建立直接、分支、集成、回放与性能证据,同一版本scope内：Locked规格无歧义；非占位生产实现覆盖主要语义并接入正确调用链；直接/分支/边界测试通过；运行证据含unit_id、scenario/game_id、输入摘要、参数版本、seed、中间结果、输出、调用位置和测试/回放引用；追踪闭环；性能达规格；AC-01～AC-14适用项全Passed且独立审计通过,存在复合旧实现候选，但未隔离为v3单元，schema/错误/参数/状态/审计绑定及生产trace未按锁定规格核验；缺少锁定单元的直接测试及四类验收证据；Task17状态保持不变；本表是计划分型，不是新验收
MODEL-005,训练模型产物版本、冻结和评估生命周期,MODEL,PARTIAL,PATH-EXTERNAL-DATA,false,true,true,true,true,true,true,true,true,true,true,false,training/action_codec_v2.py::decode_action|training/action_codec_v2.py::encode_action|training/action_codec_v2.py::legal_action_mask,tests/humanlike_v2/test_training_contract_v2.py::test_codec_is_fixed_unique_and_roundtrips|tests/humanlike_v2/test_training_contract_v2.py::test_codec_rejects_mixed_exchange_and_mask_is_exact,,实现规范 §11.1、§18.3,03-unit-specs/probabilistic_model_specs.md,MODEL-004|TRAIN-008|AUDIT-011,HIGH,B4-B,保持现有安全fallback/框架；建设隔离数据发布、训练/校准或外部评价证据，不阻断B1-B3,同一版本scope内：Locked规格无歧义；非占位生产实现覆盖主要语义并接入正确调用链；直接/分支/边界测试通过；运行证据含unit_id、scenario/game_id、输入摘要、参数版本、seed、中间结果、输出、调用位置和测试/回放引用；追踪闭环；性能达规格；AC-01～AC-14适用项全Passed且独立审计通过,存在复合旧实现候选，但未隔离为v3单元，schema/错误/参数/状态/审计绑定及生产trace未按锁定规格核验；缺少锁定单元的直接测试及四类验收证据；Task17状态保持不变；本表是计划分型，不是新验收
STATE-001,Match 配置冻结、玩家装配与整场控制,STATE,PARTIAL,PATH-SEMANTIC-COMPLETION,false,true,true,true,true,true,true,true,true,false,true,false,engine/orchestrator.py::PlayerGameRunner|engine/orchestrator.py::_play_seat_action|engine/orchestrator.py::run|engine/session.py::GameSession|engine/session.py::apply|engine/session.py::play_random_game|players/humanlike/cognition.py::CognitiveState|players/humanlike/cognition.py::begin_new_round|players/humanlike/cognition.py::update_memory|players/humanlike/player.py::HumanlikeV2Player|players/humanlike/player.py::decide|players/humanlike/player.py::observe|players/humanlike/runtime.py::RoundRuntime|players/humanlike/runtime.py::create_round,tests/humanlike_v2/test_cognition.py::test_bounded_noise_is_reproducible_and_stays_in_near_pool|tests/humanlike_v2/test_cognition.py::test_player_emits_trace_v2_and_cognitive_rp_slots|tests/humanlike_v2/test_cognition.py::test_round_reset_keeps_only_bounded_public_impressions|tests/humanlike_v2/test_deterministic_policy.py::test_hidden_opponent_hands_cannot_change_decision|tests/humanlike_v2/test_deterministic_policy.py::test_player_dingque_and_trace_are_deterministic|tests/humanlike_v2/test_humanlike_player_integration.py::test_humanlike_self_play_has_no_policy_crash_or_full_state_channel|tests/humanlike_v2/test_humanlike_player_integration.py::test_registry_exposes_humanlike_without_changing_old_defaults|tests/humanlike_v2/test_humanlike_player_integration.py::test_same_game_produces_same_decision_histories|tests/test_blood_battle.py::test_b10_random_games_terminate|tests/test_blood_battle.py::test_b11_more_random|tests/test_blood_battle.py::test_session_wrapper|tests/test_session_scores.py::test_second_hand_starts_from_previous_totals|tests/test_session_scores.py::test_starting_scores_applied_at_run_start,,AU-003 人类化决策规则：第 0—6 章 / 1. 游戏开始；AU-055 程序实现规范：第 0—10 章 / 3.1 Match Controller,03-unit-specs/deterministic_rule_state_specs.md,ALGO-009|ALGO-011|STATE-010,MEDIUM,B1-B,对照Locked规格逐字段核验候选实现，补齐缺失语义并建立直接、分支、集成、回放与性能证据,同一版本scope内：Locked规格无歧义；非占位生产实现覆盖主要语义并接入正确调用链；直接/分支/边界测试通过；运行证据含unit_id、scenario/game_id、输入摘要、参数版本、seed、中间结果、输出、调用位置和测试/回放引用；追踪闭环；性能达规格；AC-01～AC-14适用项全Passed且独立审计通过,存在复合旧实现候选，但未隔离为v3单元，schema/错误/参数/状态/审计绑定及生产trace未按锁定规格核验；缺少锁定单元的直接测试及四类验收证据；Task17状态保持不变；本表是计划分型，不是新验收
STATE-002,权威 RoundState 存储与授权访问,STATE,PARTIAL,PATH-SEMANTIC-COMPLETION,false,true,true,true,true,true,true,true,true,false,true,false,engine/state.py::GameState|engine/state.py::PlayerState|engine/state.py::from_dict|players/humanlike/runtime.py::RoundRuntime|players/humanlike/runtime.py::apply_event|players/humanlike/runtime.py::create_round|protocols/player_view_v2.py::PlayerViewV2|protocols/player_view_v2.py::freeze_mapping|protocols/player_view_v2.py::thaw|training/oracle.py::TrainingTruth|training/oracle.py::build_training_truth,tests/humanlike_v2/test_player_view_v2.py::test_oracle_is_separate_and_production_modules_do_not_import_it|tests/humanlike_v2/test_runtime.py::test_event_decision_and_finalize_lifecycle|tests/humanlike_v2/test_runtime.py::test_unknown_rp_and_invalid_transition_fail|tests/humanlike_v2/test_state_v5_migration.py::test_bad_legacy_state_fails_instead_of_guessing|tests/humanlike_v2/test_state_v5_migration.py::test_legacy_migration_is_deterministic_and_non_mutating|tests/test_exchange_dingque.py::test_t12_v1_dealt_readable|tests/test_reward.py::test_rw02_rank_bonus|tests/test_state_serde.py::test_strict_rejects_bad_hand_sizes|tests/test_state_serde.py::test_t08_dict_roundtrip|tests/test_state_serde.py::test_unsupported_schema_version,,AU-057 程序实现规范：第 0—10 章 / 3.3 State Store；AU-070 程序实现规范：第 0—10 章 / 6. Round/Player/View 状态,03-unit-specs/deterministic_rule_state_specs.md,STATE-004|STATE-011,LOW,B2-A1,对照Locked规格逐字段核验候选实现，补齐缺失语义并建立直接、分支、集成、回放与性能证据,同一版本scope内：Locked规格无歧义；非占位生产实现覆盖主要语义并接入正确调用链；直接/分支/边界测试通过；运行证据含unit_id、scenario/game_id、输入摘要、参数版本、seed、中间结果、输出、调用位置和测试/回放引用；追踪闭环；性能达规格；AC-01～AC-14适用项全Passed且独立审计通过,存在复合旧实现候选，但未隔离为v3单元，schema/错误/参数/状态/审计绑定及生产trace未按锁定规格核验；缺少锁定单元的直接测试及四类验收证据；Task17状态保持不变；本表是计划分型，不是新验收
STATE-003,PlayerRoundState 手牌、副露、定缺与过胡状态,STATE,PARTIAL,PATH-SEMANTIC-COMPLETION,false,true,true,true,true,true,true,true,true,false,true,false,engine/invariants.py::assert_event_boundary|engine/invariants.py::ownership_regions|engine/shanten.py::shanten|engine/win_check.py::WinCheckResult|engine/win_check.py::WinForm|players/humanlike/hand_analyzer.py::HandFeatures|players/humanlike/hand_analyzer.py::analyze_action|players/humanlike/hand_analyzer.py::visible_hand|players/humanlike/runtime.py::RoundRuntime|players/humanlike/runtime.py::apply_event|players/humanlike/runtime.py::create_round|protocols/player_view_v2.py::PlayerViewV2|protocols/player_view_v2.py::freeze_mapping|protocols/player_view_v2.py::thaw,tests/humanlike_v2/test_invariants.py::test_duplicate_ownership_reports_structured_failure|tests/humanlike_v2/test_invariants.py::test_ready_state_owns_every_physical_tile_once|tests/humanlike_v2/test_runtime.py::test_event_decision_and_finalize_lifecycle|tests/humanlike_v2/test_runtime.py::test_unknown_rp_and_invalid_transition_fail|tests/test_shanten.py::test_s01_tenpai_shanten_0|tests/test_shanten.py::test_s02_winning_standard_shanten_neg1|tests/test_shanten.py::test_s03_seven_pairs_tenpai|tests/test_shanten.py::test_s04_dingque_raises_shanten|tests/test_win_fan.py::test_w01_standard_win|tests/test_win_fan.py::test_w02_seven_pairs,,AU-066 程序实现规范：第 0—10 章 / 4.3 手牌与组合；AU-070 程序实现规范：第 0—10 章 / 6. Round/Player/View 状态,03-unit-specs/deterministic_rule_state_specs.md,STATE-002|ALGO-001,MEDIUM,B2-A1,对照Locked规格逐字段核验候选实现，补齐缺失语义并建立直接、分支、集成、回放与性能证据,同一版本scope内：Locked规格无歧义；非占位生产实现覆盖主要语义并接入正确调用链；直接/分支/边界测试通过；运行证据含unit_id、scenario/game_id、输入摘要、参数版本、seed、中间结果、输出、调用位置和测试/回放引用；追踪闭环；性能达规格；AC-01～AC-14适用项全Passed且独立审计通过,存在复合旧实现候选，但未隔离为v3单元，schema/错误/参数/状态/审计绑定及生产trace未按锁定规格核验；缺少锁定单元的直接测试及四类验收证据；Task17状态保持不变；本表是计划分型，不是新验收
STATE-004,CONFIGURED→SETTLED 状态机,STATE,PARTIAL,PATH-SEMANTIC-COMPLETION,false,true,true,true,true,true,true,true,true,false,true,false,engine/blood_battle.py::active_seats|engine/blood_battle.py::next_active|engine/orchestrator.py::PlayerGameRunner|engine/orchestrator.py::_play_seat_action|engine/orchestrator.py::run|engine/session.py::GameSession|engine/session.py::apply|engine/session.py::play_random_game|players/humanlike/runtime.py::RoundRuntime|players/humanlike/runtime.py::apply_event|players/humanlike/runtime.py::create_round,tests/humanlike_v2/test_humanlike_player_integration.py::test_humanlike_self_play_has_no_policy_crash_or_full_state_channel|tests/humanlike_v2/test_humanlike_player_integration.py::test_same_game_produces_same_decision_histories|tests/humanlike_v2/test_runtime.py::test_event_decision_and_finalize_lifecycle|tests/humanlike_v2/test_runtime.py::test_unknown_rp_and_invalid_transition_fail|tests/test_blood_battle.py::test_b10_random_games_terminate|tests/test_blood_battle.py::test_b11_more_random|tests/test_blood_battle.py::test_session_wrapper|tests/test_session_scores.py::test_second_hand_starts_from_previous_totals|tests/test_session_scores.py::test_starting_scores_applied_at_run_start,,AU-043 人类化决策规则：第 15—18 章与参数 / 15. 总体流程；AU-071 程序实现规范：第 0—10 章 / 7. 状态机/事件,03-unit-specs/deterministic_rule_state_specs.md,STATE-001,HIGH,B1-B,对照Locked规格逐字段核验候选实现，补齐缺失语义并建立直接、分支、集成、回放与性能证据,同一版本scope内：Locked规格无歧义；非占位生产实现覆盖主要语义并接入正确调用链；直接/分支/边界测试通过；运行证据含unit_id、scenario/game_id、输入摘要、参数版本、seed、中间结果、输出、调用位置和测试/回放引用；追踪闭环；性能达规格；AC-01～AC-14适用项全Passed且独立审计通过,规范RoundPhase与原有小写phase/编排耦合不等价，需单一权威状态机；缺少锁定单元的直接测试及四类验收证据；Task17状态保持不变；本表是计划分型，不是新验收
STATE-006,策略侧认知运行态初始化与归档,STATE,PARTIAL,PATH-SEMANTIC-COMPLETION,false,true,true,true,true,true,true,true,true,false,true,false,players/humanlike/cognition.py::CognitiveState|players/humanlike/cognition.py::begin_new_round|players/humanlike/cognition.py::update_memory|players/humanlike/player.py::HumanlikeV2Player|players/humanlike/player.py::decide|players/humanlike/player.py::observe|players/humanlike/runtime.py::RoundRuntime|players/humanlike/runtime.py::apply_event|players/humanlike/runtime.py::create_round|protocols/player_view_v2.py::PlayerViewV2|protocols/player_view_v2.py::freeze_mapping|protocols/player_view_v2.py::thaw,tests/humanlike_v2/test_cognition.py::test_bounded_noise_is_reproducible_and_stays_in_near_pool|tests/humanlike_v2/test_cognition.py::test_player_emits_trace_v2_and_cognitive_rp_slots|tests/humanlike_v2/test_cognition.py::test_round_reset_keeps_only_bounded_public_impressions|tests/humanlike_v2/test_deterministic_policy.py::test_hidden_opponent_hands_cannot_change_decision|tests/humanlike_v2/test_deterministic_policy.py::test_player_dingque_and_trace_are_deterministic|tests/humanlike_v2/test_humanlike_player_integration.py::test_registry_exposes_humanlike_without_changing_old_defaults|tests/humanlike_v2/test_runtime.py::test_event_decision_and_finalize_lifecycle|tests/humanlike_v2/test_runtime.py::test_unknown_rp_and_invalid_transition_fail,,AU-003 人类化决策规则：第 0—6 章 / 1. 游戏开始；AU-070 程序实现规范：第 0—10 章 / 6. Round/Player/View 状态,03-unit-specs/deterministic_rule_state_specs.md,STATE-001|STATE-005|STATE-010,MEDIUM,B2-B,对照Locked规格逐字段核验候选实现，补齐缺失语义并建立直接、分支、集成、回放与性能证据,同一版本scope内：Locked规格无歧义；非占位生产实现覆盖主要语义并接入正确调用链；直接/分支/边界测试通过；运行证据含unit_id、scenario/game_id、输入摘要、参数版本、seed、中间结果、输出、调用位置和测试/回放引用；追踪闭环；性能达规格；AC-01～AC-14适用项全Passed且独立审计通过,存在复合旧实现候选，但未隔离为v3单元，schema/错误/参数/状态/审计绑定及生产trace未按锁定规格核验；缺少锁定单元的直接测试及四类验收证据；Task17状态保持不变；本表是计划分型，不是新验收
STATE-007,存档 schema 持久化与迁移,STATE,PARTIAL,PATH-SEMANTIC-COMPLETION,false,true,true,true,true,true,true,true,true,false,true,false,engine/persistence.py::load_game|engine/persistence.py::save_game|players/humanlike/config.py::HumanlikeConfig|players/humanlike/config.py::_validate_global_parameters|players/humanlike/config.py::load_config,tests/humanlike_v2/test_config.py::test_default_has_all_gp_profiles_and_stable_hash|tests/humanlike_v2/test_config.py::test_hash_ignores_json_format_and_key_order|tests/humanlike_v2/test_config.py::test_invalid_range_fails|tests/humanlike_v2/test_config.py::test_missing_gp_fails|tests/humanlike_v2/test_config.py::test_missing_player_cognitive_gp_fails|tests/humanlike_v2/test_config.py::test_non_normalized_weights_fail|tests/humanlike_v2/test_config.py::test_player_cognitive_parameters_are_independent|tests/humanlike_v2/test_config.py::test_unknown_version_fails,,AU-095 程序实现规范：第 11—19 章 / 18. 版本/兼容,03-unit-specs/deterministic_rule_state_specs.md,STATE-002|ALGO-009,MEDIUM,B2-B,对照Locked规格逐字段核验候选实现，补齐缺失语义并建立直接、分支、集成、回放与性能证据,同一版本scope内：Locked规格无歧义；非占位生产实现覆盖主要语义并接入正确调用链；直接/分支/边界测试通过；运行证据含unit_id、scenario/game_id、输入摘要、参数版本、seed、中间结果、输出、调用位置和测试/回放引用；追踪闭环；性能达规格；AC-01～AC-14适用项全Passed且独立审计通过,存在复合旧实现候选，但未隔离为v3单元，schema/错误/参数/状态/审计绑定及生产trace未按锁定规格核验；缺少锁定单元的直接测试及四类验收证据；Task17状态保持不变；本表是计划分型，不是新验收
STATE-008,跨局比分、认知和 episode 状态继承,STATE,PARTIAL,PATH-SEMANTIC-COMPLETION,false,true,true,true,true,true,true,true,true,false,true,false,engine/audit.py::DecisionAuditWriter|engine/audit.py::record_decision|engine/audit.py::verify_audit|engine/orchestrator.py::PlayerGameRunner|engine/orchestrator.py::_play_seat_action|engine/orchestrator.py::run|engine/session.py::GameSession|engine/session.py::apply|engine/session.py::play_random_game,tests/humanlike_v2/test_audit_replay.py::test_runner_audit_verifies_and_policy_replays|tests/humanlike_v2/test_audit_replay.py::test_tampering_and_truncation_are_detected|tests/humanlike_v2/test_audit_replay.py::test_writer_rejects_opponent_hand_leak_and_illegal_action|tests/humanlike_v2/test_audit_replay.py::test_writer_verifier_and_footer_contract|tests/humanlike_v2/test_humanlike_player_integration.py::test_humanlike_self_play_has_no_policy_crash_or_full_state_channel|tests/humanlike_v2/test_humanlike_player_integration.py::test_same_game_produces_same_decision_histories|tests/test_blood_battle.py::test_b10_random_games_terminate|tests/test_blood_battle.py::test_b11_more_random|tests/test_blood_battle.py::test_session_wrapper|tests/test_session_scores.py::test_second_hand_starts_from_previous_totals|tests/test_session_scores.py::test_starting_scores_applied_at_run_start,,AU-055 程序实现规范：第 0—10 章 / 3.1 Match Controller；AU-081 程序实现规范：第 11—19 章 / 11.5 Episode,03-unit-specs/deterministic_rule_state_specs.md,STATE-001|SCORE-006|STATE-006,MEDIUM,B2-B,对照Locked规格逐字段核验候选实现，补齐缺失语义并建立直接、分支、集成、回放与性能证据,同一版本scope内：Locked规格无歧义；非占位生产实现覆盖主要语义并接入正确调用链；直接/分支/边界测试通过；运行证据含unit_id、scenario/game_id、输入摘要、参数版本、seed、中间结果、输出、调用位置和测试/回放引用；追踪闭环；性能达规格；AC-01～AC-14适用项全Passed且独立审计通过,存在复合旧实现候选，但未隔离为v3单元，schema/错误/参数/状态/审计绑定及生产trace未按锁定规格核验；缺少锁定单元的直接测试及四类验收证据；Task17状态保持不变；本表是计划分型，不是新验收
STATE-009,决策请求上下文与生命周期,STATE,PARTIAL,PATH-SEMANTIC-COMPLETION,false,true,true,true,true,true,true,true,true,false,true,false,engine/legal.py::action_in_legal|engine/legal.py::legal_actions|engine/legal.py::legal_discards|players/humanlike/candidates.py::CandidateSet|players/humanlike/candidates.py::build_candidates|players/humanlike/candidates.py::stable_action_key|protocols/player_view_builder.py::PlayerViewBuilder|protocols/player_view_builder.py::build,tests/humanlike_v2/test_deterministic_policy.py::test_evaluation_is_repeatable_and_rng_free|tests/humanlike_v2/test_deterministic_policy.py::test_mandatory_hu_survives_candidate_cap|tests/humanlike_v2/test_deterministic_policy.py::test_stable_action_key_is_explicit|tests/humanlike_v2/test_player_view_v2.py::test_gp021_all_visibility_fields_have_hidden_partial_exact_contracts|tests/humanlike_v2/test_player_view_v2.py::test_gp021_wall_and_concealed_gang_visibility_modes|tests/humanlike_v2/test_player_view_v2.py::test_v2_whitelist_hides_opponents_wall_and_sentinel|tests/test_analysis.py::test_an03_strategy_best_min_shanten,,AU-073 程序实现规范：第 0—10 章 / 9. AI 决策管线,03-unit-specs/deterministic_rule_state_specs.md,STATE-004|STATE-005|RULE-001,MEDIUM,B2-A2,对照Locked规格逐字段核验候选实现，补齐缺失语义并建立直接、分支、集成、回放与性能证据,同一版本scope内：Locked规格无歧义；非占位生产实现覆盖主要语义并接入正确调用链；直接/分支/边界测试通过；运行证据含unit_id、scenario/game_id、输入摘要、参数版本、seed、中间结果、输出、调用位置和测试/回放引用；追踪闭环；性能达规格；AC-01～AC-14适用项全Passed且独立审计通过,存在复合旧实现候选，但未隔离为v3单元，schema/错误/参数/状态/审计绑定及生产trace未按锁定规格核验；缺少锁定单元的直接测试及四类验收证据；Task17状态保持不变；本表是计划分型，不是新验收
STATE-010,GP/RP/Profile 注册与生命周期,STATE,PARTIAL,PATH-SEMANTIC-COMPLETION,false,true,true,true,true,true,true,true,true,false,true,false,players/humanlike/cognition.py::CognitiveState|players/humanlike/cognition.py::begin_new_round|players/humanlike/config.py::HumanlikeConfig|players/humanlike/config.py::_validate_global_parameters|players/humanlike/config.py::load_config|players/humanlike/runtime.py::RoundRuntime|players/humanlike/runtime.py::apply_event|players/humanlike/runtime.py::create_round|players/humanlike/traceability.py::ParameterTrace|players/humanlike/traceability.py::_gp_consumer|players/humanlike/traceability.py::_rp_consumer|protocols/player_view_v2.py::PlayerViewV2|protocols/player_view_v2.py::freeze_mapping|protocols/player_view_v2.py::thaw,tests/humanlike_v2/test_cognition.py::test_bounded_noise_is_reproducible_and_stays_in_near_pool|tests/humanlike_v2/test_cognition.py::test_round_reset_keeps_only_bounded_public_impressions|tests/humanlike_v2/test_config.py::test_default_has_all_gp_profiles_and_stable_hash|tests/humanlike_v2/test_config.py::test_hash_ignores_json_format_and_key_order|tests/humanlike_v2/test_config.py::test_invalid_range_fails|tests/humanlike_v2/test_config.py::test_missing_gp_fails|tests/humanlike_v2/test_config.py::test_missing_player_cognitive_gp_fails|tests/humanlike_v2/test_config.py::test_non_normalized_weights_fail|tests/humanlike_v2/test_config.py::test_player_cognitive_parameters_are_independent|tests/humanlike_v2/test_config.py::test_unknown_version_fails|tests/humanlike_v2/test_runtime.py::test_event_decision_and_finalize_lifecycle|tests/humanlike_v2/test_runtime.py::test_unknown_rp_and_invalid_transition_fail,,AU-004 人类化决策规则：第 0—6 章 / 2. 学习规则；AU-045 人类化决策规则：第 15—18 章与参数 / 17. GP 注册；AU-046 人类化决策规则：第 15—18 章与参数 / 17. RP 注册；AU-069 程序实现规范：第 0—10 章 / 5. 配置模型；AU-070 程序实现规范：第 0—10 章 / 6. Round/Player/View 状态,03-unit-specs/deterministic_rule_state_specs.md,无,MEDIUM,B1-A,对照Locked规格逐字段核验候选实现，补齐缺失语义并建立直接、分支、集成、回放与性能证据,同一版本scope内：Locked规格无歧义；非占位生产实现覆盖主要语义并接入正确调用链；直接/分支/边界测试通过；运行证据含unit_id、scenario/game_id、输入摘要、参数版本、seed、中间结果、输出、调用位置和测试/回放引用；追踪闭环；性能达规格；AC-01～AC-14适用项全Passed且独立审计通过,存在复合旧实现候选，但未隔离为v3单元，schema/错误/参数/状态/审计绑定及生产trace未按锁定规格核验；缺少锁定单元的直接测试及四类验收证据；Task17状态保持不变；本表是计划分型，不是新验收
STATE-011,牌墙构建、洗牌与初始发牌,STATE,PARTIAL,PATH-SEMANTIC-COMPLETION,false,true,true,true,true,true,true,true,true,false,true,false,engine/deal.py::create_dealt_game|engine/deck.py::Deck|engine/deck.py::build_full_wall|engine/deck.py::deal_hands|engine/deck.py::shuffle_wall|engine/dice.py::DiceResult|engine/dice.py::roll_dice,tests/test_game_id_repro.py::test_t06_deal_reproducible|tests/test_tile_deck.py,,实现规范 §4.1、§7.2；规则文档 §1/§4,03-unit-specs/deterministic_rule_state_specs.md,ALGO-011,MEDIUM,B1-B,对照Locked规格逐字段核验候选实现，补齐缺失语义并建立直接、分支、集成、回放与性能证据,同一版本scope内：Locked规格无歧义；非占位生产实现覆盖主要语义并接入正确调用链；直接/分支/边界测试通过；运行证据含unit_id、scenario/game_id、输入摘要、参数版本、seed、中间结果、输出、调用位置和测试/回放引用；追踪闭环；性能达规格；AC-01～AC-14适用项全Passed且独立审计通过,牌墙、洗牌和发牌已有复合实现，但未隔离为STATE-011门面，命名随机域、事件/状态提交和v3 golden尚未核验；缺少锁定单元的直接测试及四类验收证据；Task17状态保持不变；本表是计划分型，不是新验收
STATE-012,策略超时、崩溃与合法默认动作回退,STATE,PARTIAL,PATH-SEMANTIC-COMPLETION,false,true,true,true,true,true,true,true,true,false,true,false,players/humanlike/runtime.py::RoundRuntime|players/humanlike/runtime.py::apply_event|players/humanlike/runtime.py::create_round,tests/humanlike_v2/test_runtime.py::test_event_decision_and_finalize_lifecycle|tests/humanlike_v2/test_runtime.py::test_unknown_rp_and_invalid_transition_fail,,规则文档 §14.11；实现规范 §9.3,03-unit-specs/deterministic_rule_state_specs.md,STATE-009|ALGO-006,MEDIUM,B2-B,对照Locked规格逐字段核验候选实现，补齐缺失语义并建立直接、分支、集成、回放与性能证据,同一版本scope内：Locked规格无歧义；非占位生产实现覆盖主要语义并接入正确调用链；直接/分支/边界测试通过；运行证据含unit_id、scenario/game_id、输入摘要、参数版本、seed、中间结果、输出、调用位置和测试/回放引用；追踪闭环；性能达规格；AC-01～AC-14适用项全Passed且独立审计通过,存在复合旧实现候选，但未隔离为v3单元，schema/错误/参数/状态/审计绑定及生产trace未按锁定规格核验；缺少锁定单元的直接测试及四类验收证据；Task17状态保持不变；本表是计划分型，不是新验收
SCORE-002,自摸、点炮与抢杠胡计分,SCORE,PARTIAL,PATH-SEMANTIC-COMPLETION,false,true,true,true,true,true,true,true,true,false,true,false,engine/blood_battle.py::active_seats|engine/blood_battle.py::apply_action|engine/blood_battle.py::next_active|engine/orchestrator.py::PlayerGameRunner|engine/orchestrator.py::run|engine/session.py::GameSession|engine/session.py::apply|engine/session.py::play_random_game|training/env.py::ChengduMahjongEnv|training/env.py::reset|training/env.py::step,tests/humanlike_v2/test_humanlike_player_integration.py::test_humanlike_self_play_has_no_policy_crash_or_full_state_channel|tests/humanlike_v2/test_humanlike_player_integration.py::test_same_game_produces_same_decision_histories|tests/humanlike_v2/test_training_contract_v2.py::test_illegal_raise_preserves_state_and_terminate_penalizes|tests/humanlike_v2/test_training_contract_v2.py::test_v1_integer_semantics_remain_legal_list_index|tests/humanlike_v2/test_training_contract_v2.py::test_v2_fixed_index_and_shaping_off|tests/humanlike_v2/test_training_contract_v2.py::test_v2_observation_shapes_and_no_hidden_fields|tests/humanlike_v2/test_training_contract_v2.py::test_v2_shaping_is_separate_from_true_score|tests/test_blood_battle.py::test_b02_discard_pass_cycle|tests/test_blood_battle.py::test_b10_random_games_terminate|tests/test_blood_battle.py::test_b11_more_random|tests/test_blood_battle.py::test_blood_battle_continues_after_first_hu|tests/test_blood_battle.py::test_force_complete_response_unblocks|tests/test_blood_battle.py::test_illegal_action|tests/test_env.py::test_e01_reset_returns_obs_with_legals|tests/test_env.py::test_e03_illegal_action_raises|tests/test_env.py::test_e04_same_game_id_dealt_hands,,AU-040 人类化决策规则：第 7—14 章 / 12. 终局计分；AU-061 程序实现规范：第 0—10 章 / 3.7 Scoring,03-unit-specs/deterministic_algorithm_scoring_specs.md,RULE-010|RULE-015|SCORE-001,MEDIUM,B1-C3,对照Locked规格逐字段核验候选实现，补齐缺失语义并建立直接、分支、集成、回放与性能证据,同一版本scope内：Locked规格无歧义；非占位生产实现覆盖主要语义并接入正确调用链；直接/分支/边界测试通过；运行证据含unit_id、scenario/game_id、输入摘要、参数版本、seed、中间结果、输出、调用位置和测试/回放引用；追踪闭环；性能达规格；AC-01～AC-14适用项全Passed且独立审计通过,存在复合旧实现候选，但未隔离为v3单元，schema/错误/参数/状态/审计绑定及生产trace未按锁定规格核验；缺少锁定单元的直接测试及四类验收证据；Task17状态保持不变；本表是计划分型，不是新验收
SCORE-003,明/暗/补杠与呼叫转移计分,SCORE,PARTIAL,PATH-SEMANTIC-COMPLETION,false,true,true,true,true,true,true,true,true,false,true,false,engine/blood_battle.py::active_seats|engine/blood_battle.py::apply_action|engine/blood_battle.py::next_active|engine/legal.py::action_in_legal|engine/legal.py::legal_actions|engine/legal.py::legal_discards|engine/orchestrator.py::PlayerGameRunner|engine/orchestrator.py::run|engine/session.py::GameSession|engine/session.py::apply|engine/session.py::play_random_game|players/humanlike/belief.py::PublicBelief|players/humanlike/belief.py::build_public_belief|players/humanlike/candidates.py::CandidateSet|players/humanlike/candidates.py::build_candidates|players/humanlike/candidates.py::stable_action_key|training/env.py::ChengduMahjongEnv|training/env.py::reset|training/env.py::step,tests/humanlike_v2/test_deterministic_policy.py::test_evaluation_is_repeatable_and_rng_free|tests/humanlike_v2/test_deterministic_policy.py::test_mandatory_hu_survives_candidate_cap|tests/humanlike_v2/test_deterministic_policy.py::test_public_belief_uses_only_visible_counts|tests/humanlike_v2/test_deterministic_policy.py::test_stable_action_key_is_explicit|tests/humanlike_v2/test_humanlike_player_integration.py::test_humanlike_self_play_has_no_policy_crash_or_full_state_channel|tests/humanlike_v2/test_humanlike_player_integration.py::test_same_game_produces_same_decision_histories|tests/humanlike_v2/test_training_contract_v2.py::test_illegal_raise_preserves_state_and_terminate_penalizes|tests/humanlike_v2/test_training_contract_v2.py::test_v1_integer_semantics_remain_legal_list_index|tests/humanlike_v2/test_training_contract_v2.py::test_v2_fixed_index_and_shaping_off|tests/humanlike_v2/test_training_contract_v2.py::test_v2_observation_shapes_and_no_hidden_fields|tests/humanlike_v2/test_training_contract_v2.py::test_v2_shaping_is_separate_from_true_score|tests/test_analysis.py::test_an03_strategy_best_min_shanten|tests/test_blood_battle.py::test_b02_discard_pass_cycle|tests/test_blood_battle.py::test_b10_random_games_terminate|tests/test_blood_battle.py::test_b11_more_random|tests/test_blood_battle.py::test_blood_battle_continues_after_first_hu|tests/test_blood_battle.py::test_force_complete_response_unblocks|tests/test_blood_battle.py::test_illegal_action|tests/test_env.py::test_e01_reset_returns_obs_with_legals|tests/test_env.py::test_e03_illegal_action_raises|tests/test_env.py::test_e04_same_game_id_dealt_hands,,AU-033 人类化决策规则：第 7—14 章 / 9.3 杠牌响应；AU-040 人类化决策规则：第 7—14 章 / 12. 终局计分；AU-061 程序实现规范：第 0—10 章 / 3.7 Scoring,03-unit-specs/deterministic_algorithm_scoring_specs.md,RULE-008|RULE-009|SCORE-001,HIGH,B1-C3,对照Locked规格逐字段核验候选实现，补齐缺失语义并建立直接、分支、集成、回放与性能证据,同一版本scope内：Locked规格无歧义；非占位生产实现覆盖主要语义并接入正确调用链；直接/分支/边界测试通过；运行证据含unit_id、scenario/game_id、输入摘要、参数版本、seed、中间结果、输出、调用位置和测试/回放引用；追踪闭环；性能达规格；AC-01～AC-14适用项全Passed且独立审计通过,呼叫转移与抢杠关联账本在旧实现中不完整；缺少锁定单元的直接测试及四类验收证据；Task17状态保持不变；本表是计划分型，不是新验收
SCORE-004,花猪、查大叫与退税终局调整,SCORE,PARTIAL,PATH-SEMANTIC-COMPLETION,false,true,true,true,true,true,true,true,true,false,true,true,engine/blood_battle.py::active_seats|engine/blood_battle.py::apply_action|engine/blood_battle.py::next_active|engine/orchestrator.py::PlayerGameRunner|engine/orchestrator.py::run|engine/session.py::GameSession|engine/session.py::apply|engine/session.py::play_random_game|training/env.py::ChengduMahjongEnv|training/env.py::reset|training/env.py::step,tests/humanlike_v2/test_humanlike_player_integration.py::test_humanlike_self_play_has_no_policy_crash_or_full_state_channel|tests/humanlike_v2/test_humanlike_player_integration.py::test_same_game_produces_same_decision_histories|tests/humanlike_v2/test_training_contract_v2.py::test_illegal_raise_preserves_state_and_terminate_penalizes|tests/humanlike_v2/test_training_contract_v2.py::test_v1_integer_semantics_remain_legal_list_index|tests/humanlike_v2/test_training_contract_v2.py::test_v2_fixed_index_and_shaping_off|tests/humanlike_v2/test_training_contract_v2.py::test_v2_observation_shapes_and_no_hidden_fields|tests/humanlike_v2/test_training_contract_v2.py::test_v2_shaping_is_separate_from_true_score|tests/test_blood_battle.py::test_b02_discard_pass_cycle|tests/test_blood_battle.py::test_b10_random_games_terminate|tests/test_blood_battle.py::test_b11_more_random|tests/test_blood_battle.py::test_blood_battle_continues_after_first_hu|tests/test_blood_battle.py::test_force_complete_response_unblocks|tests/test_blood_battle.py::test_illegal_action|tests/test_env.py::test_e01_reset_returns_obs_with_legals|tests/test_env.py::test_e03_illegal_action_raises|tests/test_env.py::test_e04_same_game_id_dealt_hands,,AU-040 人类化决策规则：第 7—14 章 / 12. 终局计分；AU-061 程序实现规范：第 0—10 章 / 3.7 Scoring,03-unit-specs/deterministic_algorithm_scoring_specs.md,RULE-004|RULE-015|SCORE-001,HIGH,B1-C4,对照Locked规格逐字段核验候选实现，补齐缺失语义并建立直接、分支、集成、回放与性能证据,同一版本scope内：Locked规格无歧义；非占位生产实现覆盖主要语义并接入正确调用链；直接/分支/边界测试通过；运行证据含unit_id、scenario/game_id、输入摘要、参数版本、seed、中间结果、输出、调用位置和测试/回放引用；追踪闭环；性能达规格；AC-01～AC-14适用项全Passed且独立审计通过,查大叫最大番、死叫与退税在旧实现中缺失或简化；缺少锁定单元的直接测试及四类验收证据；花猪、查大叫、退税是同一终局事务内三类独立调整，需分别留守恒证据；Task17状态保持不变；本表是计划分型，不是新验收
SCORE-005,封顶、互斥和转移结算顺序,SCORE,PARTIAL,PATH-SEMANTIC-COMPLETION,false,true,true,true,true,true,true,true,true,false,true,false,engine/blood_battle.py::active_seats|engine/blood_battle.py::apply_action|engine/blood_battle.py::next_active|engine/orchestrator.py::PlayerGameRunner|engine/orchestrator.py::run|engine/session.py::GameSession|engine/session.py::apply|engine/session.py::play_random_game|training/env.py::ChengduMahjongEnv|training/env.py::reset|training/env.py::step,tests/humanlike_v2/test_humanlike_player_integration.py::test_humanlike_self_play_has_no_policy_crash_or_full_state_channel|tests/humanlike_v2/test_humanlike_player_integration.py::test_same_game_produces_same_decision_histories|tests/humanlike_v2/test_training_contract_v2.py::test_illegal_raise_preserves_state_and_terminate_penalizes|tests/humanlike_v2/test_training_contract_v2.py::test_v1_integer_semantics_remain_legal_list_index|tests/humanlike_v2/test_training_contract_v2.py::test_v2_fixed_index_and_shaping_off|tests/humanlike_v2/test_training_contract_v2.py::test_v2_observation_shapes_and_no_hidden_fields|tests/humanlike_v2/test_training_contract_v2.py::test_v2_shaping_is_separate_from_true_score|tests/test_blood_battle.py::test_b02_discard_pass_cycle|tests/test_blood_battle.py::test_b10_random_games_terminate|tests/test_blood_battle.py::test_b11_more_random|tests/test_blood_battle.py::test_blood_battle_continues_after_first_hu|tests/test_blood_battle.py::test_force_complete_response_unblocks|tests/test_blood_battle.py::test_illegal_action|tests/test_env.py::test_e01_reset_returns_obs_with_legals|tests/test_env.py::test_e03_illegal_action_raises|tests/test_env.py::test_e04_same_game_id_dealt_hands,,AU-040 人类化决策规则：第 7—14 章 / 12. 终局计分；AU-061 程序实现规范：第 0—10 章 / 3.7 Scoring,03-unit-specs/deterministic_algorithm_scoring_specs.md,RULE-015|SCORE-002|SCORE-003|SCORE-004,HIGH,B1-C4,对照Locked规格逐字段核验候选实现，补齐缺失语义并建立直接、分支、集成、回放与性能证据,同一版本scope内：Locked规格无歧义；非占位生产实现覆盖主要语义并接入正确调用链；直接/分支/边界测试通过；运行证据含unit_id、scenario/game_id、输入摘要、参数版本、seed、中间结果、输出、调用位置和测试/回放引用；追踪闭环；性能达规格；AC-01～AC-14适用项全Passed且独立审计通过,规范封顶/互斥/转移顺序需独立结算层，旧路径耦合；缺少锁定单元的直接测试及四类验收证据；Task17状态保持不变；本表是计划分型，不是新验收
SCORE-006,单局总分、整场累计与排名,SCORE,PARTIAL,PATH-SEMANTIC-COMPLETION,false,true,true,true,true,true,true,true,true,false,true,false,engine/blood_battle.py::active_seats|engine/blood_battle.py::apply_action|engine/blood_battle.py::next_active|engine/fan.py::FanTable|engine/fan.py::apply_fan_cap|engine/fan.py::compute_fan|engine/orchestrator.py::PlayerGameRunner|engine/orchestrator.py::_play_seat_action|engine/orchestrator.py::run|engine/score.py::ScoreService|engine/score.py::apply_hu_dianpao|engine/score.py::apply_hu_zimo|engine/session.py::GameSession|engine/session.py::apply|engine/session.py::play_random_game,tests/humanlike_v2/test_humanlike_player_integration.py::test_humanlike_self_play_has_no_policy_crash_or_full_state_channel|tests/humanlike_v2/test_humanlike_player_integration.py::test_same_game_produces_same_decision_histories|tests/test_blood_battle.py::test_b02_discard_pass_cycle|tests/test_blood_battle.py::test_b10_random_games_terminate|tests/test_blood_battle.py::test_b11_more_random|tests/test_blood_battle.py::test_blood_battle_continues_after_first_hu|tests/test_blood_battle.py::test_force_complete_response_unblocks|tests/test_blood_battle.py::test_illegal_action|tests/test_blood_battle.py::test_session_wrapper|tests/test_score.py::test_sc01_dianpao_fan2|tests/test_score.py::test_sc02_multi_ron|tests/test_score.py::test_sc03_zimo|tests/test_score.py::test_sc04_an_gang|tests/test_score.py::test_sc05_hua_zhu|tests/test_score.py::test_score_events_written|tests/test_score_ledger.py::test_build_game_result_includes_score_events|tests/test_score_ledger.py::test_ledger_matches_balances|tests/test_session_scores.py::test_second_hand_starts_from_previous_totals|tests/test_session_scores.py::test_starting_scores_applied_at_run_start,,AU-039 人类化决策规则：第 7—14 章 / 11. 胡后处理；AU-040 人类化决策规则：第 7—14 章 / 12. 终局计分；AU-055 程序实现规范：第 0—10 章 / 3.1 Match Controller,03-unit-specs/deterministic_algorithm_scoring_specs.md,SCORE-001|SCORE-005|STATE-001,MEDIUM,B1-C4,对照Locked规格逐字段核验候选实现，补齐缺失语义并建立直接、分支、集成、回放与性能证据,同一版本scope内：Locked规格无歧义；非占位生产实现覆盖主要语义并接入正确调用链；直接/分支/边界测试通过；运行证据含unit_id、scenario/game_id、输入摘要、参数版本、seed、中间结果、输出、调用位置和测试/回放引用；追踪闭环；性能达规格；AC-01～AC-14适用项全Passed且独立审计通过,存在复合旧实现候选，但未隔离为v3单元，schema/错误/参数/状态/审计绑定及生产trace未按锁定规格核验；缺少锁定单元的直接测试及四类验收证据；Task17状态保持不变；本表是计划分型，不是新验收
TRAIN-001,复用生产规则的训练包装,TRAIN,PARTIAL,PATH-SEMANTIC-COMPLETION,false,true,true,true,true,true,true,true,true,false,true,false,engine/blood_battle.py::active_seats|engine/blood_battle.py::next_active|engine/orchestrator.py::PlayerGameRunner|engine/orchestrator.py::_play_seat_action|engine/orchestrator.py::run|engine/session.py::GameSession|engine/session.py::apply|engine/session.py::play_random_game|training/action_codec_v2.py::decode_action|training/action_codec_v2.py::encode_action|training/action_codec_v2.py::legal_action_mask,tests/humanlike_v2/test_humanlike_player_integration.py::test_humanlike_self_play_has_no_policy_crash_or_full_state_channel|tests/humanlike_v2/test_humanlike_player_integration.py::test_same_game_produces_same_decision_histories|tests/humanlike_v2/test_training_contract_v2.py::test_codec_is_fixed_unique_and_roundtrips|tests/humanlike_v2/test_training_contract_v2.py::test_codec_rejects_mixed_exchange_and_mask_is_exact|tests/test_blood_battle.py::test_b10_random_games_terminate|tests/test_blood_battle.py::test_b11_more_random|tests/test_blood_battle.py::test_session_wrapper|tests/test_session_scores.py::test_second_hand_starts_from_previous_totals|tests/test_session_scores.py::test_starting_scores_applied_at_run_start,,AU-063 程序实现规范：第 0—10 章 / 3.9 Training wrapper；AU-077 程序实现规范：第 11—19 章 / 11.1 训练模式,03-unit-specs/training_environment_specs.md,STATE-001|STATE-004|RULE-001,HIGH,B5-A,对照Locked规格逐字段核验候选实现，补齐缺失语义并建立直接、分支、集成、回放与性能证据,同一版本scope内：Locked规格无歧义；非占位生产实现覆盖主要语义并接入正确调用链；直接/分支/边界测试通过；运行证据含unit_id、scenario/game_id、输入摘要、参数版本、seed、中间结果、输出、调用位置和测试/回放引用；追踪闭环；性能达规格；AC-01～AC-14适用项全Passed且独立审计通过,训练必须包装同一生产规则引擎，旧env仍含独立流程职责；缺少锁定单元的直接测试及四类验收证据；Task17状态保持不变；本表是计划分型，不是新验收
TRAIN-002,Observation v2 编码,TRAIN,PARTIAL,PATH-SEMANTIC-COMPLETION,false,true,true,true,true,true,true,true,true,false,true,false,training/env.py::ChengduMahjongEnv|training/env.py::reset|training/env.py::step|training/reward_v2.py::TrainingContractConfig|training/reward_v2.py::shaping_delta|training/reward_v2.py::visible_potential,tests/humanlike_v2/test_training_contract_v2.py::test_illegal_raise_preserves_state_and_terminate_penalizes|tests/humanlike_v2/test_training_contract_v2.py::test_v1_integer_semantics_remain_legal_list_index|tests/humanlike_v2/test_training_contract_v2.py::test_v2_fixed_index_and_shaping_off|tests/humanlike_v2/test_training_contract_v2.py::test_v2_observation_shapes_and_no_hidden_fields|tests/humanlike_v2/test_training_contract_v2.py::test_v2_shaping_is_separate_from_true_score|tests/test_env.py::test_e01_reset_returns_obs_with_legals|tests/test_env.py::test_e03_illegal_action_raises|tests/test_env.py::test_e04_same_game_id_dealt_hands,,AU-078 程序实现规范：第 11—19 章 / 11.2 观测空间,03-unit-specs/training_environment_specs.md,STATE-005|ALGO-010,HIGH,B5-A,对照Locked规格逐字段核验候选实现，补齐缺失语义并建立直接、分支、集成、回放与性能证据,同一版本scope内：Locked规格无歧义；非占位生产实现覆盖主要语义并接入正确调用链；直接/分支/边界测试通过；运行证据含unit_id、scenario/game_id、输入摘要、参数版本、seed、中间结果、输出、调用位置和测试/回放引用；追踪闭环；性能达规格；AC-01～AC-14适用项全Passed且独立审计通过,存在复合旧实现候选，但未隔离为v3单元，schema/错误/参数/状态/审计绑定及生产trace未按锁定规格核验；缺少锁定单元的直接测试及四类验收证据；Task17状态保持不变；本表是计划分型，不是新验收
TRAIN-004,非法训练动作处理契约,TRAIN,PARTIAL,PATH-SEMANTIC-COMPLETION,false,true,true,true,true,true,true,true,true,false,true,false,training/env.py::ChengduMahjongEnv|training/env.py::reset|training/env.py::step,tests/humanlike_v2/test_training_contract_v2.py::test_illegal_raise_preserves_state_and_terminate_penalizes|tests/humanlike_v2/test_training_contract_v2.py::test_v1_integer_semantics_remain_legal_list_index|tests/humanlike_v2/test_training_contract_v2.py::test_v2_fixed_index_and_shaping_off|tests/humanlike_v2/test_training_contract_v2.py::test_v2_observation_shapes_and_no_hidden_fields|tests/humanlike_v2/test_training_contract_v2.py::test_v2_shaping_is_separate_from_true_score|tests/test_env.py::test_e01_reset_returns_obs_with_legals|tests/test_env.py::test_e03_illegal_action_raises|tests/test_env.py::test_e04_same_game_id_dealt_hands,,AU-079 程序实现规范：第 11—19 章 / 11.3 动作空间,03-unit-specs/training_environment_specs.md,TRAIN-003,HIGH,B5-A,对照Locked规格逐字段核验候选实现，补齐缺失语义并建立直接、分支、集成、回放与性能证据,同一版本scope内：Locked规格无歧义；非占位生产实现覆盖主要语义并接入正确调用链；直接/分支/边界测试通过；运行证据含unit_id、scenario/game_id、输入摘要、参数版本、seed、中间结果、输出、调用位置和测试/回放引用；追踪闭环；性能达规格；AC-01～AC-14适用项全Passed且独立审计通过,存在复合旧实现候选，但未隔离为v3单元，schema/错误/参数/状态/审计绑定及生产trace未按锁定规格核验；缺少锁定单元的直接测试及四类验收证据；Task17状态保持不变；本表是计划分型，不是新验收
TRAIN-005,真实得分与可见势能奖励契约,TRAIN,PARTIAL,PATH-SEMANTIC-COMPLETION,false,true,true,true,true,true,true,true,true,false,true,false,engine/audit.py::DecisionAuditWriter|engine/audit.py::record_decision|engine/audit.py::verify_audit|engine/replay.py::ReplaySession|engine/replay.py::StepRecorder,tests/humanlike_v2/test_audit_replay.py::test_runner_audit_verifies_and_policy_replays|tests/humanlike_v2/test_audit_replay.py::test_tampering_and_truncation_are_detected|tests/humanlike_v2/test_audit_replay.py::test_writer_rejects_opponent_hand_leak_and_illegal_action|tests/humanlike_v2/test_audit_replay.py::test_writer_verifier_and_footer_contract|tests/test_persistence.py::test_s03_steps_replay,,AU-080 程序实现规范：第 11—19 章 / 11.4 奖励,03-unit-specs/training_environment_specs.md,SCORE-001|TRAIN-002,HIGH,B5-A,对照Locked规格逐字段核验候选实现，补齐缺失语义并建立直接、分支、集成、回放与性能证据,同一版本scope内：Locked规格无歧义；非占位生产实现覆盖主要语义并接入正确调用链；直接/分支/边界测试通过；运行证据含unit_id、scenario/game_id、输入摘要、参数版本、seed、中间结果、输出、调用位置和测试/回放引用；追踪闭环；性能达规格；AC-01～AC-14适用项全Passed且独立审计通过,存在复合旧实现候选，但未隔离为v3单元，schema/错误/参数/状态/审计绑定及生产trace未按锁定规格核验；缺少锁定单元的直接测试及四类验收证据；Task17状态保持不变；本表是计划分型，不是新验收
TRAIN-006,单 learner reset/step/mask/clone/restore,TRAIN,PARTIAL,PATH-SEMANTIC-COMPLETION,false,true,true,true,true,true,true,true,true,false,true,false,engine/audit.py::DecisionAuditWriter|engine/audit.py::record_decision|engine/audit.py::verify_audit|engine/invariants.py::assert_event_boundary|engine/invariants.py::ownership_regions|engine/state.py::GameState|engine/state.py::PlayerState|engine/state.py::from_dict,tests/humanlike_v2/test_audit_replay.py::test_runner_audit_verifies_and_policy_replays|tests/humanlike_v2/test_audit_replay.py::test_tampering_and_truncation_are_detected|tests/humanlike_v2/test_audit_replay.py::test_writer_rejects_opponent_hand_leak_and_illegal_action|tests/humanlike_v2/test_audit_replay.py::test_writer_verifier_and_footer_contract|tests/humanlike_v2/test_invariants.py::test_duplicate_ownership_reports_structured_failure|tests/humanlike_v2/test_invariants.py::test_ready_state_owns_every_physical_tile_once|tests/humanlike_v2/test_state_v5_migration.py::test_bad_legacy_state_fails_instead_of_guessing|tests/humanlike_v2/test_state_v5_migration.py::test_legacy_migration_is_deterministic_and_non_mutating|tests/test_exchange_dingque.py::test_t12_v1_dealt_readable|tests/test_reward.py::test_rw02_rank_bonus|tests/test_state_serde.py::test_strict_rejects_bad_hand_sizes|tests/test_state_serde.py::test_t08_dict_roundtrip,,AU-081 程序实现规范：第 11—19 章 / 11.5 Episode；AU-086 程序实现规范：第 11—19 章 / 13.5 训练接口,03-unit-specs/training_environment_specs.md,TRAIN-001|TRAIN-002|TRAIN-003|TRAIN-005,HIGH,B5-B,对照Locked规格逐字段核验候选实现，补齐缺失语义并建立直接、分支、集成、回放与性能证据,同一版本scope内：Locked规格无歧义；非占位生产实现覆盖主要语义并接入正确调用链；直接/分支/边界测试通过；运行证据含unit_id、scenario/game_id、输入摘要、参数版本、seed、中间结果、输出、调用位置和测试/回放引用；追踪闭环；性能达规格；AC-01～AC-14适用项全Passed且独立审计通过,存在复合旧实现候选，但未隔离为v3单元，schema/错误/参数/状态/审计绑定及生产trace未按锁定规格核验；缺少锁定单元的直接测试及四类验收证据；Task17状态保持不变；本表是计划分型，不是新验收
TRAIN-007,多玩家 ActionMap 与自博弈调度,TRAIN,PARTIAL,PATH-SEMANTIC-COMPLETION,false,true,true,true,true,true,true,true,true,false,true,false,engine/blood_battle.py::active_seats|engine/blood_battle.py::next_active|engine/invariants.py::assert_event_boundary|engine/invariants.py::ownership_regions|engine/orchestrator.py::PlayerGameRunner|engine/orchestrator.py::_play_seat_action|engine/orchestrator.py::run|engine/session.py::GameSession|engine/session.py::apply|engine/session.py::play_random_game|engine/state.py::GameState|engine/state.py::PlayerState|engine/state.py::from_dict|training/action_codec_v2.py::decode_action|training/action_codec_v2.py::encode_action|training/action_codec_v2.py::legal_action_mask,tests/humanlike_v2/test_humanlike_player_integration.py::test_humanlike_self_play_has_no_policy_crash_or_full_state_channel|tests/humanlike_v2/test_humanlike_player_integration.py::test_same_game_produces_same_decision_histories|tests/humanlike_v2/test_invariants.py::test_duplicate_ownership_reports_structured_failure|tests/humanlike_v2/test_invariants.py::test_ready_state_owns_every_physical_tile_once|tests/humanlike_v2/test_state_v5_migration.py::test_bad_legacy_state_fails_instead_of_guessing|tests/humanlike_v2/test_state_v5_migration.py::test_legacy_migration_is_deterministic_and_non_mutating|tests/humanlike_v2/test_training_contract_v2.py::test_codec_is_fixed_unique_and_roundtrips|tests/humanlike_v2/test_training_contract_v2.py::test_codec_rejects_mixed_exchange_and_mask_is_exact|tests/test_blood_battle.py::test_b10_random_games_terminate|tests/test_blood_battle.py::test_b11_more_random|tests/test_blood_battle.py::test_session_wrapper|tests/test_exchange_dingque.py::test_t12_v1_dealt_readable|tests/test_reward.py::test_rw02_rank_bonus|tests/test_session_scores.py::test_second_hand_starts_from_previous_totals|tests/test_session_scores.py::test_starting_scores_applied_at_run_start|tests/test_state_serde.py::test_strict_rejects_bad_hand_sizes|tests/test_state_serde.py::test_t08_dict_roundtrip,,AU-063 程序实现规范：第 0—10 章 / 3.9 Training wrapper；AU-077 程序实现规范：第 11—19 章 / 11.1 训练模式；AU-086 程序实现规范：第 11—19 章 / 13.5 训练接口,03-unit-specs/training_environment_specs.md,TRAIN-006|RULE-013,HIGH,B5-C,对照Locked规格逐字段核验候选实现，补齐缺失语义并建立直接、分支、集成、回放与性能证据,同一版本scope内：Locked规格无歧义；非占位生产实现覆盖主要语义并接入正确调用链；直接/分支/边界测试通过；运行证据含unit_id、scenario/game_id、输入摘要、参数版本、seed、中间结果、输出、调用位置和测试/回放引用；追踪闭环；性能达规格；AC-01～AC-14适用项全Passed且独立审计通过,存在复合旧实现候选，但未隔离为v3单元，schema/错误/参数/状态/审计绑定及生产trace未按锁定规格核验；缺少锁定单元的直接测试及四类验收证据；Task17状态保持不变；本表是计划分型，不是新验收
TRAIN-008,离线 BC 与回放 RL 数据消费,TRAIN,PARTIAL,PATH-SEMANTIC-COMPLETION,false,true,true,true,true,true,true,true,true,true,true,false,training/action_codec_v2.py::decode_action|training/action_codec_v2.py::encode_action|training/action_codec_v2.py::legal_action_mask,tests/humanlike_v2/test_training_contract_v2.py::test_codec_is_fixed_unique_and_roundtrips|tests/humanlike_v2/test_training_contract_v2.py::test_codec_rejects_mixed_exchange_and_mask_is_exact,,AU-077 程序实现规范：第 11—19 章 / 11.1 训练模式,03-unit-specs/training_environment_specs.md,TRAIN-002|TRAIN-003|AUDIT-014,HIGH,B5-DATA,对照Locked规格逐字段核验候选实现，补齐缺失语义并建立直接、分支、集成、回放与性能证据,同一版本scope内：Locked规格无歧义；非占位生产实现覆盖主要语义并接入正确调用链；直接/分支/边界测试通过；运行证据含unit_id、scenario/game_id、输入摘要、参数版本、seed、中间结果、输出、调用位置和测试/回放引用；追踪闭环；性能达规格；AC-01～AC-14适用项全Passed且独立审计通过,存在复合旧实现候选，但未隔离为v3单元，schema/错误/参数/状态/审计绑定及生产trace未按锁定规格核验；缺少锁定单元的直接测试及四类验收证据；Task17状态保持不变；本表是计划分型，不是新验收
TRAIN-009,房规、profile 与行为域随机化,TRAIN,PARTIAL,PATH-SEMANTIC-COMPLETION,false,true,true,true,true,true,true,true,true,false,true,false,training/action_codec_v2.py::decode_action|training/action_codec_v2.py::encode_action|training/action_codec_v2.py::legal_action_mask,tests/humanlike_v2/test_training_contract_v2.py::test_codec_is_fixed_unique_and_roundtrips|tests/humanlike_v2/test_training_contract_v2.py::test_codec_rejects_mixed_exchange_and_mask_is_exact,,AU-077 程序实现规范：第 11—19 章 / 11.1 训练模式,03-unit-specs/training_environment_specs.md,STATE-010|ALGO-011,HIGH,B5-B,对照Locked规格逐字段核验候选实现，补齐缺失语义并建立直接、分支、集成、回放与性能证据,同一版本scope内：Locked规格无歧义；非占位生产实现覆盖主要语义并接入正确调用链；直接/分支/边界测试通过；运行证据含unit_id、scenario/game_id、输入摘要、参数版本、seed、中间结果、输出、调用位置和测试/回放引用；追踪闭环；性能达规格；AC-01～AC-14适用项全Passed且独立审计通过,存在复合旧实现候选，但未隔离为v3单元，schema/错误/参数/状态/审计绑定及生产trace未按锁定规格核验；缺少锁定单元的直接测试及四类验收证据；Task17状态保持不变；本表是计划分型，不是新验收
AUDIT-001,全原子规则事件日志,AUDIT,PARTIAL,PATH-SEMANTIC-COMPLETION,false,true,true,true,true,true,true,true,true,false,true,false,engine/audit.py::DecisionAuditWriter|engine/audit.py::record_decision|engine/audit.py::verify_audit|engine/blood_battle.py::active_seats|engine/blood_battle.py::next_active|engine/orchestrator.py::PlayerGameRunner|engine/orchestrator.py::_play_seat_action|engine/orchestrator.py::run|engine/physical_tile.py::PhysicalTile|engine/physical_tile.py::id|engine/session.py::GameSession|engine/session.py::apply|engine/session.py::play_random_game|engine/state.py::GameState|engine/state.py::PlayerState|engine/state.py::from_dict|protocols/player_view_builder.py::PlayerViewBuilder|protocols/player_view_builder.py::build|protocols/player_view_builder.py::build_legacy_dict,tests/humanlike_v2/test_audit_replay.py::test_runner_audit_verifies_and_policy_replays|tests/humanlike_v2/test_audit_replay.py::test_tampering_and_truncation_are_detected|tests/humanlike_v2/test_audit_replay.py::test_writer_rejects_opponent_hand_leak_and_illegal_action|tests/humanlike_v2/test_audit_replay.py::test_writer_verifier_and_footer_contract|tests/humanlike_v2/test_humanlike_player_integration.py::test_humanlike_self_play_has_no_policy_crash_or_full_state_channel|tests/humanlike_v2/test_humanlike_player_integration.py::test_same_game_produces_same_decision_histories|tests/humanlike_v2/test_player_view_v2.py::test_gp021_all_visibility_fields_have_hidden_partial_exact_contracts|tests/humanlike_v2/test_player_view_v2.py::test_gp021_wall_and_concealed_gang_visibility_modes|tests/humanlike_v2/test_player_view_v2.py::test_v2_whitelist_hides_opponents_wall_and_sentinel|tests/humanlike_v2/test_state_v5_migration.py::test_bad_legacy_state_fails_instead_of_guessing|tests/humanlike_v2/test_state_v5_migration.py::test_legacy_migration_is_deterministic_and_non_mutating|tests/test_blood_battle.py::test_b10_random_games_terminate|tests/test_blood_battle.py::test_b11_more_random|tests/test_blood_battle.py::test_session_wrapper|tests/test_exchange_dingque.py::test_human_face_exchange_resolves_to_physical_tiles|tests/test_exchange_dingque.py::test_t12_v1_dealt_readable|tests/test_reward.py::test_rw02_rank_bonus|tests/test_session_scores.py::test_second_hand_starts_from_previous_totals|tests/test_session_scores.py::test_starting_scores_applied_at_run_start|tests/test_state_serde.py::test_strict_rejects_bad_hand_sizes|tests/test_state_serde.py::test_t08_dict_roundtrip|tests/test_state_serde.py::test_unsupported_schema_version,,AU-029 人类化决策规则：第 7—14 章 / 8.8 信息边界；AU-062 程序实现规范：第 0—10 章 / 3.8 Replay/Audit；AU-071 程序实现规范：第 0—10 章 / 7. 状态机/事件；AU-082 程序实现规范：第 11—19 章 / 12.1 事件日志,03-unit-specs/audit_specs.md,STATE-004|STATE-002,HIGH,B6-A,对照Locked规格逐字段核验候选实现，补齐缺失语义并建立直接、分支、集成、回放与性能证据,同一版本scope内：Locked规格无歧义；非占位生产实现覆盖主要语义并接入正确调用链；直接/分支/边界测试通过；运行证据含unit_id、scenario/game_id、输入摘要、参数版本、seed、中间结果、输出、调用位置和测试/回放引用；追踪闭环；性能达规格；AC-01～AC-14适用项全Passed且独立审计通过,旧审计主要记录决策，未覆盖全部原子规则事件；缺少锁定单元的直接测试及四类验收证据；Task17状态保持不变；本表是计划分型，不是新验收
AUDIT-002,AI 决策解释日志,AUDIT,PARTIAL,PATH-SEMANTIC-COMPLETION,false,true,true,true,true,true,true,true,true,false,true,false,engine/audit.py::DecisionAuditWriter|engine/audit.py::record_decision|engine/audit.py::verify_audit|engine/physical_tile.py::PhysicalTile|engine/physical_tile.py::id|engine/state.py::GameState|engine/state.py::PlayerState|engine/state.py::from_dict|players/humanlike/audit_replay.py::replay_humanlike_audit|players/humanlike/cognition.py::CognitiveState|players/humanlike/cognition.py::begin_new_round|players/humanlike/cognition.py::update_memory|players/humanlike/config.py::HumanlikeConfig|players/humanlike/config.py::_validate_global_parameters|players/humanlike/config.py::load_config|players/humanlike/plan.py::PlanSnapshot|players/humanlike/plan.py::choose_plan|players/humanlike/traceability.py::ParameterTrace|players/humanlike/traceability.py::_gp_consumer|players/humanlike/traceability.py::_rp_consumer|protocols/player_view_builder.py::PlayerViewBuilder|protocols/player_view_builder.py::build|protocols/player_view_builder.py::build_legacy_dict,tests/humanlike_v2/test_audit_replay.py::test_runner_audit_verifies_and_policy_replays|tests/humanlike_v2/test_audit_replay.py::test_tampering_and_truncation_are_detected|tests/humanlike_v2/test_audit_replay.py::test_writer_rejects_opponent_hand_leak_and_illegal_action|tests/humanlike_v2/test_audit_replay.py::test_writer_verifier_and_footer_contract|tests/humanlike_v2/test_cognition.py::test_bounded_noise_is_reproducible_and_stays_in_near_pool|tests/humanlike_v2/test_cognition.py::test_round_reset_keeps_only_bounded_public_impressions|tests/humanlike_v2/test_config.py::test_default_has_all_gp_profiles_and_stable_hash|tests/humanlike_v2/test_config.py::test_hash_ignores_json_format_and_key_order|tests/humanlike_v2/test_config.py::test_invalid_range_fails|tests/humanlike_v2/test_config.py::test_missing_gp_fails|tests/humanlike_v2/test_config.py::test_non_normalized_weights_fail|tests/humanlike_v2/test_config.py::test_unknown_version_fails|tests/humanlike_v2/test_player_view_v2.py::test_gp021_all_visibility_fields_have_hidden_partial_exact_contracts|tests/humanlike_v2/test_player_view_v2.py::test_gp021_wall_and_concealed_gang_visibility_modes|tests/humanlike_v2/test_player_view_v2.py::test_v2_whitelist_hides_opponents_wall_and_sentinel|tests/humanlike_v2/test_state_v5_migration.py::test_bad_legacy_state_fails_instead_of_guessing|tests/humanlike_v2/test_state_v5_migration.py::test_legacy_migration_is_deterministic_and_non_mutating|tests/test_exchange_dingque.py::test_human_face_exchange_resolves_to_physical_tiles|tests/test_exchange_dingque.py::test_t12_v1_dealt_readable|tests/test_reward.py::test_rw02_rank_bonus|tests/test_state_serde.py::test_strict_rejects_bad_hand_sizes|tests/test_state_serde.py::test_t08_dict_roundtrip|tests/test_state_serde.py::test_unsupported_schema_version,,AU-029 人类化决策规则：第 7—14 章 / 8.8 信息边界；AU-038 人类化决策规则：第 7—14 章 / 10.7–10.13 人类表现；AU-041 人类化决策规则：第 7—14 章 / 13. 玩家模型；AU-062 程序实现规范：第 0—10 章 / 3.8 Replay/Audit；AU-083 程序实现规范：第 11—19 章 / 12.2 AI 决策日志,03-unit-specs/audit_specs.md,STATE-009|STATE-006|ALGO-007,MEDIUM,B6-A,对照Locked规格逐字段核验候选实现，补齐缺失语义并建立直接、分支、集成、回放与性能证据,同一版本scope内：Locked规格无歧义；非占位生产实现覆盖主要语义并接入正确调用链；直接/分支/边界测试通过；运行证据含unit_id、scenario/game_id、输入摘要、参数版本、seed、中间结果、输出、调用位置和测试/回放引用；追踪闭环；性能达规格；AC-01～AC-14适用项全Passed且独立审计通过,存在复合旧实现候选，但未隔离为v3单元，schema/错误/参数/状态/审计绑定及生产trace未按锁定规格核验；缺少锁定单元的直接测试及四类验收证据；Task17状态保持不变；本表是计划分型，不是新验收
AUDIT-004,同配置/seed/事件的确定性回放,AUDIT,PARTIAL,PATH-SEMANTIC-COMPLETION,false,true,true,true,true,true,true,true,true,false,true,false,engine/physical_tile.py::PhysicalTile|engine/physical_tile.py::id|engine/session.py::GameSession|engine/session.py::apply|engine/session.py::play_random_game|engine/state.py::GameState|engine/state.py::PlayerState|engine/state.py::from_dict|players/base_player.py::BasePlayer|players/base_player.py::observe,tests/humanlike_v2/test_state_v5_migration.py::test_bad_legacy_state_fails_instead_of_guessing|tests/humanlike_v2/test_state_v5_migration.py::test_legacy_migration_is_deterministic_and_non_mutating|tests/test_blood_battle.py::test_b10_random_games_terminate|tests/test_blood_battle.py::test_b11_more_random|tests/test_blood_battle.py::test_session_wrapper|tests/test_exchange_dingque.py::test_human_face_exchange_resolves_to_physical_tiles|tests/test_exchange_dingque.py::test_t12_v1_dealt_readable|tests/test_reward.py::test_rw02_rank_bonus|tests/test_state_serde.py::test_strict_rejects_bad_hand_sizes|tests/test_state_serde.py::test_t08_dict_roundtrip|tests/test_state_serde.py::test_unsupported_schema_version,,AU-062 程序实现规范：第 0—10 章 / 3.8 Replay/Audit；AU-084 程序实现规范：第 11—19 章 / 12.3 确定性回放,03-unit-specs/audit_specs.md,AUDIT-003|ALGO-008|STATE-007,MEDIUM,B6-A,对照Locked规格逐字段核验候选实现，补齐缺失语义并建立直接、分支、集成、回放与性能证据,同一版本scope内：Locked规格无歧义；非占位生产实现覆盖主要语义并接入正确调用链；直接/分支/边界测试通过；运行证据含unit_id、scenario/game_id、输入摘要、参数版本、seed、中间结果、输出、调用位置和测试/回放引用；追踪闭环；性能达规格；AC-01～AC-14适用项全Passed且独立审计通过,存在复合旧实现候选，但未隔离为v3单元，schema/错误/参数/状态/审计绑定及生产trace未按锁定规格核验；缺少锁定单元的直接测试及四类验收证据；Task17状态保持不变；本表是计划分型，不是新验收
AUDIT-005,每事件强制不变量执行,AUDIT,PARTIAL,PATH-SEMANTIC-COMPLETION,false,true,true,true,true,true,true,true,true,false,true,false,engine/blood_battle.py::active_seats|engine/blood_battle.py::next_active|engine/legal.py::action_in_legal|engine/legal.py::legal_actions|engine/legal.py::legal_discards|engine/orchestrator.py::PlayerGameRunner|engine/orchestrator.py::_play_seat_action|engine/orchestrator.py::run|engine/session.py::GameSession|engine/session.py::apply|engine/session.py::play_random_game|players/humanlike/candidates.py::CandidateSet|players/humanlike/candidates.py::build_candidates|players/humanlike/candidates.py::stable_action_key|players/humanlike/view.py::DecisionContext|players/humanlike/view.py::build_decision_context|protocols/player_view_builder.py::PlayerViewBuilder|protocols/player_view_builder.py::build|protocols/player_view_builder.py::build_legacy_dict|protocols/player_view_v2.py::PlayerViewV2|protocols/player_view_v2.py::freeze_mapping|protocols/player_view_v2.py::thaw,tests/humanlike_v2/test_deterministic_policy.py::test_context_rejects_wrong_view_version_and_seat|tests/humanlike_v2/test_deterministic_policy.py::test_evaluation_is_repeatable_and_rng_free|tests/humanlike_v2/test_deterministic_policy.py::test_mandatory_hu_survives_candidate_cap|tests/humanlike_v2/test_deterministic_policy.py::test_stable_action_key_is_explicit|tests/humanlike_v2/test_humanlike_player_integration.py::test_humanlike_self_play_has_no_policy_crash_or_full_state_channel|tests/humanlike_v2/test_humanlike_player_integration.py::test_same_game_produces_same_decision_histories|tests/humanlike_v2/test_player_view_v2.py::test_gp021_all_visibility_fields_have_hidden_partial_exact_contracts|tests/humanlike_v2/test_player_view_v2.py::test_gp021_wall_and_concealed_gang_visibility_modes|tests/humanlike_v2/test_player_view_v2.py::test_v2_whitelist_hides_opponents_wall_and_sentinel|tests/test_analysis.py::test_an03_strategy_best_min_shanten|tests/test_blood_battle.py::test_b10_random_games_terminate|tests/test_blood_battle.py::test_b11_more_random|tests/test_blood_battle.py::test_session_wrapper|tests/test_session_scores.py::test_second_hand_starts_from_previous_totals|tests/test_session_scores.py::test_starting_scores_applied_at_run_start,,AU-053 程序实现规范：第 0—10 章 / 2. IR-001～018；AU-071 程序实现规范：第 0—10 章 / 7. 状态机/事件；AU-087 程序实现规范：第 11—19 章 / 14.1 每事件断言,03-unit-specs/audit_specs.md,STATE-004|ALGO-001|RULE-001|SCORE-001,HIGH,B6-A,对照Locked规格逐字段核验候选实现，补齐缺失语义并建立直接、分支、集成、回放与性能证据,同一版本scope内：Locked规格无歧义；非占位生产实现覆盖主要语义并接入正确调用链；直接/分支/边界测试通过；运行证据含unit_id、scenario/game_id、输入摘要、参数版本、seed、中间结果、输出、调用位置和测试/回放引用；追踪闭环；性能达规格；AC-01～AC-14适用项全Passed且独立审计通过,旧不变量未证明在每个原子事件边界统一执行；缺少锁定单元的直接测试及四类验收证据；Task17状态保持不变；本表是计划分型，不是新验收
AUDIT-006,直接规则与接口测试证据门禁,AUDIT,PARTIAL,PATH-SEMANTIC-COMPLETION,false,true,true,true,true,true,true,true,true,false,true,false,engine/exchange.py::resolve_exchange_direction|engine/exchange.py::resolve_exchange_tiles|engine/exchange.py::validate_exchange_tiles|engine/legal.py::legal_actions|engine/legal.py::legal_discards|engine/opening.py::begin_opening|engine/opening.py::submit_dingque|engine/opening.py::submit_exchange,tests/test_analysis.py::test_an03_strategy_best_min_shanten|tests/test_exchange_dingque.py::test_human_face_exchange_resolves_to_physical_tiles|tests/test_exchange_dingque.py::test_t02_auto_dice_mapping|tests/test_exchange_dingque.py::test_t03_full_exchange_to_dingque|tests/test_exchange_dingque.py::test_t04_multiset_transfer|tests/test_exchange_dingque.py::test_t05_illegal_exchange|tests/test_exchange_dingque.py::test_t06_overwrite_pending|tests/test_exchange_dingque.py::test_t07_fixed_clockwise,,AU-088 程序实现规范：第 11—19 章 / 14.2 单元测试清单,03-unit-specs/audit_specs.md,AUDIT-005,MEDIUM,B6-A,对照Locked规格逐字段核验候选实现，补齐缺失语义并建立直接、分支、集成、回放与性能证据,同一版本scope内：Locked规格无歧义；非占位生产实现覆盖主要语义并接入正确调用链；直接/分支/边界测试通过；运行证据含unit_id、scenario/game_id、输入摘要、参数版本、seed、中间结果、输出、调用位置和测试/回放引用；追踪闭环；性能达规格；AC-01～AC-14适用项全Passed且独立审计通过,存在复合旧实现候选，但未隔离为v3单元，schema/错误/参数/状态/审计绑定及生产trace未按锁定规格核验；缺少锁定单元的直接测试及四类验收证据；Task17状态保持不变；本表是计划分型，不是新验收
AUDIT-007,属性式生成、缩减与不变量证据,AUDIT,PARTIAL,PATH-SEMANTIC-COMPLETION,false,true,true,true,true,true,true,true,true,false,true,false,engine/legal.py::action_in_legal|engine/legal.py::legal_actions|engine/legal.py::legal_discards|players/humanlike/candidates.py::CandidateSet|players/humanlike/candidates.py::build_candidates|players/humanlike/candidates.py::stable_action_key|protocols/player_view_builder.py::PlayerViewBuilder|protocols/player_view_builder.py::build,tests/humanlike_v2/test_deterministic_policy.py::test_evaluation_is_repeatable_and_rng_free|tests/humanlike_v2/test_deterministic_policy.py::test_mandatory_hu_survives_candidate_cap|tests/humanlike_v2/test_deterministic_policy.py::test_stable_action_key_is_explicit|tests/humanlike_v2/test_player_view_v2.py::test_gp021_all_visibility_fields_have_hidden_partial_exact_contracts|tests/humanlike_v2/test_player_view_v2.py::test_gp021_wall_and_concealed_gang_visibility_modes|tests/humanlike_v2/test_player_view_v2.py::test_v2_whitelist_hides_opponents_wall_and_sentinel|tests/test_analysis.py::test_an03_strategy_best_min_shanten,,AU-089 程序实现规范：第 11—19 章 / 14.3 属性测试,03-unit-specs/audit_specs.md,AUDIT-005|ALGO-011,MEDIUM,B6-A,对照Locked规格逐字段核验候选实现，补齐缺失语义并建立直接、分支、集成、回放与性能证据,同一版本scope内：Locked规格无歧义；非占位生产实现覆盖主要语义并接入正确调用链；直接/分支/边界测试通过；运行证据含unit_id、scenario/game_id、输入摘要、参数版本、seed、中间结果、输出、调用位置和测试/回放引用；追踪闭环；性能达规格；AC-01～AC-14适用项全Passed且独立审计通过,存在复合旧实现候选，但未隔离为v3单元，schema/错误/参数/状态/审计绑定及生产trace未按锁定规格核验；缺少锁定单元的直接测试及四类验收证据；Task17状态保持不变；本表是计划分型，不是新验收
AUDIT-008,锁定来源逐章 golden-case 对照,AUDIT,PARTIAL,PATH-SEMANTIC-COMPLETION,false,true,true,true,true,true,true,true,true,false,true,false,players/humanlike/config.py::HumanlikeConfig|players/humanlike/config.py::_validate_global_parameters|players/humanlike/config.py::load_config|players/humanlike/runtime.py::RoundRuntime|players/humanlike/runtime.py::apply_event|players/humanlike/runtime.py::create_round|players/humanlike/traceability.py::ParameterTrace|players/humanlike/traceability.py::_gp_consumer|players/humanlike/traceability.py::_rp_consumer,tests/humanlike_v2/test_config.py::test_default_has_all_gp_profiles_and_stable_hash|tests/humanlike_v2/test_config.py::test_hash_ignores_json_format_and_key_order|tests/humanlike_v2/test_config.py::test_invalid_range_fails|tests/humanlike_v2/test_config.py::test_missing_gp_fails|tests/humanlike_v2/test_config.py::test_missing_player_cognitive_gp_fails|tests/humanlike_v2/test_config.py::test_non_normalized_weights_fail|tests/humanlike_v2/test_config.py::test_player_cognitive_parameters_are_independent|tests/humanlike_v2/test_config.py::test_unknown_version_fails|tests/humanlike_v2/test_runtime.py::test_event_decision_and_finalize_lifecycle|tests/humanlike_v2/test_runtime.py::test_unknown_rp_and_invalid_transition_fail,,AU-043 人类化决策规则：第 15—18 章与参数 / 15. 总体流程；AU-090 程序实现规范：第 11—19 章 / 14.4 章节对照测试,03-unit-specs/audit_specs.md,AUDIT-006|AUDIT-010,MEDIUM,B6-B,对照Locked规格逐字段核验候选实现，补齐缺失语义并建立直接、分支、集成、回放与性能证据,同一版本scope内：Locked规格无歧义；非占位生产实现覆盖主要语义并接入正确调用链；直接/分支/边界测试通过；运行证据含unit_id、scenario/game_id、输入摘要、参数版本、seed、中间结果、输出、调用位置和测试/回放引用；追踪闭环；性能达规格；AC-01～AC-14适用项全Passed且独立审计通过,存在复合旧实现候选，但未隔离为v3单元，schema/错误/参数/状态/审计绑定及生产trace未按锁定规格核验；缺少锁定单元的直接测试及四类验收证据；Task17状态保持不变；本表是计划分型，不是新验收
AUDIT-009,工程与行为回归指标,AUDIT,PARTIAL,PATH-SEMANTIC-COMPLETION,false,true,true,true,true,true,true,true,true,false,true,true,players/humanlike/view.py::DecisionContext|players/humanlike/view.py::build_decision_context|protocols/player_view_builder.py::PlayerViewBuilder|protocols/player_view_builder.py::build|protocols/player_view_builder.py::build_legacy_dict|protocols/player_view_v2.py::PlayerViewV2|protocols/player_view_v2.py::freeze_mapping|protocols/player_view_v2.py::thaw,tests/humanlike_v2/test_deterministic_policy.py::test_context_rejects_wrong_view_version_and_seat|tests/humanlike_v2/test_player_view_v2.py::test_gp021_all_visibility_fields_have_hidden_partial_exact_contracts|tests/humanlike_v2/test_player_view_v2.py::test_gp021_wall_and_concealed_gang_visibility_modes|tests/humanlike_v2/test_player_view_v2.py::test_v2_whitelist_hides_opponents_wall_and_sentinel,,AU-091 程序实现规范：第 11—19 章 / 14.5 回归指标,03-unit-specs/audit_specs.md,AUDIT-004|TRAIN-006,MEDIUM,B6-B,对照Locked规格逐字段核验候选实现，补齐缺失语义并建立直接、分支、集成、回放与性能证据,同一版本scope内：Locked规格无歧义；非占位生产实现覆盖主要语义并接入正确调用链；直接/分支/边界测试通过；运行证据含unit_id、scenario/game_id、输入摘要、参数版本、seed、中间结果、输出、调用位置和测试/回放引用；追踪闭环；性能达规格；AC-01～AC-14适用项全Passed且独立审计通过,存在复合旧实现候选，但未隔离为v3单元，schema/错误/参数/状态/审计绑定及生产trace未按锁定规格核验；缺少锁定单元的直接测试及四类验收证据；工程回归与行为回归指标的数据源、阈值和执行频率不同，建议拆为两个内部检查器；Task17状态保持不变；本表是计划分型，不是新验收
AUDIT-010,来源→参数→实现→测试全链追踪,AUDIT,PARTIAL,PATH-SEMANTIC-COMPLETION,false,true,true,true,true,true,true,false,true,false,true,false,players/humanlike/traceability.py::ParameterTrace|players/humanlike/traceability.py::_gp_consumer|players/humanlike/traceability.py::_rp_consumer,,,AU-092 程序实现规范：第 11—19 章 / 15. 源规则追踪,03-unit-specs/audit_specs.md,无,MEDIUM,B6-B,对照Locked规格逐字段核验候选实现，补齐缺失语义并建立直接、分支、集成、回放与性能证据,同一版本scope内：Locked规格无歧义；非占位生产实现覆盖主要语义并接入正确调用链；直接/分支/边界测试通过；运行证据含unit_id、scenario/game_id、输入摘要、参数版本、seed、中间结果、输出、调用位置和测试/回放引用；追踪闭环；性能达规格；AC-01～AC-14适用项全Passed且独立审计通过,存在复合旧实现候选，但未隔离为v3单元，schema/错误/参数/状态/审计绑定及生产trace未按锁定规格核验；未找到当前可验证测试；需新增单元、边界、集成与回放测试；Task17状态保持不变；本表是计划分型，不是新验收
AUDIT-011,版本、迁移与发布物完整性,AUDIT,PARTIAL,PATH-SEMANTIC-COMPLETION,false,true,true,true,true,true,true,false,true,false,true,false,engine/persistence.py::load_game|engine/persistence.py::save_game|players/humanlike/config.py::HumanlikeConfig|players/humanlike/config.py::_validate_global_parameters|players/humanlike/config.py::load_config|players/humanlike/traceability.py::ParameterTrace|players/humanlike/traceability.py::_gp_consumer|players/humanlike/traceability.py::_rp_consumer,tests/humanlike_v2/test_config.py::test_default_has_all_gp_profiles_and_stable_hash|tests/humanlike_v2/test_config.py::test_hash_ignores_json_format_and_key_order|tests/humanlike_v2/test_config.py::test_invalid_range_fails|tests/humanlike_v2/test_config.py::test_missing_gp_fails|tests/humanlike_v2/test_config.py::test_missing_player_cognitive_gp_fails|tests/humanlike_v2/test_config.py::test_non_normalized_weights_fail|tests/humanlike_v2/test_config.py::test_player_cognitive_parameters_are_independent|tests/humanlike_v2/test_config.py::test_unknown_version_fails,,AU-048 人类化决策规则：第 15—18 章与参数 / 18. 数值校验；AU-051 程序实现规范：第 0—10 章 / 0–1. 版本与源绑定；AU-095 程序实现规范：第 11—19 章 / 18. 版本/兼容,03-unit-specs/audit_specs.md,ALGO-009|STATE-007|AUDIT-006|AUDIT-010,MEDIUM,B6-B,对照Locked规格逐字段核验候选实现，补齐缺失语义并建立直接、分支、集成、回放与性能证据,同一版本scope内：Locked规格无歧义；非占位生产实现覆盖主要语义并接入正确调用链；直接/分支/边界测试通过；运行证据含unit_id、scenario/game_id、输入摘要、参数版本、seed、中间结果、输出、调用位置和测试/回放引用；追踪闭环；性能达规格；AC-01～AC-14适用项全Passed且独立审计通过,存在复合旧实现候选，但未隔离为v3单元，schema/错误/参数/状态/审计绑定及生产trace未按锁定规格核验；缺少锁定单元的直接测试及四类验收证据；Task17状态保持不变；本表是计划分型，不是新验收
AUDIT-012,强度、真人相似和学习效果外部评价,AUDIT,PARTIAL,PATH-EXTERNAL-DATA,false,true,true,true,true,true,true,true,true,true,true,false,players/humanlike/view.py::DecisionContext|players/humanlike/view.py::build_decision_context|protocols/player_view_builder.py::PlayerViewBuilder|protocols/player_view_builder.py::build|protocols/player_view_builder.py::build_legacy_dict|protocols/player_view_v2.py::PlayerViewV2|protocols/player_view_v2.py::freeze_mapping|protocols/player_view_v2.py::thaw,tests/humanlike_v2/test_deterministic_policy.py::test_context_rejects_wrong_view_version_and_seat|tests/humanlike_v2/test_player_view_v2.py::test_gp021_all_visibility_fields_have_hidden_partial_exact_contracts|tests/humanlike_v2/test_player_view_v2.py::test_gp021_wall_and_concealed_gang_visibility_modes|tests/humanlike_v2/test_player_view_v2.py::test_v2_whitelist_hides_opponents_wall_and_sentinel,,AU-091 程序实现规范：第 11—19 章 / 14.5 回归指标,03-unit-specs/audit_specs.md,AUDIT-009|AUDIT-014|MODEL-005,MEDIUM,B6-C,保持现有安全fallback/框架；建设隔离数据发布、训练/校准或外部评价证据，不阻断B1-B3,同一版本scope内：Locked规格无歧义；非占位生产实现覆盖主要语义并接入正确调用链；直接/分支/边界测试通过；运行证据含unit_id、scenario/game_id、输入摘要、参数版本、seed、中间结果、输出、调用位置和测试/回放引用；追踪闭环；性能达规格；AC-01～AC-14适用项全Passed且独立审计通过,存在复合旧实现候选，但未隔离为v3单元，schema/错误/参数/状态/审计绑定及生产trace未按锁定规格核验；缺少锁定单元的直接测试及四类验收证据；Task17状态保持不变；本表是计划分型，不是新验收
AUDIT-013,模块依赖、接口与信息流架构契约,AUDIT,PARTIAL,PATH-SEMANTIC-COMPLETION,false,true,true,true,true,true,true,false,true,false,true,false,engine/audit.py::DecisionAuditWriter|engine/audit.py::record_decision|engine/orchestrator.py::PlayerGameRunner|engine/orchestrator.py::_play_seat_action|engine/orchestrator.py::run|engine/shanten.py::shanten|engine/state.py::GameState|engine/state.py::PlayerState|engine/state.py::from_dict|engine/win_check.py::WinCheckResult|engine/win_check.py::WinForm|players/humanlike/hand_analyzer.py::HandFeatures|players/humanlike/hand_analyzer.py::analyze_action|players/humanlike/hand_analyzer.py::visible_hand|training/env.py::ChengduMahjongEnv|training/env.py::reset|training/env.py::step,tests/humanlike_v2/test_audit_replay.py::test_writer_rejects_opponent_hand_leak_and_illegal_action|tests/humanlike_v2/test_humanlike_player_integration.py::test_humanlike_self_play_has_no_policy_crash_or_full_state_channel|tests/humanlike_v2/test_humanlike_player_integration.py::test_same_game_produces_same_decision_histories|tests/humanlike_v2/test_state_v5_migration.py::test_bad_legacy_state_fails_instead_of_guessing|tests/humanlike_v2/test_state_v5_migration.py::test_legacy_migration_is_deterministic_and_non_mutating|tests/humanlike_v2/test_training_contract_v2.py::test_illegal_raise_preserves_state_and_terminate_penalizes|tests/humanlike_v2/test_training_contract_v2.py::test_v1_integer_semantics_remain_legal_list_index|tests/humanlike_v2/test_training_contract_v2.py::test_v2_fixed_index_and_shaping_off|tests/humanlike_v2/test_training_contract_v2.py::test_v2_observation_shapes_and_no_hidden_fields|tests/humanlike_v2/test_training_contract_v2.py::test_v2_shaping_is_separate_from_true_score|tests/test_env.py::test_e01_reset_returns_obs_with_legals|tests/test_env.py::test_e03_illegal_action_raises|tests/test_env.py::test_e04_same_game_id_dealt_hands|tests/test_exchange_dingque.py::test_t12_v1_dealt_readable|tests/test_reward.py::test_rw02_rank_bonus|tests/test_session_scores.py::test_second_hand_starts_from_previous_totals|tests/test_session_scores.py::test_starting_scores_applied_at_run_start|tests/test_shanten.py::test_s01_tenpai_shanten_0|tests/test_shanten.py::test_s02_winning_standard_shanten_neg1|tests/test_shanten.py::test_s03_seven_pairs_tenpai|tests/test_shanten.py::test_s04_dingque_raises_shanten|tests/test_win_fan.py::test_w01_standard_win|tests/test_win_fan.py::test_w02_seven_pairs,,AU-054 程序实现规范：第 0—10 章 / 3. 九模块架构；AU-085 程序实现规范：第 11—19 章 / 13.1–13.4 接口；AU-093 程序实现规范：第 11—19 章 / 16. 项目结构,03-unit-specs/audit_specs.md,RULE-016|ALGO-010|TRAIN-001,MEDIUM,B6-B,对照Locked规格逐字段核验候选实现，补齐缺失语义并建立直接、分支、集成、回放与性能证据,同一版本scope内：Locked规格无歧义；非占位生产实现覆盖主要语义并接入正确调用链；直接/分支/边界测试通过；运行证据含unit_id、scenario/game_id、输入摘要、参数版本、seed、中间结果、输出、调用位置和测试/回放引用；追踪闭环；性能达规格；AC-01～AC-14适用项全Passed且独立审计通过,存在复合旧实现候选，但未隔离为v3单元，schema/错误/参数/状态/审计绑定及生产trace未按锁定规格核验；缺少锁定单元的直接测试及四类验收证据；Task17状态保持不变；本表是计划分型，不是新验收
AUDIT-014,证据数据保留、脱敏与新鲜度管理,AUDIT,PARTIAL,PATH-SEMANTIC-COMPLETION,false,true,true,true,true,true,true,true,true,false,true,false,engine/audit.py::DecisionAuditWriter|engine/audit.py::record_decision|engine/audit.py::verify_audit|players/humanlike/audit_replay.py::replay_humanlike_audit,tests/humanlike_v2/test_audit_replay.py::test_runner_audit_verifies_and_policy_replays|tests/humanlike_v2/test_audit_replay.py::test_tampering_and_truncation_are_detected|tests/humanlike_v2/test_audit_replay.py::test_writer_rejects_opponent_hand_leak_and_illegal_action|tests/humanlike_v2/test_audit_replay.py::test_writer_verifier_and_footer_contract,,AU-083 程序实现规范：第 11—19 章 / 12.2 AI 决策日志,03-unit-specs/audit_specs.md,AUDIT-001|AUDIT-002,LOW,B6-B,对照Locked规格逐字段核验候选实现，补齐缺失语义并建立直接、分支、集成、回放与性能证据,同一版本scope内：Locked规格无歧义；非占位生产实现覆盖主要语义并接入正确调用链；直接/分支/边界测试通过；运行证据含unit_id、scenario/game_id、输入摘要、参数版本、seed、中间结果、输出、调用位置和测试/回放引用；追踪闭环；性能达规格；AC-01～AC-14适用项全Passed且独立审计通过,存在复合旧实现候选，但未隔离为v3单元，schema/错误/参数/状态/审计绑定及生产trace未按锁定规格核验；缺少锁定单元的直接测试及四类验收证据；Task17状态保持不变；本表是计划分型，不是新验收
