unit_id,unit_name,unit_type,priority,m0_classification,responsible_role,risk_tags,target_file,target_exists,existing_files,verified_symbols,verified_production_callers,legacy_test_files,legacy_test_cases,planned_v3_test,planned_v3_test_exists,planned_vector,planned_vector_exists,formal_evidence_level,e2_status,implementation_assessment,key_gap,blocker,legacy_rows
RULE-001,规则、参数、不变量与合法性裁决优先级,确定规则,P0,ADAPT,engine/rules,RULE_DELTA,engine/rules/rule_001.py,false,configs/humanlike_v2/default.json|engine/blood_battle.py|engine/exchange.py|engine/legal.py|engine/orchestrator.py|engine/rules.py|engine/session.py|players/humanlike/candidates.py|players/humanlike/config.py|players/humanlike/traceability.py|players/humanlike/view.py|protocols/player_view_builder.py|protocols/player_view_v2.py|training/oracle.py,engine/blood_battle.py::active_seats|engine/blood_battle.py::next_active|engine/legal.py::action_in_legal|engine/legal.py::legal_actions|engine/legal.py::legal_discards|players/humanlike/candidates.py::CandidateSet|players/humanlike/candidates.py::build_candidates|players/humanlike/candidates.py::stable_action_key|players/humanlike/config.py::HumanlikeConfig|players/humanlike/config.py::_validate_global_parameters|players/humanlike/config.py::load_config|players/humanlike/traceability.py::ParameterTrace|players/humanlike/traceability.py::_gp_consumer|players/humanlike/traceability.py::_rp_consumer|protocols/player_view_builder.py::PlayerViewBuilder|protocols/player_view_builder.py::build,engine/blood_battle.py::action_in_legal|engine/legal.py::legal_discards|engine/orchestrator.py::action_in_legal|players/humanlike/attention.py::stable_action_key|players/humanlike/config.py::HumanlikeConfig|players/humanlike/config.py::_validate_global_parameters|players/humanlike/player.py::build_candidates|players/humanlike/player.py::load_config|players/humanlike/settings_service.py::load_config|players/humanlike/traceability.py::ParameterTrace|players/humanlike/traceability.py::_gp_consumer|training/env.py::action_in_legal,tests/humanlike_v2/test_config.py|tests/humanlike_v2/test_deterministic_policy.py|tests/humanlike_v2/test_player_view_v2.py|tests/test_analysis.py,tests/humanlike_v2/test_config.py::test_default_has_all_gp_profiles_and_stable_hash|tests/humanlike_v2/test_config.py::test_hash_ignores_json_format_and_key_order|tests/humanlike_v2/test_config.py::test_invalid_range_fails|tests/humanlike_v2/test_config.py::test_missing_gp_fails|tests/humanlike_v2/test_config.py::test_missing_player_cognitive_gp_fails|tests/humanlike_v2/test_config.py::test_non_normalized_weights_fail|tests/humanlike_v2/test_config.py::test_player_cognitive_parameters_are_independent|tests/humanlike_v2/test_config.py::test_unknown_version_fails|tests/humanlike_v2/test_deterministic_policy.py::test_evaluation_is_repeatable_and_rng_free|tests/humanlike_v2/test_deterministic_policy.py::test_mandatory_hu_survives_candidate_cap|tests/humanlike_v2/test_deterministic_policy.py::test_stable_action_key_is_explicit|tests/humanlike_v2/test_player_view_v2.py::test_gp021_all_visibility_fields_have_hidden_partial_exact_contracts|tests/humanlike_v2/test_player_view_v2.py::test_gp021_wall_and_concealed_gang_visibility_modes|tests/humanlike_v2/test_player_view_v2.py::test_v2_whitelist_hides_opponents_wall_and_sentinel|tests/test_analysis.py::test_an03_strategy_best_min_shanten,tests/spec_v3/test_rule_001.py,false,tests/spec_v3/vectors/rule_001.jsonl,false,E1,Not Evaluated,PARTIAL_CANDIDATE,存在复合旧实现候选，但未隔离为v3单元，schema/错误/参数/状态/审计绑定及生产trace未按锁定规格核验,无规格歧义；按锁定DAG实施,AU-001|AU-031|AU-052
RULE-002,换三张同花色、方向与提交合法性,确定规则,P0,ADAPT,engine/rules,RULE_DELTA,engine/rules/rule_002.py,false,engine/blood_battle.py|engine/exchange.py|engine/legal.py|engine/opening.py|engine/rules.py,engine/blood_battle.py::active_seats|engine/blood_battle.py::apply_action|engine/blood_battle.py::next_active|engine/exchange.py::resolve_exchange_direction|engine/exchange.py::resolve_exchange_tiles|engine/exchange.py::validate_exchange_tiles|engine/legal.py::action_in_legal|engine/legal.py::legal_actions|engine/legal.py::legal_discards|engine/opening.py::begin_opening|engine/opening.py::submit_dingque|engine/opening.py::submit_exchange,engine/blood_battle.py::active_seats|engine/blood_battle.py::next_active|engine/exchange.py::validate_exchange_tiles|engine/legal.py::legal_discards|engine/opening.py::resolve_exchange_direction|engine/opening.py::resolve_exchange_tiles|engine/opening.py::validate_exchange_tiles|engine/orchestrator.py::next_active|engine/orchestrator.py::validate_exchange_tiles|engine/session.py::apply_action|training/env.py::next_active|training/env.py::validate_exchange_tiles,tests/test_analysis.py|tests/test_blood_battle.py|tests/test_exchange_dingque.py|tests/test_legal_actions.py,tests/test_analysis.py::test_an03_strategy_best_min_shanten|tests/test_blood_battle.py::test_b02_discard_pass_cycle|tests/test_blood_battle.py::test_blood_battle_continues_after_first_hu|tests/test_blood_battle.py::test_force_complete_response_unblocks|tests/test_blood_battle.py::test_illegal_action|tests/test_exchange_dingque.py::test_human_face_exchange_resolves_to_physical_tiles|tests/test_exchange_dingque.py::test_t02_auto_dice_mapping|tests/test_exchange_dingque.py::test_t03_full_exchange_to_dingque|tests/test_exchange_dingque.py::test_t04_multiset_transfer|tests/test_exchange_dingque.py::test_t05_illegal_exchange|tests/test_exchange_dingque.py::test_t06_overwrite_pending|tests/test_exchange_dingque.py::test_t07_fixed_clockwise|tests/test_exchange_dingque.py::test_t09_dingque_overwrite|tests/test_legal_actions.py::test_response_has_pass,tests/spec_v3/test_rule_002.py,false,tests/spec_v3/vectors/rule_002.jsonl,false,E1,Not Evaluated,PARTIAL_CANDIDATE,存在复合旧实现候选，但未隔离为v3单元，schema/错误/参数/状态/审计绑定及生产trace未按锁定规格核验,无规格歧义；按锁定DAG实施,AU-010|AU-056
RULE-003,定缺未清时的强制出牌约束,确定规则,P0,ADAPT,engine/rules,RULE_DELTA,engine/rules/rule_003.py,false,engine/blood_battle.py|engine/exchange.py|engine/legal.py|engine/opening.py|engine/orchestrator.py|engine/rules.py|engine/score.py|engine/session.py|engine/win_check.py|players/humanlike/candidates.py|players/humanlike/evaluator.py|players/humanlike/view.py|protocols/player_view_builder.py|protocols/player_view_v2.py|training/oracle.py,engine/blood_battle.py::active_seats|engine/blood_battle.py::apply_action|engine/blood_battle.py::next_active|engine/legal.py::action_in_legal|engine/legal.py::legal_actions|engine/legal.py::legal_discards|engine/opening.py::begin_opening|engine/opening.py::submit_exchange|engine/win_check.py::WinCheckResult|engine/win_check.py::WinForm|players/humanlike/candidates.py::CandidateSet|players/humanlike/candidates.py::build_candidates|players/humanlike/candidates.py::stable_action_key|protocols/player_view_builder.py::PlayerViewBuilder|protocols/player_view_builder.py::build,engine/blood_battle.py::action_in_legal|engine/blood_battle.py::active_seats|engine/blood_battle.py::next_active|engine/legal.py::legal_discards|engine/orchestrator.py::action_in_legal|engine/orchestrator.py::next_active|engine/session.py::apply_action|engine/win_check.py::WinCheckResult|players/humanlike/attention.py::stable_action_key|players/humanlike/player.py::build_candidates|training/env.py::action_in_legal|training/env.py::next_active,tests/humanlike_v2/test_deterministic_policy.py|tests/humanlike_v2/test_player_view_v2.py|tests/test_analysis.py|tests/test_blood_battle.py|tests/test_exchange_dingque.py|tests/test_legal_actions.py|tests/test_win_fan.py,tests/humanlike_v2/test_deterministic_policy.py::test_evaluation_is_repeatable_and_rng_free|tests/humanlike_v2/test_deterministic_policy.py::test_mandatory_hu_survives_candidate_cap|tests/humanlike_v2/test_deterministic_policy.py::test_stable_action_key_is_explicit|tests/humanlike_v2/test_player_view_v2.py::test_gp021_all_visibility_fields_have_hidden_partial_exact_contracts|tests/humanlike_v2/test_player_view_v2.py::test_gp021_wall_and_concealed_gang_visibility_modes|tests/humanlike_v2/test_player_view_v2.py::test_v2_whitelist_hides_opponents_wall_and_sentinel|tests/test_analysis.py::test_an03_strategy_best_min_shanten|tests/test_blood_battle.py::test_b02_discard_pass_cycle|tests/test_blood_battle.py::test_blood_battle_continues_after_first_hu|tests/test_blood_battle.py::test_force_complete_response_unblocks|tests/test_blood_battle.py::test_illegal_action|tests/test_exchange_dingque.py::test_human_face_exchange_resolves_to_physical_tiles|tests/test_exchange_dingque.py::test_t03_full_exchange_to_dingque|tests/test_exchange_dingque.py::test_t04_multiset_transfer|tests/test_exchange_dingque.py::test_t05_illegal_exchange|tests/test_legal_actions.py::test_response_has_pass|tests/test_win_fan.py::test_w01_standard_win|tests/test_win_fan.py::test_w02_seven_pairs,tests/spec_v3/test_rule_003.py,false,tests/spec_v3/vectors/rule_003.jsonl,false,E1,Not Evaluated,PARTIAL_CANDIDATE,存在复合旧实现候选，但未隔离为v3单元，schema/错误/参数/状态/审计绑定及生产trace未按锁定规格核验,无规格歧义；按锁定DAG实施,AU-013|AU-056|AU-072|AU-087
RULE-004,定缺、死叫与胡牌资格约束,确定规则,P0,ADAPT,engine/rules,RULE_DELTA,engine/rules/rule_004.py,false,engine/blood_battle.py|engine/exchange.py|engine/legal.py|engine/opening.py|engine/orchestrator.py|engine/rules.py|engine/score.py|engine/session.py|engine/win_check.py|players/humanlike/candidates.py|players/humanlike/evaluator.py|players/humanlike/view.py|protocols/player_view_builder.py|protocols/player_view_v2.py|training/oracle.py,engine/blood_battle.py::active_seats|engine/blood_battle.py::apply_action|engine/blood_battle.py::next_active|engine/legal.py::action_in_legal|engine/legal.py::legal_actions|engine/legal.py::legal_discards|engine/opening.py::begin_opening|engine/opening.py::submit_exchange|engine/win_check.py::WinCheckResult|engine/win_check.py::WinForm|players/humanlike/candidates.py::CandidateSet|players/humanlike/candidates.py::build_candidates|players/humanlike/candidates.py::stable_action_key|protocols/player_view_builder.py::PlayerViewBuilder|protocols/player_view_builder.py::build,engine/blood_battle.py::action_in_legal|engine/blood_battle.py::active_seats|engine/blood_battle.py::next_active|engine/legal.py::legal_discards|engine/orchestrator.py::action_in_legal|engine/orchestrator.py::next_active|engine/session.py::apply_action|engine/win_check.py::WinCheckResult|players/humanlike/attention.py::stable_action_key|players/humanlike/player.py::build_candidates|training/env.py::action_in_legal|training/env.py::next_active,tests/humanlike_v2/test_deterministic_policy.py|tests/humanlike_v2/test_player_view_v2.py|tests/test_analysis.py|tests/test_blood_battle.py|tests/test_exchange_dingque.py|tests/test_legal_actions.py|tests/test_win_fan.py,tests/humanlike_v2/test_deterministic_policy.py::test_evaluation_is_repeatable_and_rng_free|tests/humanlike_v2/test_deterministic_policy.py::test_mandatory_hu_survives_candidate_cap|tests/humanlike_v2/test_deterministic_policy.py::test_stable_action_key_is_explicit|tests/humanlike_v2/test_player_view_v2.py::test_gp021_all_visibility_fields_have_hidden_partial_exact_contracts|tests/humanlike_v2/test_player_view_v2.py::test_gp021_wall_and_concealed_gang_visibility_modes|tests/humanlike_v2/test_player_view_v2.py::test_v2_whitelist_hides_opponents_wall_and_sentinel|tests/test_analysis.py::test_an03_strategy_best_min_shanten|tests/test_blood_battle.py::test_b02_discard_pass_cycle|tests/test_blood_battle.py::test_blood_battle_continues_after_first_hu|tests/test_blood_battle.py::test_force_complete_response_unblocks|tests/test_blood_battle.py::test_illegal_action|tests/test_exchange_dingque.py::test_human_face_exchange_resolves_to_physical_tiles|tests/test_exchange_dingque.py::test_t03_full_exchange_to_dingque|tests/test_exchange_dingque.py::test_t04_multiset_transfer|tests/test_exchange_dingque.py::test_t05_illegal_exchange|tests/test_legal_actions.py::test_response_has_pass|tests/test_win_fan.py::test_w01_standard_win|tests/test_win_fan.py::test_w02_seven_pairs,tests/spec_v3/test_rule_004.py,false,tests/spec_v3/vectors/rule_004.jsonl,false,E1,Not Evaluated,PARTIAL_CANDIDATE,存在复合旧实现候选，但未隔离为v3单元，schema/错误/参数/状态/审计绑定及生产trace未按锁定规格核验,无规格歧义；按锁定DAG实施,AU-013|AU-056|AU-072|AU-087
RULE-005,座位、庄家与活动顺序,确定规则,P0,ADAPT,engine/rules,RULE_DELTA,engine/rules/rule_005.py,false,engine/blood_battle.py|engine/deal.py|engine/dice.py|engine/exchange.py|engine/game_id.py|engine/legal.py|engine/orchestrator.py|engine/rules.py|engine/score.py|engine/session.py|players/humanlike/candidates.py|players/humanlike/view.py|protocols/player_view_builder.py|protocols/player_view_v2.py|training/oracle.py,engine/blood_battle.py::active_seats|engine/blood_battle.py::apply_action|engine/blood_battle.py::next_active|engine/deal.py::create_dealt_game|engine/dice.py::DiceResult|engine/dice.py::to_dict|engine/game_id.py::DerivedSeeds|engine/game_id.py::normalize_game_id|engine/legal.py::action_in_legal|engine/legal.py::legal_actions|engine/legal.py::legal_discards|engine/orchestrator.py::PlayerGameRunner|engine/orchestrator.py::run|engine/session.py::GameSession|engine/session.py::apply|engine/session.py::play_random_game|players/humanlike/candidates.py::CandidateSet|players/humanlike/candidates.py::build_candidates|players/humanlike/candidates.py::stable_action_key|protocols/player_view_builder.py::PlayerViewBuilder|protocols/player_view_builder.py::build,engine/blood_battle.py::action_in_legal|engine/blood_battle.py::active_seats|engine/blood_battle.py::next_active|engine/deal.py::normalize_game_id|engine/dice.py::DiceResult|engine/game_id.py::DerivedSeeds|engine/legal.py::legal_discards|engine/orchestrator.py::action_in_legal|engine/orchestrator.py::create_dealt_game|engine/orchestrator.py::next_active|engine/session.py::apply_action|engine/session.py::create_dealt_game|main.py::GameSession|players/humanlike/attention.py::stable_action_key|players/humanlike/player.py::build_candidates|training/env.py::action_in_legal|training/env.py::create_dealt_game|training/env.py::next_active,tests/humanlike_v2/test_audit_replay.py|tests/humanlike_v2/test_cognition.py|tests/humanlike_v2/test_deterministic_policy.py|tests/humanlike_v2/test_humanlike_player_integration.py|tests/humanlike_v2/test_player_view_v2.py|tests/test_analysis.py|tests/test_blood_battle.py|tests/test_legal_actions.py,tests/humanlike_v2/test_audit_replay.py::test_writer_rejects_opponent_hand_leak_and_illegal_action|tests/humanlike_v2/test_cognition.py::test_player_emits_trace_v2_and_cognitive_rp_slots|tests/humanlike_v2/test_deterministic_policy.py::test_context_rejects_wrong_view_version_and_seat|tests/humanlike_v2/test_deterministic_policy.py::test_evaluation_is_repeatable_and_rng_free|tests/humanlike_v2/test_deterministic_policy.py::test_hidden_opponent_hands_cannot_change_decision|tests/humanlike_v2/test_deterministic_policy.py::test_mandatory_hu_survives_candidate_cap|tests/humanlike_v2/test_deterministic_policy.py::test_player_dingque_and_trace_are_deterministic|tests/humanlike_v2/test_deterministic_policy.py::test_stable_action_key_is_explicit|tests/humanlike_v2/test_humanlike_player_integration.py::test_humanlike_self_play_has_no_policy_crash_or_full_state_channel|tests/humanlike_v2/test_humanlike_player_integration.py::test_same_game_produces_same_decision_histories|tests/humanlike_v2/test_player_view_v2.py::test_gp021_all_visibility_fields_have_hidden_partial_exact_contracts|tests/humanlike_v2/test_player_view_v2.py::test_gp021_wall_and_concealed_gang_visibility_modes|tests/humanlike_v2/test_player_view_v2.py::test_v2_whitelist_hides_opponents_wall_and_sentinel|tests/test_analysis.py::test_an03_strategy_best_min_shanten|tests/test_blood_battle.py::test_b02_discard_pass_cycle|tests/test_blood_battle.py::test_b10_random_games_terminate|tests/test_blood_battle.py::test_b11_more_random|tests/test_blood_battle.py::test_blood_battle_continues_after_first_hu|tests/test_blood_battle.py::test_force_complete_response_unblocks|tests/test_blood_battle.py::test_illegal_action|tests/test_legal_actions.py::test_response_has_pass,tests/spec_v3/test_rule_005.py,false,tests/spec_v3/vectors/rule_005.jsonl,false,E1,Not Evaluated,PARTIAL_CANDIDATE,存在复合旧实现候选，但未隔离为v3单元，schema/错误/参数/状态/审计绑定及生产trace未按锁定规格核验,无规格歧义；按锁定DAG实施,AU-006|AU-056|AU-065|AU-087
RULE-006,摸牌、可选响应与出牌标准顺序,确定规则,P0,ADAPT,engine/rules,RULE_DELTA,engine/rules/rule_006.py,false,engine/blood_battle.py|engine/exchange.py|engine/legal.py|engine/orchestrator.py|engine/rules.py|players/humanlike/player.py,engine/blood_battle.py::active_seats|engine/blood_battle.py::apply_action|engine/blood_battle.py::next_active|engine/legal.py::action_in_legal|engine/legal.py::legal_actions|engine/legal.py::legal_discards|engine/orchestrator.py::PlayerGameRunner|engine/orchestrator.py::_play_seat_action|engine/orchestrator.py::run|players/humanlike/player.py::HumanlikeV2Player|players/humanlike/player.py::decide|players/humanlike/player.py::observe,display/app.py::PlayerGameRunner|engine/blood_battle.py::active_seats|engine/blood_battle.py::next_active|engine/legal.py::legal_discards|engine/orchestrator.py::PlayerGameRunner|engine/orchestrator.py::_play_seat_action|engine/orchestrator.py::next_active|engine/session.py::apply_action|main.py::PlayerGameRunner|main.py::_play_seat_action|players/humanlike/audit_replay.py::HumanlikeV2Player|training/env.py::next_active,tests/humanlike_v2/test_cognition.py|tests/humanlike_v2/test_deterministic_policy.py|tests/humanlike_v2/test_humanlike_player_integration.py|tests/test_analysis.py|tests/test_blood_battle.py|tests/test_legal_actions.py|tests/test_session_scores.py,tests/humanlike_v2/test_cognition.py::test_player_emits_trace_v2_and_cognitive_rp_slots|tests/humanlike_v2/test_deterministic_policy.py::test_hidden_opponent_hands_cannot_change_decision|tests/humanlike_v2/test_deterministic_policy.py::test_player_dingque_and_trace_are_deterministic|tests/humanlike_v2/test_humanlike_player_integration.py::test_humanlike_self_play_has_no_policy_crash_or_full_state_channel|tests/humanlike_v2/test_humanlike_player_integration.py::test_registry_exposes_humanlike_without_changing_old_defaults|tests/humanlike_v2/test_humanlike_player_integration.py::test_same_game_produces_same_decision_histories|tests/test_analysis.py::test_an03_strategy_best_min_shanten|tests/test_blood_battle.py::test_b02_discard_pass_cycle|tests/test_blood_battle.py::test_blood_battle_continues_after_first_hu|tests/test_blood_battle.py::test_force_complete_response_unblocks|tests/test_blood_battle.py::test_illegal_action|tests/test_legal_actions.py::test_response_has_pass|tests/test_session_scores.py::test_second_hand_starts_from_previous_totals|tests/test_session_scores.py::test_starting_scores_applied_at_run_start,tests/spec_v3/test_rule_006.py,false,tests/spec_v3/vectors/rule_006.jsonl,false,E1,Not Evaluated,PARTIAL_CANDIDATE,存在复合旧实现候选，但未隔离为v3单元，schema/错误/参数/状态/审计绑定及生产trace未按锁定规格核验,无规格歧义；按锁定DAG实施,AU-035|AU-056
RULE-007,碰牌资格、执行与后续出牌,确定规则,P0,ADAPT,engine/rules,RULE_DELTA,engine/rules/rule_007.py,false,configs/humanlike_v2/default.json|engine/blood_battle.py|engine/exchange.py|engine/legal.py|engine/opening.py|engine/orchestrator.py|engine/rules.py|engine/session.py|engine/shanten.py|players/humanlike/candidates.py|players/humanlike/config.py|players/humanlike/evaluator.py|players/humanlike/hand_analyzer.py|players/humanlike/traceability.py,engine/blood_battle.py::active_seats|engine/blood_battle.py::apply_action|engine/blood_battle.py::next_active|engine/legal.py::action_in_legal|engine/legal.py::legal_actions|engine/legal.py::legal_discards|engine/opening.py::begin_opening|engine/opening.py::submit_exchange|players/humanlike/candidates.py::CandidateSet|players/humanlike/candidates.py::build_candidates|players/humanlike/candidates.py::stable_action_key|players/humanlike/config.py::HumanlikeConfig|players/humanlike/config.py::load_config,engine/blood_battle.py::action_in_legal|engine/blood_battle.py::active_seats|engine/blood_battle.py::next_active|engine/legal.py::legal_discards|engine/orchestrator.py::action_in_legal|engine/orchestrator.py::next_active|engine/session.py::apply_action|players/humanlike/attention.py::stable_action_key|players/humanlike/player.py::build_candidates|training/env.py::action_in_legal|training/env.py::next_active,tests/humanlike_v2/test_config.py|tests/humanlike_v2/test_deterministic_policy.py|tests/test_analysis.py|tests/test_blood_battle.py|tests/test_exchange_dingque.py|tests/test_legal_actions.py,tests/humanlike_v2/test_config.py::test_default_has_all_gp_profiles_and_stable_hash|tests/humanlike_v2/test_config.py::test_hash_ignores_json_format_and_key_order|tests/humanlike_v2/test_config.py::test_invalid_range_fails|tests/humanlike_v2/test_config.py::test_missing_gp_fails|tests/humanlike_v2/test_config.py::test_missing_player_cognitive_gp_fails|tests/humanlike_v2/test_config.py::test_non_normalized_weights_fail|tests/humanlike_v2/test_config.py::test_player_cognitive_parameters_are_independent|tests/humanlike_v2/test_config.py::test_unknown_version_fails|tests/humanlike_v2/test_deterministic_policy.py::test_evaluation_is_repeatable_and_rng_free|tests/humanlike_v2/test_deterministic_policy.py::test_mandatory_hu_survives_candidate_cap|tests/humanlike_v2/test_deterministic_policy.py::test_stable_action_key_is_explicit|tests/test_analysis.py::test_an03_strategy_best_min_shanten|tests/test_blood_battle.py::test_b02_discard_pass_cycle|tests/test_blood_battle.py::test_blood_battle_continues_after_first_hu|tests/test_blood_battle.py::test_force_complete_response_unblocks|tests/test_blood_battle.py::test_illegal_action|tests/test_exchange_dingque.py::test_human_face_exchange_resolves_to_physical_tiles|tests/test_exchange_dingque.py::test_t03_full_exchange_to_dingque|tests/test_exchange_dingque.py::test_t04_multiset_transfer|tests/test_exchange_dingque.py::test_t05_illegal_exchange|tests/test_legal_actions.py::test_response_has_pass,tests/spec_v3/test_rule_007.py,false,tests/spec_v3/vectors/rule_007.jsonl,false,E1,Not Evaluated,PARTIAL_CANDIDATE,存在复合旧实现候选，但未隔离为v3单元，schema/错误/参数/状态/审计绑定及生产trace未按锁定规格核验,无规格歧义；按锁定DAG实施,AU-034|AU-056|AU-072
RULE-008,明杠、暗杠与补杠资格及执行,确定规则,P0,ADAPT,engine/rules,RULE_DELTA,engine/rules/rule_008.py,false,engine/blood_battle.py|engine/exchange.py|engine/legal.py|engine/opening.py|engine/orchestrator.py|engine/rules.py|engine/session.py|players/analysis/danger.py|players/analysis/opponent_model.py|players/humanlike/belief.py|players/humanlike/candidates.py|players/humanlike/evaluator.py,engine/blood_battle.py::active_seats|engine/blood_battle.py::apply_action|engine/blood_battle.py::next_active|engine/legal.py::action_in_legal|engine/legal.py::legal_actions|engine/legal.py::legal_discards|engine/opening.py::begin_opening|engine/opening.py::submit_exchange|players/humanlike/belief.py::PublicBelief|players/humanlike/belief.py::build_public_belief|players/humanlike/candidates.py::CandidateSet|players/humanlike/candidates.py::build_candidates|players/humanlike/candidates.py::stable_action_key,engine/blood_battle.py::action_in_legal|engine/blood_battle.py::active_seats|engine/blood_battle.py::next_active|engine/legal.py::legal_discards|engine/orchestrator.py::action_in_legal|engine/orchestrator.py::next_active|engine/session.py::apply_action|players/humanlike/attention.py::stable_action_key|players/humanlike/player.py::build_candidates|training/env.py::action_in_legal|training/env.py::next_active,tests/humanlike_v2/test_deterministic_policy.py|tests/test_analysis.py|tests/test_blood_battle.py|tests/test_exchange_dingque.py|tests/test_legal_actions.py,tests/humanlike_v2/test_deterministic_policy.py::test_evaluation_is_repeatable_and_rng_free|tests/humanlike_v2/test_deterministic_policy.py::test_mandatory_hu_survives_candidate_cap|tests/humanlike_v2/test_deterministic_policy.py::test_public_belief_uses_only_visible_counts|tests/humanlike_v2/test_deterministic_policy.py::test_stable_action_key_is_explicit|tests/test_analysis.py::test_an03_strategy_best_min_shanten|tests/test_blood_battle.py::test_b02_discard_pass_cycle|tests/test_blood_battle.py::test_blood_battle_continues_after_first_hu|tests/test_blood_battle.py::test_force_complete_response_unblocks|tests/test_blood_battle.py::test_illegal_action|tests/test_exchange_dingque.py::test_human_face_exchange_resolves_to_physical_tiles|tests/test_exchange_dingque.py::test_t03_full_exchange_to_dingque|tests/test_exchange_dingque.py::test_t04_multiset_transfer|tests/test_exchange_dingque.py::test_t05_illegal_exchange|tests/test_legal_actions.py::test_response_has_pass,tests/spec_v3/test_rule_008.py,false,tests/spec_v3/vectors/rule_008.jsonl,false,E1,Not Evaluated,PARTIAL_CANDIDATE,存在复合旧实现候选，但未隔离为v3单元，schema/错误/参数/状态/审计绑定及生产trace未按锁定规格核验,无规格歧义；按锁定DAG实施,AU-033|AU-056|AU-072
RULE-009,补杠抢杠胡窗口与解析,确定规则,P0,ADAPT,engine/rules,RULE_DELTA,engine/rules/rule_009.py,false,engine/blood_battle.py|engine/exchange.py|engine/legal.py|engine/opening.py|engine/orchestrator.py|engine/rules.py|engine/session.py|players/analysis/danger.py|players/analysis/opponent_model.py|players/humanlike/belief.py|players/humanlike/candidates.py|players/humanlike/evaluator.py,engine/blood_battle.py::active_seats|engine/blood_battle.py::apply_action|engine/blood_battle.py::next_active|engine/legal.py::action_in_legal|engine/legal.py::legal_actions|engine/legal.py::legal_discards|engine/opening.py::begin_opening|engine/opening.py::submit_exchange|players/humanlike/belief.py::PublicBelief|players/humanlike/belief.py::build_public_belief|players/humanlike/candidates.py::CandidateSet|players/humanlike/candidates.py::build_candidates|players/humanlike/candidates.py::stable_action_key,engine/blood_battle.py::action_in_legal|engine/blood_battle.py::active_seats|engine/blood_battle.py::next_active|engine/legal.py::legal_discards|engine/orchestrator.py::action_in_legal|engine/orchestrator.py::next_active|engine/session.py::apply_action|players/humanlike/attention.py::stable_action_key|players/humanlike/player.py::build_candidates|training/env.py::action_in_legal|training/env.py::next_active,tests/humanlike_v2/test_deterministic_policy.py|tests/test_analysis.py|tests/test_blood_battle.py|tests/test_exchange_dingque.py|tests/test_legal_actions.py,tests/humanlike_v2/test_deterministic_policy.py::test_evaluation_is_repeatable_and_rng_free|tests/humanlike_v2/test_deterministic_policy.py::test_mandatory_hu_survives_candidate_cap|tests/humanlike_v2/test_deterministic_policy.py::test_public_belief_uses_only_visible_counts|tests/humanlike_v2/test_deterministic_policy.py::test_stable_action_key_is_explicit|tests/test_analysis.py::test_an03_strategy_best_min_shanten|tests/test_blood_battle.py::test_b02_discard_pass_cycle|tests/test_blood_battle.py::test_blood_battle_continues_after_first_hu|tests/test_blood_battle.py::test_force_complete_response_unblocks|tests/test_blood_battle.py::test_illegal_action|tests/test_exchange_dingque.py::test_human_face_exchange_resolves_to_physical_tiles|tests/test_exchange_dingque.py::test_t03_full_exchange_to_dingque|tests/test_exchange_dingque.py::test_t04_multiset_transfer|tests/test_exchange_dingque.py::test_t05_illegal_exchange|tests/test_legal_actions.py::test_response_has_pass,tests/spec_v3/test_rule_009.py,false,tests/spec_v3/vectors/rule_009.jsonl,false,E1,Not Evaluated,PARTIAL_CANDIDATE,存在复合旧实现候选，但未隔离为v3单元，schema/错误/参数/状态/审计绑定及生产trace未按锁定规格核验,无规格歧义；按锁定DAG实施,AU-033|AU-056|AU-072
RULE-010,自摸、点炮与抢杠胡资格,确定规则,P0,ADAPT,engine/rules,RULE_DELTA,engine/rules/rule_010.py,false,engine/blood_battle.py|engine/exchange.py|engine/legal.py|engine/opening.py|engine/orchestrator.py|engine/rules.py|engine/session.py|players/humanlike/candidates.py|players/humanlike/evaluator.py,engine/blood_battle.py::active_seats|engine/blood_battle.py::apply_action|engine/blood_battle.py::next_active|engine/legal.py::action_in_legal|engine/legal.py::legal_actions|engine/legal.py::legal_discards|engine/opening.py::begin_opening|engine/opening.py::submit_exchange|players/humanlike/candidates.py::CandidateSet|players/humanlike/candidates.py::build_candidates|players/humanlike/candidates.py::stable_action_key,engine/blood_battle.py::action_in_legal|engine/blood_battle.py::active_seats|engine/blood_battle.py::next_active|engine/legal.py::legal_discards|engine/orchestrator.py::action_in_legal|engine/orchestrator.py::next_active|engine/session.py::apply_action|players/humanlike/attention.py::stable_action_key|players/humanlike/player.py::build_candidates|training/env.py::action_in_legal|training/env.py::next_active,tests/humanlike_v2/test_deterministic_policy.py|tests/test_analysis.py|tests/test_blood_battle.py|tests/test_exchange_dingque.py|tests/test_legal_actions.py,tests/humanlike_v2/test_deterministic_policy.py::test_evaluation_is_repeatable_and_rng_free|tests/humanlike_v2/test_deterministic_policy.py::test_mandatory_hu_survives_candidate_cap|tests/humanlike_v2/test_deterministic_policy.py::test_stable_action_key_is_explicit|tests/test_analysis.py::test_an03_strategy_best_min_shanten|tests/test_blood_battle.py::test_b02_discard_pass_cycle|tests/test_blood_battle.py::test_blood_battle_continues_after_first_hu|tests/test_blood_battle.py::test_force_complete_response_unblocks|tests/test_blood_battle.py::test_illegal_action|tests/test_exchange_dingque.py::test_human_face_exchange_resolves_to_physical_tiles|tests/test_exchange_dingque.py::test_t03_full_exchange_to_dingque|tests/test_exchange_dingque.py::test_t04_multiset_transfer|tests/test_exchange_dingque.py::test_t05_illegal_exchange|tests/test_legal_actions.py::test_response_has_pass,tests/spec_v3/test_rule_010.py,false,tests/spec_v3/vectors/rule_010.jsonl,false,E1,Not Evaluated,PARTIAL_CANDIDATE,存在复合旧实现候选，但未隔离为v3单元，schema/错误/参数/状态/审计绑定及生产trace未按锁定规格核验,无规格歧义；按锁定DAG实施,AU-032|AU-056|AU-072
RULE-011,过胡设置、持续与恢复,确定规则,P0,ADAPT,engine/rules,RULE_DELTA,engine/rules/rule_011.py,false,engine/blood_battle.py|engine/exchange.py|engine/legal.py|engine/opening.py|engine/orchestrator.py|engine/rules.py|engine/session.py|players/humanlike/candidates.py|players/humanlike/evaluator.py,engine/blood_battle.py::active_seats|engine/blood_battle.py::apply_action|engine/blood_battle.py::next_active|engine/legal.py::action_in_legal|engine/legal.py::legal_actions|engine/legal.py::legal_discards|engine/opening.py::begin_opening|engine/opening.py::submit_exchange|players/humanlike/candidates.py::CandidateSet|players/humanlike/candidates.py::build_candidates|players/humanlike/candidates.py::stable_action_key,engine/blood_battle.py::action_in_legal|engine/blood_battle.py::active_seats|engine/blood_battle.py::next_active|engine/legal.py::legal_discards|engine/orchestrator.py::action_in_legal|engine/orchestrator.py::next_active|engine/session.py::apply_action|players/humanlike/attention.py::stable_action_key|players/humanlike/player.py::build_candidates|training/env.py::action_in_legal|training/env.py::next_active,tests/humanlike_v2/test_deterministic_policy.py|tests/test_analysis.py|tests/test_blood_battle.py|tests/test_exchange_dingque.py|tests/test_legal_actions.py,tests/humanlike_v2/test_deterministic_policy.py::test_evaluation_is_repeatable_and_rng_free|tests/humanlike_v2/test_deterministic_policy.py::test_mandatory_hu_survives_candidate_cap|tests/humanlike_v2/test_deterministic_policy.py::test_stable_action_key_is_explicit|tests/test_analysis.py::test_an03_strategy_best_min_shanten|tests/test_blood_battle.py::test_b02_discard_pass_cycle|tests/test_blood_battle.py::test_blood_battle_continues_after_first_hu|tests/test_blood_battle.py::test_force_complete_response_unblocks|tests/test_blood_battle.py::test_illegal_action|tests/test_exchange_dingque.py::test_human_face_exchange_resolves_to_physical_tiles|tests/test_exchange_dingque.py::test_t03_full_exchange_to_dingque|tests/test_exchange_dingque.py::test_t04_multiset_transfer|tests/test_exchange_dingque.py::test_t05_illegal_exchange|tests/test_legal_actions.py::test_response_has_pass,tests/spec_v3/test_rule_011.py,false,tests/spec_v3/vectors/rule_011.jsonl,false,E1,Not Evaluated,PARTIAL_CANDIDATE,存在复合旧实现候选，但未隔离为v3单元，schema/错误/参数/状态/审计绑定及生产trace未按锁定规格核验,无规格歧义；按锁定DAG实施,AU-032|AU-056|AU-072
RULE-012,强制胡与最后阶段必胡,确定规则,P0,ADAPT,engine/rules,RULE_DELTA,engine/rules/rule_012.py,false,engine/blood_battle.py|engine/exchange.py|engine/legal.py|engine/opening.py|engine/orchestrator.py|engine/rules.py|engine/session.py|players/humanlike/candidates.py|players/humanlike/evaluator.py,engine/blood_battle.py::active_seats|engine/blood_battle.py::apply_action|engine/blood_battle.py::next_active|engine/legal.py::action_in_legal|engine/legal.py::legal_actions|engine/legal.py::legal_discards|engine/opening.py::begin_opening|engine/opening.py::submit_exchange|players/humanlike/candidates.py::CandidateSet|players/humanlike/candidates.py::build_candidates|players/humanlike/candidates.py::stable_action_key,engine/blood_battle.py::action_in_legal|engine/blood_battle.py::active_seats|engine/blood_battle.py::next_active|engine/legal.py::legal_discards|engine/orchestrator.py::action_in_legal|engine/orchestrator.py::next_active|engine/session.py::apply_action|players/humanlike/attention.py::stable_action_key|players/humanlike/player.py::build_candidates|training/env.py::action_in_legal|training/env.py::next_active,tests/humanlike_v2/test_deterministic_policy.py|tests/test_analysis.py|tests/test_blood_battle.py|tests/test_exchange_dingque.py|tests/test_legal_actions.py,tests/humanlike_v2/test_deterministic_policy.py::test_evaluation_is_repeatable_and_rng_free|tests/humanlike_v2/test_deterministic_policy.py::test_mandatory_hu_survives_candidate_cap|tests/humanlike_v2/test_deterministic_policy.py::test_stable_action_key_is_explicit|tests/test_analysis.py::test_an03_strategy_best_min_shanten|tests/test_blood_battle.py::test_b02_discard_pass_cycle|tests/test_blood_battle.py::test_blood_battle_continues_after_first_hu|tests/test_blood_battle.py::test_force_complete_response_unblocks|tests/test_blood_battle.py::test_illegal_action|tests/test_exchange_dingque.py::test_human_face_exchange_resolves_to_physical_tiles|tests/test_exchange_dingque.py::test_t03_full_exchange_to_dingque|tests/test_exchange_dingque.py::test_t04_multiset_transfer|tests/test_exchange_dingque.py::test_t05_illegal_exchange|tests/test_legal_actions.py::test_response_has_pass,tests/spec_v3/test_rule_012.py,false,tests/spec_v3/vectors/rule_012.jsonl,false,E1,Not Evaluated,PARTIAL_CANDIDATE,存在复合旧实现候选，但未隔离为v3单元，schema/错误/参数/状态/审计绑定及生产trace未按锁定规格核验,无规格歧义；按锁定DAG实施,AU-032|AU-056|AU-072
RULE-013,多人响应确定性优先级,确定规则,P0,ADAPT,engine/rules,RULE_DELTA,engine/rules/rule_013.py,false,engine/audit.py|engine/blood_battle.py|engine/exchange.py|engine/legal.py|engine/opening.py|engine/orchestrator.py|engine/replay.py|engine/rules.py|engine/session.py|players/humanlike/candidates.py|players/humanlike/evaluator.py,engine/audit.py::DecisionAuditWriter|engine/audit.py::record_decision|engine/audit.py::verify_audit|engine/blood_battle.py::active_seats|engine/blood_battle.py::apply_action|engine/blood_battle.py::next_active|engine/legal.py::action_in_legal|engine/legal.py::legal_actions|engine/legal.py::legal_discards|engine/opening.py::begin_opening|engine/opening.py::submit_exchange|engine/replay.py::ReplaySession|engine/replay.py::StepRecorder|players/humanlike/candidates.py::CandidateSet|players/humanlike/candidates.py::build_candidates|players/humanlike/candidates.py::stable_action_key,engine/blood_battle.py::action_in_legal|engine/blood_battle.py::active_seats|engine/blood_battle.py::next_active|engine/legal.py::legal_discards|engine/orchestrator.py::DecisionAuditWriter|engine/orchestrator.py::StepRecorder|engine/orchestrator.py::action_in_legal|engine/orchestrator.py::next_active|engine/session.py::apply_action|main.py::ReplaySession|players/humanlike/attention.py::stable_action_key|players/humanlike/audit_replay.py::verify_audit|players/humanlike/player.py::build_candidates|training/env.py::action_in_legal|training/env.py::next_active,tests/humanlike_v2/test_audit_replay.py|tests/humanlike_v2/test_deterministic_policy.py|tests/test_analysis.py|tests/test_blood_battle.py|tests/test_exchange_dingque.py|tests/test_legal_actions.py|tests/test_persistence.py,tests/humanlike_v2/test_audit_replay.py::test_runner_audit_verifies_and_policy_replays|tests/humanlike_v2/test_audit_replay.py::test_tampering_and_truncation_are_detected|tests/humanlike_v2/test_audit_replay.py::test_writer_rejects_opponent_hand_leak_and_illegal_action|tests/humanlike_v2/test_audit_replay.py::test_writer_verifier_and_footer_contract|tests/humanlike_v2/test_deterministic_policy.py::test_evaluation_is_repeatable_and_rng_free|tests/humanlike_v2/test_deterministic_policy.py::test_mandatory_hu_survives_candidate_cap|tests/humanlike_v2/test_deterministic_policy.py::test_stable_action_key_is_explicit|tests/test_analysis.py::test_an03_strategy_best_min_shanten|tests/test_blood_battle.py::test_b02_discard_pass_cycle|tests/test_blood_battle.py::test_blood_battle_continues_after_first_hu|tests/test_blood_battle.py::test_force_complete_response_unblocks|tests/test_blood_battle.py::test_illegal_action|tests/test_exchange_dingque.py::test_human_face_exchange_resolves_to_physical_tiles|tests/test_exchange_dingque.py::test_t03_full_exchange_to_dingque|tests/test_exchange_dingque.py::test_t04_multiset_transfer|tests/test_exchange_dingque.py::test_t05_illegal_exchange|tests/test_legal_actions.py::test_response_has_pass|tests/test_persistence.py::test_s03_steps_replay,tests/spec_v3/test_rule_013.py,false,tests/spec_v3/vectors/rule_013.jsonl,false,E1,Not Evaluated,PARTIAL_CANDIDATE,存在复合旧实现候选，但未隔离为v3单元，schema/错误/参数/状态/审计绑定及生产trace未按锁定规格核验,无规格歧义；按锁定DAG实施,AU-031|AU-056|AU-060|AU-072
RULE-014,血战胡后退出、继续与终止,确定规则,P0,ADAPT,engine/rules,RULE_DELTA,engine/rules/rule_014.py,false,engine/blood_battle.py|engine/deal.py|engine/dice.py|engine/exchange.py|engine/fan.py|engine/game_id.py|engine/legal.py|engine/rules.py|engine/score.py|players/analysis/danger.py|players/analysis/opponent_model.py|players/humanlike/belief.py|players/humanlike/view.py|protocols/player_view_builder.py|protocols/player_view_v2.py|training/oracle.py,engine/blood_battle.py::active_seats|engine/blood_battle.py::apply_action|engine/blood_battle.py::next_active|engine/deal.py::create_dealt_game|engine/dice.py::DiceResult|engine/dice.py::to_dict|engine/fan.py::FanTable|engine/fan.py::apply_fan_cap|engine/fan.py::compute_fan|engine/game_id.py::DerivedSeeds|engine/game_id.py::normalize_game_id|engine/legal.py::action_in_legal|engine/legal.py::legal_actions|engine/legal.py::legal_discards|engine/score.py::ScoreService|engine/score.py::apply_hu_dianpao|engine/score.py::apply_hu_zimo|players/humanlike/view.py::DecisionContext|players/humanlike/view.py::build_decision_context|protocols/player_view_builder.py::PlayerViewBuilder|protocols/player_view_builder.py::build|protocols/player_view_builder.py::build_legacy_dict|protocols/player_view_v2.py::PlayerViewV2|protocols/player_view_v2.py::freeze_mapping|protocols/player_view_v2.py::thaw,engine/blood_battle.py::ScoreService|engine/blood_battle.py::active_seats|engine/blood_battle.py::apply_hu_dianpao|engine/blood_battle.py::apply_hu_zimo|engine/blood_battle.py::compute_fan|engine/blood_battle.py::next_active|engine/deal.py::normalize_game_id|engine/dice.py::DiceResult|engine/fan.py::apply_fan_cap|engine/game_id.py::DerivedSeeds|engine/legal.py::legal_discards|engine/orchestrator.py::create_dealt_game|engine/orchestrator.py::next_active|engine/session.py::apply_action|engine/session.py::create_dealt_game|players/humanlike/player.py::build_decision_context|players/humanlike/view.py::PlayerViewV2|protocols/player_view_builder.py::PlayerViewV2|protocols/player_view_v2.py::freeze_mapping|protocols/view_filter.py::PlayerViewBuilder|protocols/view_filter.py::build_legacy_dict|training/env.py::create_dealt_game|training/env.py::next_active,tests/humanlike_v2/test_audit_replay.py|tests/humanlike_v2/test_cognition.py|tests/humanlike_v2/test_deterministic_policy.py|tests/humanlike_v2/test_player_view_v2.py|tests/test_analysis.py|tests/test_blood_battle.py|tests/test_legal_actions.py|tests/test_score.py|tests/test_score_ledger.py,tests/humanlike_v2/test_audit_replay.py::test_writer_rejects_opponent_hand_leak_and_illegal_action|tests/humanlike_v2/test_cognition.py::test_player_emits_trace_v2_and_cognitive_rp_slots|tests/humanlike_v2/test_deterministic_policy.py::test_context_rejects_wrong_view_version_and_seat|tests/humanlike_v2/test_deterministic_policy.py::test_hidden_opponent_hands_cannot_change_decision|tests/humanlike_v2/test_deterministic_policy.py::test_player_dingque_and_trace_are_deterministic|tests/humanlike_v2/test_player_view_v2.py::test_gp021_all_visibility_fields_have_hidden_partial_exact_contracts|tests/humanlike_v2/test_player_view_v2.py::test_gp021_wall_and_concealed_gang_visibility_modes|tests/humanlike_v2/test_player_view_v2.py::test_v2_whitelist_hides_opponents_wall_and_sentinel|tests/test_analysis.py::test_an03_strategy_best_min_shanten|tests/test_blood_battle.py::test_b02_discard_pass_cycle|tests/test_blood_battle.py::test_blood_battle_continues_after_first_hu|tests/test_blood_battle.py::test_force_complete_response_unblocks|tests/test_blood_battle.py::test_illegal_action|tests/test_legal_actions.py::test_response_has_pass|tests/test_score.py::test_sc01_dianpao_fan2|tests/test_score.py::test_sc02_multi_ron|tests/test_score.py::test_sc03_zimo|tests/test_score.py::test_sc04_an_gang|tests/test_score.py::test_sc05_hua_zhu|tests/test_score.py::test_score_events_written|tests/test_score_ledger.py::test_build_game_result_includes_score_events|tests/test_score_ledger.py::test_ledger_matches_balances,tests/spec_v3/test_rule_014.py,false,tests/spec_v3/vectors/rule_014.jsonl,false,E1,Not Evaluated,PARTIAL_CANDIDATE,存在复合旧实现候选，但未隔离为v3单元，schema/错误/参数/状态/审计绑定及生产trace未按锁定规格核验,无规格歧义；按锁定DAG实施,AU-006|AU-018|AU-039|AU-056
RULE-015,启用番型、互斥/叠加与封顶规则,确定规则,P0,ADAPT,engine/rules,RULE_DELTA,engine/rules/rule_015.py,false,configs/fan_table.json|configs/humanlike_v2/default.json|engine/blood_battle.py|engine/exchange.py|engine/fan.py|engine/legal.py|engine/opening.py|engine/rules.py|players/humanlike/cognition.py|players/humanlike/config.py|players/humanlike/policy.py|players/humanlike/traceability.py,engine/fan.py::FanTable|engine/fan.py::apply_fan_cap|engine/fan.py::compute_fan|players/humanlike/cognition.py::CognitiveState|players/humanlike/cognition.py::begin_new_round|players/humanlike/config.py::HumanlikeConfig|players/humanlike/config.py::_validate_global_parameters|players/humanlike/config.py::load_config|players/humanlike/traceability.py::ParameterTrace|players/humanlike/traceability.py::_gp_consumer|players/humanlike/traceability.py::_rp_consumer,engine/blood_battle.py::compute_fan|engine/fan.py::apply_fan_cap|players/humanlike/config.py::HumanlikeConfig|players/humanlike/config.py::_validate_global_parameters|players/humanlike/player.py::load_config|players/humanlike/settings_service.py::load_config|players/humanlike/traceability.py::ParameterTrace|players/humanlike/traceability.py::_gp_consumer,tests/humanlike_v2/test_cognition.py|tests/humanlike_v2/test_config.py,tests/humanlike_v2/test_cognition.py::test_bounded_noise_is_reproducible_and_stays_in_near_pool|tests/humanlike_v2/test_cognition.py::test_round_reset_keeps_only_bounded_public_impressions|tests/humanlike_v2/test_config.py::test_default_has_all_gp_profiles_and_stable_hash|tests/humanlike_v2/test_config.py::test_hash_ignores_json_format_and_key_order|tests/humanlike_v2/test_config.py::test_invalid_range_fails|tests/humanlike_v2/test_config.py::test_missing_gp_fails|tests/humanlike_v2/test_config.py::test_missing_player_cognitive_gp_fails|tests/humanlike_v2/test_config.py::test_non_normalized_weights_fail|tests/humanlike_v2/test_config.py::test_player_cognitive_parameters_are_independent|tests/humanlike_v2/test_config.py::test_unknown_version_fails,tests/spec_v3/test_rule_015.py,false,tests/spec_v3/vectors/rule_015.jsonl,false,E1,Not Evaluated,PARTIAL_CANDIDATE,存在复合旧实现候选，但未隔离为v3单元，schema/错误/参数/状态/审计绑定及生产trace未按锁定规格核验,无规格歧义；按锁定DAG实施,AU-004|AU-022
RULE-016,局中与终局公开信息范围,确定规则,P1,ADAPT,engine/rules,RULE_DELTA|VISIBILITY,engine/rules/rule_016.py,false,configs/humanlike_v2/default.json|engine/audit.py|engine/blood_battle.py|engine/exchange.py|engine/legal.py|engine/rules.py|players/humanlike/config.py|players/humanlike/traceability.py|players/humanlike/view.py|protocols/player_view_builder.py|protocols/player_view_v2.py|training/oracle.py,engine/audit.py::DecisionAuditWriter|engine/audit.py::record_decision|engine/audit.py::verify_audit|players/humanlike/view.py::DecisionContext|players/humanlike/view.py::build_decision_context|protocols/player_view_builder.py::PlayerViewBuilder|protocols/player_view_builder.py::build|protocols/player_view_builder.py::build_legacy_dict|protocols/player_view_v2.py::PlayerViewV2|protocols/player_view_v2.py::freeze_mapping|protocols/player_view_v2.py::thaw,engine/orchestrator.py::DecisionAuditWriter|players/humanlike/audit_replay.py::verify_audit|players/humanlike/player.py::build_decision_context|players/humanlike/view.py::PlayerViewV2|protocols/player_view_builder.py::PlayerViewV2|protocols/player_view_v2.py::freeze_mapping|protocols/view_filter.py::PlayerViewBuilder|protocols/view_filter.py::build_legacy_dict,tests/humanlike_v2/test_audit_replay.py|tests/humanlike_v2/test_deterministic_policy.py|tests/humanlike_v2/test_player_view_v2.py,tests/humanlike_v2/test_audit_replay.py::test_runner_audit_verifies_and_policy_replays|tests/humanlike_v2/test_audit_replay.py::test_tampering_and_truncation_are_detected|tests/humanlike_v2/test_audit_replay.py::test_writer_rejects_opponent_hand_leak_and_illegal_action|tests/humanlike_v2/test_audit_replay.py::test_writer_verifier_and_footer_contract|tests/humanlike_v2/test_deterministic_policy.py::test_context_rejects_wrong_view_version_and_seat|tests/humanlike_v2/test_player_view_v2.py::test_gp021_all_visibility_fields_have_hidden_partial_exact_contracts|tests/humanlike_v2/test_player_view_v2.py::test_gp021_wall_and_concealed_gang_visibility_modes|tests/humanlike_v2/test_player_view_v2.py::test_v2_whitelist_hides_opponents_wall_and_sentinel,tests/spec_v3/test_rule_016.py,false,tests/spec_v3/vectors/rule_016.jsonl,false,E1,Not Evaluated,PARTIAL_CANDIDATE,存在复合旧实现候选，但未隔离为v3单元，schema/错误/参数/状态/审计绑定及生产trace未按锁定规格核验,无规格歧义；按锁定DAG实施,AU-002|AU-029
ALGO-001,face/physical tile 编码、投影与所有权守恒,确定算法,P0,ADAPT,engine/analysis,NONE,engine/analysis/algo_001.py,false,engine/exchange.py|engine/hand_utils.py|engine/invariants.py|engine/opening.py|engine/physical_tile.py|engine/shanten.py|engine/state.py|engine/win_check.py|players/humanlike/attention.py|players/humanlike/belief.py|players/humanlike/candidates.py|players/humanlike/hand_analyzer.py|players/humanlike/view.py|protocols/player_view_builder.py|protocols/player_view_v2.py|training/oracle.py,engine/exchange.py::resolve_exchange_direction|engine/exchange.py::resolve_exchange_tiles|engine/exchange.py::validate_exchange_tiles|engine/invariants.py::assert_event_boundary|engine/invariants.py::ownership_regions|engine/opening.py::begin_opening|engine/opening.py::submit_dingque|engine/opening.py::submit_exchange|engine/physical_tile.py::PhysicalTile|engine/physical_tile.py::id|engine/shanten.py::shanten|engine/state.py::GameState|engine/state.py::PlayerState|engine/state.py::from_dict|engine/win_check.py::WinCheckResult|engine/win_check.py::WinForm|players/humanlike/hand_analyzer.py::HandFeatures|players/humanlike/hand_analyzer.py::analyze_action|players/humanlike/hand_analyzer.py::visible_hand|players/humanlike/view.py::DecisionContext|players/humanlike/view.py::build_decision_context|protocols/player_view_builder.py::PlayerViewBuilder|protocols/player_view_builder.py::build|protocols/player_view_builder.py::build_legacy_dict|protocols/player_view_v2.py::PlayerViewV2|protocols/player_view_v2.py::freeze_mapping|protocols/player_view_v2.py::thaw,engine/blood_battle.py::PhysicalTile|engine/deal.py::GameState|engine/deal.py::PlayerState|engine/exchange.py::validate_exchange_tiles|engine/invariants.py::ownership_regions|engine/opening.py::resolve_exchange_direction|engine/opening.py::resolve_exchange_tiles|engine/opening.py::validate_exchange_tiles|engine/orchestrator.py::validate_exchange_tiles|engine/physical_tile.py::PhysicalTile|engine/score.py::shanten|engine/state.py::assert_event_boundary|players/humanlike/evaluator.py::analyze_action|players/humanlike/evaluator.py::visible_hand|players/humanlike/hand_analyzer.py::HandFeatures|players/humanlike/hand_analyzer.py::visible_hand|players/humanlike/player.py::analyze_action|players/humanlike/player.py::build_decision_context|players/humanlike/view.py::PlayerViewV2|protocols/player_view_builder.py::PlayerViewV2|protocols/player_view_v2.py::freeze_mapping|protocols/view_filter.py::PlayerViewBuilder|protocols/view_filter.py::build_legacy_dict|training/env.py::validate_exchange_tiles,tests/humanlike_v2/test_deterministic_policy.py|tests/humanlike_v2/test_invariants.py|tests/humanlike_v2/test_player_view_v2.py|tests/humanlike_v2/test_state_v5_migration.py|tests/test_exchange_dingque.py|tests/test_reward.py|tests/test_shanten.py|tests/test_state_serde.py|tests/test_win_fan.py,tests/humanlike_v2/test_deterministic_policy.py::test_context_rejects_wrong_view_version_and_seat|tests/humanlike_v2/test_invariants.py::test_duplicate_ownership_reports_structured_failure|tests/humanlike_v2/test_invariants.py::test_ready_state_owns_every_physical_tile_once|tests/humanlike_v2/test_player_view_v2.py::test_gp021_all_visibility_fields_have_hidden_partial_exact_contracts|tests/humanlike_v2/test_player_view_v2.py::test_gp021_wall_and_concealed_gang_visibility_modes|tests/humanlike_v2/test_player_view_v2.py::test_v2_whitelist_hides_opponents_wall_and_sentinel|tests/humanlike_v2/test_state_v5_migration.py::test_bad_legacy_state_fails_instead_of_guessing|tests/humanlike_v2/test_state_v5_migration.py::test_legacy_migration_is_deterministic_and_non_mutating|tests/test_exchange_dingque.py::test_human_face_exchange_resolves_to_physical_tiles|tests/test_exchange_dingque.py::test_t02_auto_dice_mapping|tests/test_exchange_dingque.py::test_t03_full_exchange_to_dingque|tests/test_exchange_dingque.py::test_t04_multiset_transfer|tests/test_exchange_dingque.py::test_t05_illegal_exchange|tests/test_exchange_dingque.py::test_t06_overwrite_pending|tests/test_exchange_dingque.py::test_t07_fixed_clockwise|tests/test_exchange_dingque.py::test_t09_dingque_overwrite|tests/test_exchange_dingque.py::test_t12_v1_dealt_readable|tests/test_reward.py::test_rw02_rank_bonus|tests/test_shanten.py::test_s01_tenpai_shanten_0|tests/test_shanten.py::test_s02_winning_standard_shanten_neg1|tests/test_shanten.py::test_s03_seven_pairs_tenpai|tests/test_shanten.py::test_s04_dingque_raises_shanten|tests/test_state_serde.py::test_t08_dict_roundtrip|tests/test_win_fan.py::test_w01_standard_win|tests/test_win_fan.py::test_w02_seven_pairs,tests/spec_v3/test_algo_001.py,false,tests/spec_v3/vectors/algo_001.jsonl,false,E1,Not Evaluated,PARTIAL_CANDIDATE,存在复合旧实现候选，但未隔离为v3单元，schema/错误/参数/状态/审计绑定及生产trace未按锁定规格核验,无规格歧义；按锁定DAG实施,AU-010|AU-053|AU-064|AU-066
ALGO-002,手牌分解、向听、弃牌向听与等待形状,确定算法,P1,ADAPT,engine/analysis,NONE,engine/analysis/algo_002.py,false,engine/hand_utils.py|engine/legal.py|engine/physical_tile.py|engine/shanten.py|engine/win_check.py|players/humanlike/candidates.py|players/humanlike/cognition.py|players/humanlike/hand_analyzer.py|players/humanlike/plan.py,engine/legal.py::action_in_legal|engine/legal.py::legal_actions|engine/legal.py::legal_discards|engine/shanten.py::shanten|engine/win_check.py::WinCheckResult|engine/win_check.py::WinForm|players/humanlike/candidates.py::CandidateSet|players/humanlike/candidates.py::build_candidates|players/humanlike/candidates.py::stable_action_key|players/humanlike/cognition.py::CognitiveState|players/humanlike/cognition.py::begin_new_round|players/humanlike/cognition.py::update_memory|players/humanlike/hand_analyzer.py::HandFeatures|players/humanlike/hand_analyzer.py::analyze_action|players/humanlike/hand_analyzer.py::visible_hand|players/humanlike/plan.py::PlanSnapshot|players/humanlike/plan.py::choose_plan,engine/blood_battle.py::action_in_legal|engine/legal.py::legal_discards|engine/orchestrator.py::action_in_legal|engine/score.py::shanten|engine/shanten.py::shanten|players/analysis/discard_accuracy.py::shanten|players/analysis/pipeline.py::shanten|players/analysis/strategy.py::shanten|players/humanlike/attention.py::stable_action_key|players/humanlike/evaluator.py::analyze_action|players/humanlike/evaluator.py::visible_hand|players/humanlike/hand_analyzer.py::HandFeatures|players/humanlike/hand_analyzer.py::shanten|players/humanlike/hand_analyzer.py::visible_hand|players/humanlike/player.py::analyze_action|players/humanlike/player.py::build_candidates|training/env.py::action_in_legal,tests/humanlike_v2/test_cognition.py|tests/humanlike_v2/test_deterministic_policy.py|tests/test_analysis.py|tests/test_shanten.py|tests/test_win_fan.py,tests/humanlike_v2/test_cognition.py::test_bounded_noise_is_reproducible_and_stays_in_near_pool|tests/humanlike_v2/test_cognition.py::test_round_reset_keeps_only_bounded_public_impressions|tests/humanlike_v2/test_deterministic_policy.py::test_evaluation_is_repeatable_and_rng_free|tests/humanlike_v2/test_deterministic_policy.py::test_mandatory_hu_survives_candidate_cap|tests/humanlike_v2/test_deterministic_policy.py::test_stable_action_key_is_explicit|tests/test_analysis.py::test_an03_strategy_best_min_shanten|tests/test_shanten.py::test_s01_tenpai_shanten_0|tests/test_shanten.py::test_s02_winning_standard_shanten_neg1|tests/test_shanten.py::test_s03_seven_pairs_tenpai|tests/test_shanten.py::test_s04_dingque_raises_shanten|tests/test_win_fan.py::test_w01_standard_win|tests/test_win_fan.py::test_w02_seven_pairs,tests/spec_v3/test_algo_002.py,false,tests/spec_v3/vectors/algo_002.jsonl,false,E1,Not Evaluated,PARTIAL_CANDIDATE,存在复合旧实现候选，但未隔离为v3单元，schema/错误/参数/状态/审计绑定及生产trace未按锁定规格核验,无规格歧义；按锁定DAG实施,AU-008|AU-036|AU-074
ALGO-003,去重可见牌与未见牌聚合,确定算法,P2,REWRITE,engine/analysis,RULE_DELTA,engine/analysis/algo_003.py,false,engine/hand_utils.py|engine/invariants.py|engine/physical_tile.py|engine/shanten.py|engine/state.py|players/analysis/danger.py|players/analysis/opponent_model.py|players/humanlike/attention.py|players/humanlike/belief.py|players/humanlike/candidates.py|players/humanlike/runtime.py|players/humanlike/view.py|protocols/player_view_builder.py|protocols/player_view_v2.py|training/env.py|training/oracle.py,players/analysis/danger.py::danger_map_for_tiles|players/analysis/danger.py::rate_discard_danger|players/analysis/opponent_model.py::estimate_opponents|players/humanlike/belief.py::PublicBelief|players/humanlike/belief.py::build_public_belief|players/humanlike/runtime.py::RoundRuntime|players/humanlike/runtime.py::apply_event|players/humanlike/runtime.py::create_round|players/humanlike/view.py::DecisionContext|players/humanlike/view.py::build_decision_context|protocols/player_view_builder.py::PlayerViewBuilder|protocols/player_view_builder.py::build|protocols/player_view_builder.py::build_legacy_dict|protocols/player_view_v2.py::PlayerViewV2|protocols/player_view_v2.py::freeze_mapping|protocols/player_view_v2.py::thaw|training/env.py::ChengduMahjongEnv|training/env.py::reset|training/env.py::step,players/analysis/danger.py::rate_discard_danger|players/analysis/discard_accuracy.py::estimate_opponents|players/analysis/pipeline.py::danger_map_for_tiles|players/analysis/pipeline.py::estimate_opponents|players/humanlike/belief.py::PublicBelief|players/humanlike/player.py::build_decision_context|players/humanlike/player.py::build_public_belief|players/humanlike/view.py::PlayerViewV2|protocols/player_view_builder.py::PlayerViewV2|protocols/player_view_v2.py::freeze_mapping|protocols/view_filter.py::PlayerViewBuilder|protocols/view_filter.py::build_legacy_dict|training/env.py::ChengduMahjongEnv|training/spaces.py::ChengduMahjongEnv,tests/humanlike_v2/test_deterministic_policy.py|tests/humanlike_v2/test_player_view_v2.py|tests/humanlike_v2/test_runtime.py|tests/humanlike_v2/test_training_contract_v2.py|tests/test_discard_recommend.py|tests/test_env.py|tests/test_f0011_integrated.py,tests/humanlike_v2/test_deterministic_policy.py::test_context_rejects_wrong_view_version_and_seat|tests/humanlike_v2/test_deterministic_policy.py::test_evaluation_is_repeatable_and_rng_free|tests/humanlike_v2/test_deterministic_policy.py::test_public_belief_uses_only_visible_counts|tests/humanlike_v2/test_player_view_v2.py::test_gp021_all_visibility_fields_have_hidden_partial_exact_contracts|tests/humanlike_v2/test_player_view_v2.py::test_gp021_wall_and_concealed_gang_visibility_modes|tests/humanlike_v2/test_player_view_v2.py::test_v2_whitelist_hides_opponents_wall_and_sentinel|tests/humanlike_v2/test_runtime.py::test_event_decision_and_finalize_lifecycle|tests/humanlike_v2/test_runtime.py::test_unknown_rp_and_invalid_transition_fail|tests/humanlike_v2/test_training_contract_v2.py::test_illegal_raise_preserves_state_and_terminate_penalizes|tests/humanlike_v2/test_training_contract_v2.py::test_v1_integer_semantics_remain_legal_list_index|tests/humanlike_v2/test_training_contract_v2.py::test_v2_fixed_index_and_shaping_off|tests/humanlike_v2/test_training_contract_v2.py::test_v2_observation_shapes_and_no_hidden_fields|tests/humanlike_v2/test_training_contract_v2.py::test_v2_shaping_is_separate_from_true_score|tests/test_discard_recommend.py::test_strategy_ranks_include_ukeire_tiles|tests/test_env.py::test_e01_reset_returns_obs_with_legals|tests/test_env.py::test_e03_illegal_action_raises|tests/test_env.py::test_e04_same_game_id_dealt_hands|tests/test_f0011_integrated.py::test_build_f0010_context_and_rank|tests/test_f0011_integrated.py::test_fan_proxy_and_baseline_compat,tests/spec_v3/test_algo_003.py,false,tests/spec_v3/vectors/algo_003.jsonl,false,E1,Not Evaluated,PARTIAL_CANDIDATE,可见牌必须按实体事件去重，旧聚合路径可能重复展示计数,无规格歧义；按锁定DAG实施,AU-023|AU-050|AU-053|AU-067|AU-075
ALGO-004,墙内活牌区间或估计,确定算法,P2,REWRITE,engine/analysis,RULE_DELTA,engine/analysis/algo_004.py,false,engine/hand_utils.py|engine/physical_tile.py|engine/shanten.py|players/analysis/danger.py|players/analysis/opponent_model.py|players/humanlike/attention.py|players/humanlike/belief.py|players/humanlike/candidates.py|players/humanlike/runtime.py|players/humanlike/view.py|protocols/player_view_builder.py|protocols/player_view_v2.py|training/env.py|training/oracle.py,players/analysis/danger.py::danger_map_for_tiles|players/analysis/danger.py::rate_discard_danger|players/analysis/opponent_model.py::estimate_opponents|players/humanlike/belief.py::PublicBelief|players/humanlike/belief.py::build_public_belief|players/humanlike/runtime.py::RoundRuntime|players/humanlike/runtime.py::apply_event|players/humanlike/runtime.py::create_round|players/humanlike/view.py::DecisionContext|players/humanlike/view.py::build_decision_context|protocols/player_view_builder.py::PlayerViewBuilder|protocols/player_view_builder.py::build|protocols/player_view_builder.py::build_legacy_dict|protocols/player_view_v2.py::PlayerViewV2|protocols/player_view_v2.py::freeze_mapping|protocols/player_view_v2.py::thaw|training/env.py::ChengduMahjongEnv|training/env.py::reset|training/env.py::step,players/analysis/danger.py::rate_discard_danger|players/analysis/discard_accuracy.py::estimate_opponents|players/analysis/pipeline.py::danger_map_for_tiles|players/analysis/pipeline.py::estimate_opponents|players/humanlike/belief.py::PublicBelief|players/humanlike/player.py::build_decision_context|players/humanlike/player.py::build_public_belief|players/humanlike/view.py::PlayerViewV2|protocols/player_view_builder.py::PlayerViewV2|protocols/player_view_v2.py::freeze_mapping|protocols/view_filter.py::PlayerViewBuilder|protocols/view_filter.py::build_legacy_dict|training/env.py::ChengduMahjongEnv|training/spaces.py::ChengduMahjongEnv,tests/humanlike_v2/test_deterministic_policy.py|tests/humanlike_v2/test_player_view_v2.py|tests/humanlike_v2/test_runtime.py|tests/humanlike_v2/test_training_contract_v2.py|tests/test_discard_recommend.py|tests/test_env.py|tests/test_f0011_integrated.py,tests/humanlike_v2/test_deterministic_policy.py::test_context_rejects_wrong_view_version_and_seat|tests/humanlike_v2/test_deterministic_policy.py::test_evaluation_is_repeatable_and_rng_free|tests/humanlike_v2/test_deterministic_policy.py::test_public_belief_uses_only_visible_counts|tests/humanlike_v2/test_player_view_v2.py::test_gp021_all_visibility_fields_have_hidden_partial_exact_contracts|tests/humanlike_v2/test_player_view_v2.py::test_gp021_wall_and_concealed_gang_visibility_modes|tests/humanlike_v2/test_player_view_v2.py::test_v2_whitelist_hides_opponents_wall_and_sentinel|tests/humanlike_v2/test_runtime.py::test_event_decision_and_finalize_lifecycle|tests/humanlike_v2/test_runtime.py::test_unknown_rp_and_invalid_transition_fail|tests/humanlike_v2/test_training_contract_v2.py::test_illegal_raise_preserves_state_and_terminate_penalizes|tests/humanlike_v2/test_training_contract_v2.py::test_v1_integer_semantics_remain_legal_list_index|tests/humanlike_v2/test_training_contract_v2.py::test_v2_fixed_index_and_shaping_off|tests/humanlike_v2/test_training_contract_v2.py::test_v2_observation_shapes_and_no_hidden_fields|tests/humanlike_v2/test_training_contract_v2.py::test_v2_shaping_is_separate_from_true_score|tests/test_discard_recommend.py::test_strategy_ranks_include_ukeire_tiles|tests/test_env.py::test_e01_reset_returns_obs_with_legals|tests/test_env.py::test_e03_illegal_action_raises|tests/test_env.py::test_e04_same_game_id_dealt_hands|tests/test_f0011_integrated.py::test_build_f0010_context_and_rank|tests/test_f0011_integrated.py::test_fan_proxy_and_baseline_compat,tests/spec_v3/test_algo_004.py,false,tests/spec_v3/vectors/algo_004.jsonl,false,E1,Not Evaluated,PARTIAL_CANDIDATE,规范区分未见牌与墙内活牌区间，旧remain估计边界不足,无规格歧义；按锁定DAG实施,AU-023|AU-050|AU-053|AU-075
ALGO-005,逐座剩余摸牌机会估计,确定算法,P3,REWRITE,engine/analysis,RULE_DELTA,engine/analysis/algo_005.py,false,engine/blood_battle.py|engine/hand_utils.py|engine/legal.py|engine/orchestrator.py|engine/physical_tile.py|engine/session.py|engine/shanten.py|players/analysis/danger.py|players/analysis/opponent_model.py|players/humanlike/attention.py|players/humanlike/belief.py|players/humanlike/candidates.py|players/humanlike/runtime.py|players/humanlike/view.py|protocols/player_view_builder.py|protocols/player_view_v2.py|training/observations_v2.py|training/oracle.py,engine/blood_battle.py::active_seats|engine/blood_battle.py::apply_action|engine/blood_battle.py::next_active|engine/orchestrator.py::PlayerGameRunner|engine/orchestrator.py::run|engine/session.py::GameSession|engine/session.py::apply|engine/session.py::play_random_game|players/analysis/danger.py::danger_map_for_tiles|players/analysis/danger.py::rate_discard_danger|players/analysis/opponent_model.py::estimate_opponents|players/humanlike/belief.py::PublicBelief|players/humanlike/belief.py::build_public_belief|players/humanlike/runtime.py::RoundRuntime|players/humanlike/runtime.py::apply_event|players/humanlike/runtime.py::create_round|players/humanlike/view.py::DecisionContext|players/humanlike/view.py::build_decision_context|protocols/player_view_builder.py::PlayerViewBuilder|protocols/player_view_builder.py::build|protocols/player_view_builder.py::build_legacy_dict|protocols/player_view_v2.py::PlayerViewV2|protocols/player_view_v2.py::freeze_mapping|protocols/player_view_v2.py::thaw|training/observations_v2.py::encode_observation_v2|training/observations_v2.py::flatten_observation_v2,engine/blood_battle.py::active_seats|engine/blood_battle.py::next_active|engine/orchestrator.py::next_active|engine/session.py::apply_action|main.py::GameSession|players/analysis/danger.py::rate_discard_danger|players/analysis/discard_accuracy.py::estimate_opponents|players/analysis/pipeline.py::danger_map_for_tiles|players/analysis/pipeline.py::estimate_opponents|players/humanlike/belief.py::PublicBelief|players/humanlike/player.py::build_decision_context|players/humanlike/player.py::build_public_belief|players/humanlike/view.py::PlayerViewV2|protocols/player_view_builder.py::PlayerViewV2|protocols/player_view_v2.py::freeze_mapping|protocols/view_filter.py::PlayerViewBuilder|protocols/view_filter.py::build_legacy_dict|training/env.py::encode_observation_v2|training/env.py::next_active,tests/humanlike_v2/test_deterministic_policy.py|tests/humanlike_v2/test_humanlike_player_integration.py|tests/humanlike_v2/test_player_view_v2.py|tests/humanlike_v2/test_runtime.py|tests/humanlike_v2/test_training_contract_v2.py|tests/test_blood_battle.py|tests/test_discard_recommend.py|tests/test_f0011_integrated.py,tests/humanlike_v2/test_deterministic_policy.py::test_context_rejects_wrong_view_version_and_seat|tests/humanlike_v2/test_deterministic_policy.py::test_evaluation_is_repeatable_and_rng_free|tests/humanlike_v2/test_deterministic_policy.py::test_public_belief_uses_only_visible_counts|tests/humanlike_v2/test_humanlike_player_integration.py::test_humanlike_self_play_has_no_policy_crash_or_full_state_channel|tests/humanlike_v2/test_humanlike_player_integration.py::test_same_game_produces_same_decision_histories|tests/humanlike_v2/test_player_view_v2.py::test_gp021_all_visibility_fields_have_hidden_partial_exact_contracts|tests/humanlike_v2/test_player_view_v2.py::test_gp021_wall_and_concealed_gang_visibility_modes|tests/humanlike_v2/test_player_view_v2.py::test_v2_whitelist_hides_opponents_wall_and_sentinel|tests/humanlike_v2/test_runtime.py::test_event_decision_and_finalize_lifecycle|tests/humanlike_v2/test_runtime.py::test_unknown_rp_and_invalid_transition_fail|tests/humanlike_v2/test_training_contract_v2.py::test_v2_observation_shapes_and_no_hidden_fields|tests/test_blood_battle.py::test_b02_discard_pass_cycle|tests/test_blood_battle.py::test_b10_random_games_terminate|tests/test_blood_battle.py::test_b11_more_random|tests/test_blood_battle.py::test_blood_battle_continues_after_first_hu|tests/test_blood_battle.py::test_force_complete_response_unblocks|tests/test_blood_battle.py::test_illegal_action|tests/test_discard_recommend.py::test_strategy_ranks_include_ukeire_tiles|tests/test_f0011_integrated.py::test_build_f0010_context_and_rank|tests/test_f0011_integrated.py::test_fan_proxy_and_baseline_compat,tests/spec_v3/test_algo_005.py,false,tests/spec_v3/vectors/algo_005.jsonl,false,E1,Not Evaluated,PARTIAL_CANDIDATE,规范要求逐座剩余摸牌机会与轮转重算，旧逻辑未形成独立算法,无规格歧义；按锁定DAG实施,AU-023|AU-030|AU-053|AU-076
ALGO-006,mandatory 分类、候选上限与稳定排序,确定算法,P0,ADAPT,engine/analysis,NONE,engine/analysis/algo_006.py,false,engine/blood_battle.py|engine/hand_utils.py|engine/legal.py|engine/orchestrator.py|engine/physical_tile.py|engine/shanten.py|players/humanlike/attention.py|players/humanlike/belief.py|players/humanlike/candidates.py|players/humanlike/cognition.py|players/humanlike/player.py|players/humanlike/policy.py|players/humanlike/view.py|protocols/player_view_builder.py|protocols/player_view_v2.py|training/oracle.py,engine/legal.py::action_in_legal|engine/legal.py::legal_actions|engine/legal.py::legal_discards|engine/orchestrator.py::PlayerGameRunner|engine/orchestrator.py::_play_seat_action|engine/orchestrator.py::run|players/humanlike/candidates.py::CandidateSet|players/humanlike/candidates.py::build_candidates|players/humanlike/candidates.py::stable_action_key|players/humanlike/player.py::HumanlikeV2Player|players/humanlike/player.py::decide|players/humanlike/player.py::observe|players/humanlike/policy.py::CognitiveDecision|players/humanlike/policy.py::select_cognitively|players/humanlike/view.py::DecisionContext|players/humanlike/view.py::build_decision_context|protocols/player_view_builder.py::PlayerViewBuilder|protocols/player_view_builder.py::build|protocols/player_view_builder.py::build_legacy_dict|protocols/player_view_v2.py::PlayerViewV2|protocols/player_view_v2.py::freeze_mapping|protocols/player_view_v2.py::thaw,display/app.py::PlayerGameRunner|engine/blood_battle.py::action_in_legal|engine/legal.py::legal_discards|engine/orchestrator.py::PlayerGameRunner|engine/orchestrator.py::_play_seat_action|engine/orchestrator.py::action_in_legal|main.py::PlayerGameRunner|main.py::_play_seat_action|players/humanlike/attention.py::stable_action_key|players/humanlike/audit_replay.py::HumanlikeV2Player|players/humanlike/player.py::build_candidates|players/humanlike/player.py::build_decision_context|players/humanlike/player.py::select_cognitively|players/humanlike/policy.py::CognitiveDecision|players/humanlike/view.py::PlayerViewV2|protocols/player_view_builder.py::PlayerViewV2|protocols/player_view_v2.py::freeze_mapping|protocols/view_filter.py::PlayerViewBuilder|protocols/view_filter.py::build_legacy_dict|training/env.py::action_in_legal,tests/humanlike_v2/test_cognition.py|tests/humanlike_v2/test_deterministic_policy.py|tests/humanlike_v2/test_humanlike_player_integration.py|tests/humanlike_v2/test_player_view_v2.py|tests/test_analysis.py|tests/test_session_scores.py,tests/humanlike_v2/test_cognition.py::test_bounded_noise_is_reproducible_and_stays_in_near_pool|tests/humanlike_v2/test_cognition.py::test_clear_score_gap_disables_noise_and_think_time_is_bounded|tests/humanlike_v2/test_cognition.py::test_mandatory_action_never_consumes_rng|tests/humanlike_v2/test_cognition.py::test_player_emits_trace_v2_and_cognitive_rp_slots|tests/humanlike_v2/test_deterministic_policy.py::test_context_rejects_wrong_view_version_and_seat|tests/humanlike_v2/test_deterministic_policy.py::test_evaluation_is_repeatable_and_rng_free|tests/humanlike_v2/test_deterministic_policy.py::test_hidden_opponent_hands_cannot_change_decision|tests/humanlike_v2/test_deterministic_policy.py::test_mandatory_hu_survives_candidate_cap|tests/humanlike_v2/test_deterministic_policy.py::test_player_dingque_and_trace_are_deterministic|tests/humanlike_v2/test_deterministic_policy.py::test_stable_action_key_is_explicit|tests/humanlike_v2/test_humanlike_player_integration.py::test_humanlike_self_play_has_no_policy_crash_or_full_state_channel|tests/humanlike_v2/test_humanlike_player_integration.py::test_registry_exposes_humanlike_without_changing_old_defaults|tests/humanlike_v2/test_humanlike_player_integration.py::test_same_game_produces_same_decision_histories|tests/humanlike_v2/test_player_view_v2.py::test_gp021_all_visibility_fields_have_hidden_partial_exact_contracts|tests/humanlike_v2/test_player_view_v2.py::test_gp021_wall_and_concealed_gang_visibility_modes|tests/humanlike_v2/test_player_view_v2.py::test_v2_whitelist_hides_opponents_wall_and_sentinel|tests/test_analysis.py::test_an03_strategy_best_min_shanten|tests/test_session_scores.py::test_second_hand_starts_from_previous_totals|tests/test_session_scores.py::test_starting_scores_applied_at_run_start,tests/spec_v3/test_algo_006.py,false,tests/spec_v3/vectors/algo_006.jsonl,false,E1,Not Evaluated,PARTIAL_CANDIDATE,存在复合旧实现候选，但未隔离为v3单元，schema/错误/参数/状态/审计绑定及生产trace未按锁定规格核验,无规格歧义；按锁定DAG实施,AU-001|AU-035|AU-053|AU-059|AU-073
ALGO-007,六分量候选 Q 评价,确定算法,P2,REWRITE,engine/analysis,RULE_DELTA,engine/analysis/algo_007.py,false,engine/hand_utils.py|engine/legal.py|engine/physical_tile.py|engine/shanten.py|players/humanlike/candidates.py|players/humanlike/cognition.py|players/humanlike/player.py|players/humanlike/policy.py|players/humanlike/runtime.py|players/humanlike/view.py|protocols/player_view_builder.py|protocols/player_view_v2.py|training/observations_v2.py|training/oracle.py,engine/legal.py::action_in_legal|engine/legal.py::legal_actions|engine/legal.py::legal_discards|players/humanlike/candidates.py::CandidateSet|players/humanlike/candidates.py::build_candidates|players/humanlike/candidates.py::stable_action_key|players/humanlike/player.py::HumanlikeV2Player|players/humanlike/player.py::decide|players/humanlike/player.py::observe|players/humanlike/policy.py::CognitiveDecision|players/humanlike/policy.py::select_cognitively|players/humanlike/runtime.py::RoundRuntime|players/humanlike/runtime.py::apply_event|players/humanlike/runtime.py::create_round|protocols/player_view_builder.py::PlayerViewBuilder|protocols/player_view_builder.py::build|training/observations_v2.py::encode_observation_v2|training/observations_v2.py::flatten_observation_v2,engine/blood_battle.py::action_in_legal|engine/legal.py::legal_discards|engine/orchestrator.py::action_in_legal|players/humanlike/attention.py::stable_action_key|players/humanlike/audit_replay.py::HumanlikeV2Player|players/humanlike/player.py::build_candidates|players/humanlike/player.py::select_cognitively|players/humanlike/policy.py::CognitiveDecision|training/env.py::action_in_legal|training/env.py::encode_observation_v2,tests/humanlike_v2/test_cognition.py|tests/humanlike_v2/test_deterministic_policy.py|tests/humanlike_v2/test_humanlike_player_integration.py|tests/humanlike_v2/test_player_view_v2.py|tests/humanlike_v2/test_runtime.py|tests/humanlike_v2/test_training_contract_v2.py|tests/test_analysis.py,tests/humanlike_v2/test_cognition.py::test_bounded_noise_is_reproducible_and_stays_in_near_pool|tests/humanlike_v2/test_cognition.py::test_clear_score_gap_disables_noise_and_think_time_is_bounded|tests/humanlike_v2/test_cognition.py::test_mandatory_action_never_consumes_rng|tests/humanlike_v2/test_cognition.py::test_player_emits_trace_v2_and_cognitive_rp_slots|tests/humanlike_v2/test_deterministic_policy.py::test_evaluation_is_repeatable_and_rng_free|tests/humanlike_v2/test_deterministic_policy.py::test_hidden_opponent_hands_cannot_change_decision|tests/humanlike_v2/test_deterministic_policy.py::test_mandatory_hu_survives_candidate_cap|tests/humanlike_v2/test_deterministic_policy.py::test_player_dingque_and_trace_are_deterministic|tests/humanlike_v2/test_deterministic_policy.py::test_stable_action_key_is_explicit|tests/humanlike_v2/test_humanlike_player_integration.py::test_registry_exposes_humanlike_without_changing_old_defaults|tests/humanlike_v2/test_player_view_v2.py::test_gp021_all_visibility_fields_have_hidden_partial_exact_contracts|tests/humanlike_v2/test_player_view_v2.py::test_gp021_wall_and_concealed_gang_visibility_modes|tests/humanlike_v2/test_player_view_v2.py::test_v2_whitelist_hides_opponents_wall_and_sentinel|tests/humanlike_v2/test_runtime.py::test_event_decision_and_finalize_lifecycle|tests/humanlike_v2/test_runtime.py::test_unknown_rp_and_invalid_transition_fail|tests/humanlike_v2/test_training_contract_v2.py::test_v2_observation_shapes_and_no_hidden_fields|tests/test_analysis.py::test_an03_strategy_best_min_shanten,tests/spec_v3/test_algo_007.py,false,tests/spec_v3/vectors/algo_007.jsonl,false,E1,Not Evaluated,PARTIAL_CANDIDATE,规范冻结六分量Q及公式等级，旧评价器权重/中间量不等价,无规格歧义；按锁定DAG实施,AU-049|AU-059|AU-073|AU-076
ALGO-008,seed、噪声、思考时间与随机流确定派生,确定算法,P1,REWRITE,engine/analysis,REPLAY_BREAK|RNG_BREAK|RULE_DELTA,engine/analysis/algo_008.py,false,engine/hand_utils.py|engine/legal.py|engine/physical_tile.py|engine/session.py|engine/shanten.py|players/base_player.py|players/humanlike/candidates.py|players/humanlike/cognition.py|players/humanlike/runtime.py|players/humanlike/view.py|protocols/player_view_builder.py|protocols/player_view_v2.py|training/oracle.py,engine/legal.py::action_in_legal|engine/legal.py::legal_actions|engine/legal.py::legal_discards|engine/session.py::GameSession|engine/session.py::apply|engine/session.py::play_random_game|players/base_player.py::BasePlayer|players/base_player.py::observe|players/humanlike/candidates.py::CandidateSet|players/humanlike/candidates.py::build_candidates|players/humanlike/candidates.py::stable_action_key|players/humanlike/runtime.py::RoundRuntime|players/humanlike/runtime.py::apply_event|players/humanlike/runtime.py::create_round|protocols/player_view_builder.py::PlayerViewBuilder|protocols/player_view_builder.py::build,engine/blood_battle.py::action_in_legal|engine/legal.py::legal_discards|engine/orchestrator.py::GameSession|engine/orchestrator.py::action_in_legal|engine/session.py::GameSession|main.py::GameSession|players/analysis/predict_eval.py::GameSession|players/humanlike/attention.py::stable_action_key|players/humanlike/player.py::build_candidates|training/env.py::GameSession|training/env.py::action_in_legal,tests/humanlike_v2/test_deterministic_policy.py|tests/humanlike_v2/test_player_view_v2.py|tests/humanlike_v2/test_runtime.py|tests/test_analysis.py|tests/test_blood_battle.py,tests/humanlike_v2/test_deterministic_policy.py::test_evaluation_is_repeatable_and_rng_free|tests/humanlike_v2/test_deterministic_policy.py::test_mandatory_hu_survives_candidate_cap|tests/humanlike_v2/test_deterministic_policy.py::test_stable_action_key_is_explicit|tests/humanlike_v2/test_player_view_v2.py::test_gp021_all_visibility_fields_have_hidden_partial_exact_contracts|tests/humanlike_v2/test_player_view_v2.py::test_gp021_wall_and_concealed_gang_visibility_modes|tests/humanlike_v2/test_player_view_v2.py::test_v2_whitelist_hides_opponents_wall_and_sentinel|tests/humanlike_v2/test_runtime.py::test_event_decision_and_finalize_lifecycle|tests/humanlike_v2/test_runtime.py::test_unknown_rp_and_invalid_transition_fail|tests/test_analysis.py::test_an03_strategy_best_min_shanten|tests/test_blood_battle.py::test_b10_random_games_terminate|tests/test_blood_battle.py::test_b11_more_random|tests/test_blood_battle.py::test_session_wrapper,tests/spec_v3/test_algo_008.py,false,tests/spec_v3/vectors/algo_008.jsonl,false,E1,Not Evaluated,PARTIAL_CANDIDATE,规范要求命名随机域、噪声和思考时间统一派生，旧RNG入口分散,无规格歧义；按锁定DAG实施,AU-042|AU-073|AU-084
ALGO-009,配置类型/范围/版本校验、迁移与 canonical hash,确定算法,P0,REWRITE,engine/analysis,RULE_DELTA,engine/analysis/algo_009.py,false,configs/humanlike_v2/default.json|engine/exchange.py|engine/hand_utils.py|engine/opening.py|engine/persistence.py|engine/physical_tile.py|engine/shanten.py|players/humanlike/cognition.py|players/humanlike/config.py|players/humanlike/policy.py|players/humanlike/traceability.py,engine/persistence.py::load_game|engine/persistence.py::save_game|players/humanlike/cognition.py::CognitiveState|players/humanlike/cognition.py::begin_new_round|players/humanlike/config.py::HumanlikeConfig|players/humanlike/config.py::_validate_global_parameters|players/humanlike/config.py::load_config|players/humanlike/traceability.py::ParameterTrace|players/humanlike/traceability.py::_gp_consumer|players/humanlike/traceability.py::_rp_consumer,engine/orchestrator.py::save_game|main.py::load_game|players/humanlike/config.py::HumanlikeConfig|players/humanlike/config.py::_validate_global_parameters|players/humanlike/player.py::load_config|players/humanlike/settings_service.py::load_config|players/humanlike/traceability.py::ParameterTrace|players/humanlike/traceability.py::_gp_consumer,tests/humanlike_v2/test_cognition.py|tests/humanlike_v2/test_config.py,tests/humanlike_v2/test_cognition.py::test_bounded_noise_is_reproducible_and_stays_in_near_pool|tests/humanlike_v2/test_cognition.py::test_round_reset_keeps_only_bounded_public_impressions|tests/humanlike_v2/test_config.py::test_default_has_all_gp_profiles_and_stable_hash|tests/humanlike_v2/test_config.py::test_hash_ignores_json_format_and_key_order|tests/humanlike_v2/test_config.py::test_invalid_range_fails|tests/humanlike_v2/test_config.py::test_missing_gp_fails|tests/humanlike_v2/test_config.py::test_missing_player_cognitive_gp_fails|tests/humanlike_v2/test_config.py::test_non_normalized_weights_fail|tests/humanlike_v2/test_config.py::test_player_cognitive_parameters_are_independent|tests/humanlike_v2/test_config.py::test_unknown_version_fails,tests/spec_v3/test_algo_009.py,false,tests/spec_v3/vectors/algo_009.jsonl,false,E1,Not Evaluated,PARTIAL_CANDIDATE,规范要求60参数类型/范围/迁移/canonical hash统一门禁，旧配置只覆盖子集,无规格歧义；按锁定DAG实施,AU-004|AU-045|AU-048|AU-051|AU-069|AU-095
ALGO-010,PlayerView 白名单构建,确定算法,P1,ADAPT,engine/analysis,VISIBILITY,engine/analysis/algo_010.py,false,configs/humanlike_v2/default.json|engine/hand_utils.py|engine/physical_tile.py|engine/shanten.py|players/humanlike/config.py|players/humanlike/traceability.py|players/humanlike/view.py|protocols/player_view_builder.py|protocols/player_view_v2.py|training/oracle.py,players/humanlike/view.py::DecisionContext|players/humanlike/view.py::build_decision_context|protocols/player_view_builder.py::PlayerViewBuilder|protocols/player_view_builder.py::build|protocols/player_view_builder.py::build_legacy_dict|protocols/player_view_v2.py::PlayerViewV2|protocols/player_view_v2.py::freeze_mapping|protocols/player_view_v2.py::thaw,players/humanlike/player.py::build_decision_context|players/humanlike/view.py::PlayerViewV2|protocols/player_view_builder.py::PlayerViewV2|protocols/player_view_v2.py::freeze_mapping|protocols/view_filter.py::PlayerViewBuilder|protocols/view_filter.py::build_legacy_dict,tests/humanlike_v2/test_deterministic_policy.py|tests/humanlike_v2/test_player_view_v2.py,tests/humanlike_v2/test_deterministic_policy.py::test_context_rejects_wrong_view_version_and_seat|tests/humanlike_v2/test_player_view_v2.py::test_gp021_all_visibility_fields_have_hidden_partial_exact_contracts|tests/humanlike_v2/test_player_view_v2.py::test_gp021_wall_and_concealed_gang_visibility_modes|tests/humanlike_v2/test_player_view_v2.py::test_v2_whitelist_hides_opponents_wall_and_sentinel,tests/spec_v3/test_algo_010.py,false,tests/spec_v3/vectors/algo_010.jsonl,false,E1,Not Evaluated,PARTIAL_CANDIDATE,存在复合旧实现候选，但未隔离为v3单元，schema/错误/参数/状态/审计绑定及生产trace未按锁定规格核验,无规格歧义；按锁定DAG实施,AU-002|AU-058
ALGO-011,game_id 到牌墙、骰子及子随机流的确定映射,确定算法,P0,REWRITE,engine/analysis,REPLAY_BREAK|RNG_BREAK|RULE_DELTA,engine/analysis/algo_011.py,false,engine/hand_utils.py|engine/physical_tile.py|engine/shanten.py,,,,,tests/spec_v3/test_algo_011.py,false,tests/spec_v3/vectors/algo_011.jsonl,false,E1,Not Evaluated,NOT_FOUND,规范要求game_id派生全部命名子流，旧实现仅固定少量seed,无规格歧义；按锁定DAG实施,
HEUR-001,换三张候选评价,启发式策略,P3,ADAPT,players/humanlike,NONE,players/humanlike/heuristics/heur_001.py,false,engine/exchange.py|engine/opening.py|engine/shanten.py|engine/win_check.py|players/humanlike/evaluator.py|players/humanlike/hand_analyzer.py|players/humanlike/policy.py,engine/exchange.py::resolve_exchange_tiles|engine/exchange.py::validate_exchange_tiles|engine/shanten.py::shanten|engine/win_check.py::WinCheckResult|engine/win_check.py::WinForm|players/humanlike/hand_analyzer.py::HandFeatures|players/humanlike/hand_analyzer.py::analyze_action|players/humanlike/hand_analyzer.py::visible_hand,engine/score.py::shanten|players/humanlike/evaluator.py::analyze_action|players/humanlike/evaluator.py::visible_hand|players/humanlike/hand_analyzer.py::HandFeatures|players/humanlike/hand_analyzer.py::visible_hand|players/humanlike/player.py::analyze_action,tests/test_shanten.py|tests/test_win_fan.py,tests/test_shanten.py::test_s01_tenpai_shanten_0|tests/test_shanten.py::test_s02_winning_standard_shanten_neg1|tests/test_shanten.py::test_s03_seven_pairs_tenpai|tests/test_shanten.py::test_s04_dingque_raises_shanten|tests/test_win_fan.py::test_w01_standard_win|tests/test_win_fan.py::test_w02_seven_pairs,tests/spec_v3/test_heur_001.py,false,tests/spec_v3/vectors/heur_001.jsonl,false,E1,Not Evaluated,PARTIAL_CANDIDATE,存在复合旧实现候选，但未隔离为v3单元，schema/错误/参数/状态/审计绑定及生产trace未按锁定规格核验,无规格歧义；按锁定DAG实施,AU-011
HEUR-002,定缺花色评价,启发式策略,P2,ADAPT,players/humanlike,NONE,players/humanlike/heuristics/heur_002.py,false,engine/legal.py|engine/opening.py|engine/shanten.py|engine/win_check.py|players/humanlike/evaluator.py|players/humanlike/hand_analyzer.py|players/humanlike/policy.py,engine/opening.py::begin_opening|engine/opening.py::submit_exchange|engine/shanten.py::shanten|engine/win_check.py::WinCheckResult|engine/win_check.py::WinForm|players/humanlike/hand_analyzer.py::HandFeatures|players/humanlike/hand_analyzer.py::analyze_action|players/humanlike/hand_analyzer.py::visible_hand,engine/score.py::shanten|players/humanlike/evaluator.py::analyze_action|players/humanlike/evaluator.py::visible_hand|players/humanlike/hand_analyzer.py::HandFeatures|players/humanlike/hand_analyzer.py::visible_hand|players/humanlike/player.py::analyze_action,tests/test_exchange_dingque.py,tests/test_exchange_dingque.py::test_human_face_exchange_resolves_to_physical_tiles|tests/test_exchange_dingque.py::test_t03_full_exchange_to_dingque|tests/test_exchange_dingque.py::test_t04_multiset_transfer|tests/test_exchange_dingque.py::test_t05_illegal_exchange|tests/test_exchange_dingque.py::test_t06_overwrite_pending|tests/test_exchange_dingque.py::test_t07_fixed_clockwise|tests/test_exchange_dingque.py::test_t09_dingque_overwrite|tests/test_exchange_dingque.py::test_wrong_phase_ops,tests/spec_v3/test_heur_002.py,false,tests/spec_v3/vectors/heur_002.jsonl,false,E1,Not Evaluated,PARTIAL_CANDIDATE,存在复合旧实现候选，但未隔离为v3单元，schema/错误/参数/状态/审计绑定及生产trace未按锁定规格核验,无规格歧义；按锁定DAG实施,AU-012
HEUR-003,动态风格调节,启发式策略,P0,ADAPT,players/humanlike,NONE,players/humanlike/heuristics/heur_003.py,false,configs/humanlike_v2/default.json|engine/exchange.py|engine/opening.py|players/analysis/opponent_model.py|players/humanlike/belief.py|players/humanlike/cognition.py|players/humanlike/config.py|players/humanlike/policy.py|players/humanlike/traceability.py,players/humanlike/cognition.py::CognitiveState|players/humanlike/cognition.py::begin_new_round|players/humanlike/config.py::HumanlikeConfig|players/humanlike/config.py::_validate_global_parameters|players/humanlike/config.py::load_config|players/humanlike/traceability.py::ParameterTrace|players/humanlike/traceability.py::_gp_consumer|players/humanlike/traceability.py::_rp_consumer,players/humanlike/config.py::HumanlikeConfig|players/humanlike/config.py::_validate_global_parameters|players/humanlike/player.py::load_config|players/humanlike/settings_service.py::load_config|players/humanlike/traceability.py::ParameterTrace|players/humanlike/traceability.py::_gp_consumer,tests/humanlike_v2/test_cognition.py|tests/humanlike_v2/test_config.py,tests/humanlike_v2/test_cognition.py::test_bounded_noise_is_reproducible_and_stays_in_near_pool|tests/humanlike_v2/test_cognition.py::test_round_reset_keeps_only_bounded_public_impressions|tests/humanlike_v2/test_config.py::test_default_has_all_gp_profiles_and_stable_hash|tests/humanlike_v2/test_config.py::test_hash_ignores_json_format_and_key_order|tests/humanlike_v2/test_config.py::test_invalid_range_fails|tests/humanlike_v2/test_config.py::test_missing_gp_fails|tests/humanlike_v2/test_config.py::test_non_normalized_weights_fail|tests/humanlike_v2/test_config.py::test_unknown_version_fails,tests/spec_v3/test_heur_003.py,false,tests/spec_v3/vectors/heur_003.jsonl,false,E1,Not Evaluated,PARTIAL_CANDIDATE,存在复合旧实现候选，但未隔离为v3单元，schema/错误/参数/状态/审计绑定及生产trace未按锁定规格核验,无规格歧义；按锁定DAG实施,AU-004|AU-005|AU-020
HEUR-004,初始做牌方向形成,启发式策略,P2,ADAPT,players/humanlike,NONE,players/humanlike/heuristics/heur_004.py,false,engine/shanten.py|engine/win_check.py|players/humanlike/cognition.py|players/humanlike/hand_analyzer.py|players/humanlike/plan.py|players/humanlike/player.py|players/humanlike/policy.py,engine/shanten.py::shanten|players/humanlike/cognition.py::CognitiveState|players/humanlike/cognition.py::begin_new_round|players/humanlike/cognition.py::update_memory|players/humanlike/hand_analyzer.py::analyze_action|players/humanlike/hand_analyzer.py::visible_hand|players/humanlike/plan.py::PlanSnapshot|players/humanlike/plan.py::choose_plan|players/humanlike/player.py::HumanlikeV2Player|players/humanlike/player.py::decide|players/humanlike/player.py::observe|players/humanlike/policy.py::CognitiveDecision|players/humanlike/policy.py::select_cognitively,engine/score.py::shanten|engine/shanten.py::shanten|players/analysis/discard_accuracy.py::shanten|players/analysis/pipeline.py::shanten|players/analysis/strategy.py::shanten|players/humanlike/audit_replay.py::HumanlikeV2Player|players/humanlike/evaluator.py::choose_plan|players/humanlike/hand_analyzer.py::shanten|players/humanlike/plan.py::PlanSnapshot|players/humanlike/player.py::begin_new_round|players/humanlike/player.py::select_cognitively|players/humanlike/player.py::update_memory|players/humanlike/policy.py::CognitiveDecision,tests/humanlike_v2/test_cognition.py|tests/humanlike_v2/test_deterministic_policy.py|tests/humanlike_v2/test_humanlike_player_integration.py|tests/test_shanten.py,tests/humanlike_v2/test_cognition.py::test_bounded_noise_is_reproducible_and_stays_in_near_pool|tests/humanlike_v2/test_cognition.py::test_clear_score_gap_disables_noise_and_think_time_is_bounded|tests/humanlike_v2/test_cognition.py::test_mandatory_action_never_consumes_rng|tests/humanlike_v2/test_cognition.py::test_player_emits_trace_v2_and_cognitive_rp_slots|tests/humanlike_v2/test_cognition.py::test_round_reset_keeps_only_bounded_public_impressions|tests/humanlike_v2/test_deterministic_policy.py::test_hidden_opponent_hands_cannot_change_decision|tests/humanlike_v2/test_deterministic_policy.py::test_player_dingque_and_trace_are_deterministic|tests/humanlike_v2/test_humanlike_player_integration.py::test_registry_exposes_humanlike_without_changing_old_defaults|tests/test_shanten.py::test_s01_tenpai_shanten_0|tests/test_shanten.py::test_s02_winning_standard_shanten_neg1|tests/test_shanten.py::test_s03_seven_pairs_tenpai|tests/test_shanten.py::test_s04_dingque_raises_shanten,tests/spec_v3/test_heur_004.py,false,tests/spec_v3/vectors/heur_004.jsonl,false,E1,Not Evaluated,PARTIAL_CANDIDATE,存在复合旧实现候选，但未隔离为v3单元，schema/错误/参数/状态/审计绑定及生产trace未按锁定规格核验,无规格歧义；按锁定DAG实施,AU-008|AU-014|AU-059
HEUR-005,主备计划生命周期,启发式策略,P2,ADAPT,players/humanlike,NONE,players/humanlike/heuristics/heur_005.py,false,engine/blood_battle.py|engine/orchestrator.py|engine/shanten.py|engine/win_check.py|players/analysis/danger.py|players/analysis/opponent_model.py|players/humanlike/belief.py|players/humanlike/cognition.py|players/humanlike/hand_analyzer.py|players/humanlike/plan.py|players/humanlike/player.py|players/humanlike/policy.py,engine/orchestrator.py::PlayerGameRunner|engine/orchestrator.py::_play_seat_action|engine/orchestrator.py::run|players/analysis/danger.py::danger_map_for_tiles|players/analysis/danger.py::rate_discard_danger|players/analysis/opponent_model.py::estimate_opponents|players/humanlike/belief.py::PublicBelief|players/humanlike/belief.py::build_public_belief|players/humanlike/cognition.py::CognitiveState|players/humanlike/cognition.py::begin_new_round|players/humanlike/cognition.py::update_memory|players/humanlike/hand_analyzer.py::HandFeatures|players/humanlike/hand_analyzer.py::analyze_action|players/humanlike/hand_analyzer.py::visible_hand|players/humanlike/plan.py::PlanSnapshot|players/humanlike/plan.py::choose_plan|players/humanlike/player.py::HumanlikeV2Player|players/humanlike/player.py::decide|players/humanlike/player.py::observe|players/humanlike/policy.py::CognitiveDecision|players/humanlike/policy.py::select_cognitively,display/app.py::PlayerGameRunner|engine/orchestrator.py::PlayerGameRunner|engine/orchestrator.py::_play_seat_action|main.py::PlayerGameRunner|main.py::_play_seat_action|players/analysis/danger.py::rate_discard_danger|players/analysis/discard_accuracy.py::estimate_opponents|players/analysis/pipeline.py::danger_map_for_tiles|players/analysis/pipeline.py::estimate_opponents|players/humanlike/audit_replay.py::HumanlikeV2Player|players/humanlike/belief.py::PublicBelief|players/humanlike/evaluator.py::choose_plan|players/humanlike/plan.py::PlanSnapshot|players/humanlike/player.py::begin_new_round|players/humanlike/player.py::build_public_belief|players/humanlike/player.py::select_cognitively|players/humanlike/player.py::update_memory|players/humanlike/policy.py::CognitiveDecision,tests/humanlike_v2/test_cognition.py|tests/humanlike_v2/test_deterministic_policy.py|tests/humanlike_v2/test_humanlike_player_integration.py|tests/test_discard_recommend.py|tests/test_f0011_integrated.py|tests/test_session_scores.py,tests/humanlike_v2/test_cognition.py::test_bounded_noise_is_reproducible_and_stays_in_near_pool|tests/humanlike_v2/test_cognition.py::test_clear_score_gap_disables_noise_and_think_time_is_bounded|tests/humanlike_v2/test_cognition.py::test_mandatory_action_never_consumes_rng|tests/humanlike_v2/test_cognition.py::test_player_emits_trace_v2_and_cognitive_rp_slots|tests/humanlike_v2/test_cognition.py::test_round_reset_keeps_only_bounded_public_impressions|tests/humanlike_v2/test_deterministic_policy.py::test_evaluation_is_repeatable_and_rng_free|tests/humanlike_v2/test_deterministic_policy.py::test_hidden_opponent_hands_cannot_change_decision|tests/humanlike_v2/test_deterministic_policy.py::test_player_dingque_and_trace_are_deterministic|tests/humanlike_v2/test_deterministic_policy.py::test_public_belief_uses_only_visible_counts|tests/humanlike_v2/test_humanlike_player_integration.py::test_humanlike_self_play_has_no_policy_crash_or_full_state_channel|tests/humanlike_v2/test_humanlike_player_integration.py::test_registry_exposes_humanlike_without_changing_old_defaults|tests/humanlike_v2/test_humanlike_player_integration.py::test_same_game_produces_same_decision_histories|tests/test_discard_recommend.py::test_strategy_ranks_include_ukeire_tiles|tests/test_f0011_integrated.py::test_build_f0010_context_and_rank|tests/test_f0011_integrated.py::test_fan_proxy_and_baseline_compat|tests/test_session_scores.py::test_second_hand_starts_from_previous_totals|tests/test_session_scores.py::test_starting_scores_applied_at_run_start,tests/spec_v3/test_heur_005.py,false,tests/spec_v3/vectors/heur_005.jsonl,false,E1,Not Evaluated,PARTIAL_CANDIDATE,存在复合旧实现候选，但未隔离为v3单元，schema/错误/参数/状态/审计绑定及生产trace未按锁定规格核验,无规格歧义；按锁定DAG实施,AU-009|AU-014|AU-017|AU-025|AU-035|AU-059
HEUR-006,定缺花色环境评估,启发式策略,P3,ADAPT,players/humanlike,NONE,players/humanlike/heuristics/heur_006.py,false,engine/legal.py|engine/opening.py|players/humanlike/evaluator.py|players/humanlike/policy.py|players/humanlike/view.py|protocols/player_view_builder.py|protocols/player_view_v2.py|training/oracle.py,players/humanlike/view.py::DecisionContext|players/humanlike/view.py::build_decision_context|protocols/player_view_builder.py::PlayerViewBuilder|protocols/player_view_builder.py::build|protocols/player_view_builder.py::build_legacy_dict|protocols/player_view_v2.py::PlayerViewV2|protocols/player_view_v2.py::freeze_mapping|protocols/player_view_v2.py::thaw,players/humanlike/player.py::build_decision_context|players/humanlike/view.py::PlayerViewV2|protocols/player_view_builder.py::PlayerViewV2|protocols/player_view_v2.py::freeze_mapping|protocols/view_filter.py::PlayerViewBuilder|protocols/view_filter.py::build_legacy_dict,tests/humanlike_v2/test_deterministic_policy.py|tests/humanlike_v2/test_player_view_v2.py,tests/humanlike_v2/test_deterministic_policy.py::test_context_rejects_wrong_view_version_and_seat|tests/humanlike_v2/test_player_view_v2.py::test_gp021_all_visibility_fields_have_hidden_partial_exact_contracts|tests/humanlike_v2/test_player_view_v2.py::test_gp021_wall_and_concealed_gang_visibility_modes|tests/humanlike_v2/test_player_view_v2.py::test_v2_whitelist_hides_opponents_wall_and_sentinel,tests/spec_v3/test_heur_006.py,false,tests/spec_v3/vectors/heur_006.jsonl,false,E1,Not Evaluated,PARTIAL_CANDIDATE,存在复合旧实现候选，但未隔离为v3单元，schema/错误/参数/状态/审计绑定及生产trace未按锁定规格核验,无规格歧义；按锁定DAG实施,AU-015
HEUR-007,公开事件驱动的逐家方向更新,启发式策略,P2,ADAPT,players/humanlike,NONE,players/humanlike/heuristics/heur_007.py,false,engine/blood_battle.py|engine/legal.py|engine/orchestrator.py|engine/session.py|engine/shanten.py|engine/win_check.py|players/analysis/danger.py|players/analysis/opponent_model.py|players/humanlike/belief.py|players/humanlike/hand_analyzer.py|players/humanlike/policy.py,engine/blood_battle.py::active_seats|engine/blood_battle.py::apply_action|engine/blood_battle.py::next_active|engine/orchestrator.py::PlayerGameRunner|engine/orchestrator.py::run|engine/session.py::GameSession|engine/session.py::apply|engine/session.py::play_random_game|players/analysis/danger.py::danger_map_for_tiles|players/analysis/danger.py::rate_discard_danger|players/analysis/opponent_model.py::estimate_opponents|players/humanlike/belief.py::PublicBelief|players/humanlike/belief.py::build_public_belief|players/humanlike/hand_analyzer.py::HandFeatures|players/humanlike/hand_analyzer.py::analyze_action|players/humanlike/hand_analyzer.py::visible_hand,engine/blood_battle.py::active_seats|engine/blood_battle.py::next_active|engine/orchestrator.py::next_active|engine/session.py::apply_action|main.py::GameSession|players/analysis/danger.py::rate_discard_danger|players/analysis/discard_accuracy.py::estimate_opponents|players/analysis/pipeline.py::danger_map_for_tiles|players/analysis/pipeline.py::estimate_opponents|players/humanlike/belief.py::PublicBelief|players/humanlike/player.py::build_public_belief|training/env.py::next_active,tests/humanlike_v2/test_deterministic_policy.py|tests/humanlike_v2/test_humanlike_player_integration.py|tests/test_blood_battle.py|tests/test_discard_recommend.py|tests/test_f0011_integrated.py,tests/humanlike_v2/test_deterministic_policy.py::test_evaluation_is_repeatable_and_rng_free|tests/humanlike_v2/test_deterministic_policy.py::test_public_belief_uses_only_visible_counts|tests/humanlike_v2/test_humanlike_player_integration.py::test_humanlike_self_play_has_no_policy_crash_or_full_state_channel|tests/humanlike_v2/test_humanlike_player_integration.py::test_same_game_produces_same_decision_histories|tests/test_blood_battle.py::test_b02_discard_pass_cycle|tests/test_blood_battle.py::test_b10_random_games_terminate|tests/test_blood_battle.py::test_b11_more_random|tests/test_blood_battle.py::test_blood_battle_continues_after_first_hu|tests/test_blood_battle.py::test_force_complete_response_unblocks|tests/test_blood_battle.py::test_illegal_action|tests/test_discard_recommend.py::test_strategy_ranks_include_ukeire_tiles|tests/test_f0011_integrated.py::test_build_f0010_context_and_rank|tests/test_f0011_integrated.py::test_fan_proxy_and_baseline_compat,tests/spec_v3/test_heur_007.py,false,tests/spec_v3/vectors/heur_007.jsonl,false,E1,Not Evaluated,PARTIAL_CANDIDATE,存在复合旧实现候选，但未隔离为v3单元，schema/错误/参数/状态/审计绑定及生产trace未按锁定规格核验,无规格歧义；按锁定DAG实施,AU-017|AU-026
HEUR-008,整场比分与剩余局效用调节,启发式策略,P3,ADAPT,players/humanlike,NONE,players/humanlike/heuristics/heur_008.py,false,configs/humanlike_v2/default.json|players/humanlike/cognition.py|players/humanlike/config.py|players/humanlike/policy.py|players/humanlike/traceability.py,players/humanlike/cognition.py::CognitiveState|players/humanlike/cognition.py::begin_new_round|players/humanlike/config.py::HumanlikeConfig|players/humanlike/config.py::_validate_global_parameters|players/humanlike/config.py::load_config|players/humanlike/traceability.py::ParameterTrace|players/humanlike/traceability.py::_gp_consumer|players/humanlike/traceability.py::_rp_consumer,players/humanlike/config.py::HumanlikeConfig|players/humanlike/config.py::_validate_global_parameters|players/humanlike/player.py::load_config|players/humanlike/settings_service.py::load_config|players/humanlike/traceability.py::ParameterTrace|players/humanlike/traceability.py::_gp_consumer,tests/humanlike_v2/test_cognition.py|tests/humanlike_v2/test_config.py,tests/humanlike_v2/test_cognition.py::test_bounded_noise_is_reproducible_and_stays_in_near_pool|tests/humanlike_v2/test_cognition.py::test_round_reset_keeps_only_bounded_public_impressions|tests/humanlike_v2/test_config.py::test_default_has_all_gp_profiles_and_stable_hash|tests/humanlike_v2/test_config.py::test_hash_ignores_json_format_and_key_order|tests/humanlike_v2/test_config.py::test_invalid_range_fails|tests/humanlike_v2/test_config.py::test_missing_gp_fails|tests/humanlike_v2/test_config.py::test_non_normalized_weights_fail|tests/humanlike_v2/test_config.py::test_unknown_version_fails,tests/spec_v3/test_heur_008.py,false,tests/spec_v3/vectors/heur_008.jsonl,false,E1,Not Evaluated,PARTIAL_CANDIDATE,存在复合旧实现候选，但未隔离为v3单元，schema/错误/参数/状态/审计绑定及生产trace未按锁定规格核验,无规格歧义；按锁定DAG实施,AU-019
HEUR-009,先胡、做大和血战顺序效用,启发式策略,P0,ADAPT,players/humanlike,NONE,players/humanlike/heuristics/heur_009.py,false,engine/blood_battle.py|engine/legal.py|engine/orchestrator.py|engine/session.py|players/analysis/danger.py|players/analysis/opponent_model.py|players/humanlike/belief.py|players/humanlike/policy.py|players/humanlike/view.py|protocols/player_view_builder.py|protocols/player_view_v2.py|training/oracle.py,engine/blood_battle.py::active_seats|engine/blood_battle.py::apply_action|engine/blood_battle.py::next_active|players/analysis/danger.py::danger_map_for_tiles|players/analysis/danger.py::rate_discard_danger|players/analysis/opponent_model.py::estimate_opponents|players/humanlike/belief.py::PublicBelief|players/humanlike/belief.py::build_public_belief|players/humanlike/view.py::DecisionContext|players/humanlike/view.py::build_decision_context|protocols/player_view_builder.py::PlayerViewBuilder|protocols/player_view_builder.py::build|protocols/player_view_builder.py::build_legacy_dict|protocols/player_view_v2.py::PlayerViewV2|protocols/player_view_v2.py::freeze_mapping|protocols/player_view_v2.py::thaw,players/analysis/danger.py::rate_discard_danger|players/analysis/discard_accuracy.py::estimate_opponents|players/analysis/pipeline.py::danger_map_for_tiles|players/analysis/pipeline.py::estimate_opponents|players/humanlike/belief.py::PublicBelief|players/humanlike/player.py::build_decision_context|players/humanlike/player.py::build_public_belief|players/humanlike/view.py::PlayerViewV2|protocols/player_view_builder.py::PlayerViewV2|protocols/player_view_v2.py::freeze_mapping|protocols/view_filter.py::PlayerViewBuilder|protocols/view_filter.py::build_legacy_dict,tests/humanlike_v2/test_deterministic_policy.py|tests/humanlike_v2/test_player_view_v2.py|tests/test_blood_battle.py|tests/test_discard_recommend.py|tests/test_f0011_integrated.py,tests/humanlike_v2/test_deterministic_policy.py::test_context_rejects_wrong_view_version_and_seat|tests/humanlike_v2/test_deterministic_policy.py::test_evaluation_is_repeatable_and_rng_free|tests/humanlike_v2/test_deterministic_policy.py::test_public_belief_uses_only_visible_counts|tests/humanlike_v2/test_player_view_v2.py::test_gp021_all_visibility_fields_have_hidden_partial_exact_contracts|tests/humanlike_v2/test_player_view_v2.py::test_gp021_wall_and_concealed_gang_visibility_modes|tests/humanlike_v2/test_player_view_v2.py::test_v2_whitelist_hides_opponents_wall_and_sentinel|tests/test_blood_battle.py::test_b02_discard_pass_cycle|tests/test_blood_battle.py::test_blood_battle_continues_after_first_hu|tests/test_blood_battle.py::test_force_complete_response_unblocks|tests/test_blood_battle.py::test_illegal_action|tests/test_discard_recommend.py::test_strategy_ranks_include_ukeire_tiles|tests/test_f0011_integrated.py::test_build_f0010_context_and_rank,tests/spec_v3/test_heur_009.py,false,tests/spec_v3/vectors/heur_009.jsonl,false,E1,Not Evaluated,PARTIAL_CANDIDATE,存在复合旧实现候选，但未隔离为v3单元，schema/错误/参数/状态/审计绑定及生产trace未按锁定规格核验,无规格歧义；按锁定DAG实施,AU-018|AU-024
HEUR-010,多目标冲突复核,启发式策略,P2,ADAPT,players/humanlike,NONE,players/humanlike/heuristics/heur_010.py,false,players/humanlike/cognition.py|players/humanlike/evaluator.py|players/humanlike/plan.py|players/humanlike/policy.py,players/humanlike/cognition.py::CognitiveState|players/humanlike/cognition.py::begin_new_round|players/humanlike/cognition.py::update_memory|players/humanlike/evaluator.py::EvaluationResult|players/humanlike/evaluator.py::ScoredCandidate|players/humanlike/evaluator.py::evaluate_candidates|players/humanlike/plan.py::PlanSnapshot|players/humanlike/plan.py::choose_plan,players/humanlike/evaluator.py::EvaluationResult|players/humanlike/evaluator.py::choose_plan|players/humanlike/plan.py::PlanSnapshot|players/humanlike/player.py::begin_new_round|players/humanlike/player.py::evaluate_candidates|players/humanlike/player.py::update_memory,tests/humanlike_v2/test_cognition.py|tests/humanlike_v2/test_deterministic_policy.py,tests/humanlike_v2/test_cognition.py::test_bounded_noise_is_reproducible_and_stays_in_near_pool|tests/humanlike_v2/test_cognition.py::test_clear_score_gap_disables_noise_and_think_time_is_bounded|tests/humanlike_v2/test_cognition.py::test_round_reset_keeps_only_bounded_public_impressions|tests/humanlike_v2/test_deterministic_policy.py::test_evaluation_is_repeatable_and_rng_free,tests/spec_v3/test_heur_010.py,false,tests/spec_v3/vectors/heur_010.jsonl,false,E1,Not Evaluated,PARTIAL_CANDIDATE,存在复合旧实现候选，但未隔离为v3单元，schema/错误/参数/状态/审计绑定及生产trace未按锁定规格核验,无规格歧义；按锁定DAG实施,AU-021
HEUR-011,番型边际做牌价值,启发式策略,P1,ADAPT,players/humanlike,NONE,players/humanlike/heuristics/heur_011.py,false,configs/fan_table.json|configs/humanlike_v2/default.json|engine/fan.py|players/humanlike/config.py|players/humanlike/policy.py|players/humanlike/traceability.py,engine/fan.py::FanTable|engine/fan.py::apply_fan_cap|engine/fan.py::compute_fan|players/humanlike/config.py::HumanlikeConfig|players/humanlike/config.py::_validate_global_parameters|players/humanlike/config.py::load_config|players/humanlike/traceability.py::ParameterTrace|players/humanlike/traceability.py::_gp_consumer,engine/blood_battle.py::compute_fan|engine/fan.py::apply_fan_cap|players/humanlike/config.py::HumanlikeConfig|players/humanlike/config.py::_validate_global_parameters|players/humanlike/player.py::load_config|players/humanlike/settings_service.py::load_config,tests/humanlike_v2/test_config.py,tests/humanlike_v2/test_config.py::test_default_has_all_gp_profiles_and_stable_hash|tests/humanlike_v2/test_config.py::test_hash_ignores_json_format_and_key_order|tests/humanlike_v2/test_config.py::test_invalid_range_fails|tests/humanlike_v2/test_config.py::test_missing_gp_fails|tests/humanlike_v2/test_config.py::test_missing_player_cognitive_gp_fails|tests/humanlike_v2/test_config.py::test_non_normalized_weights_fail|tests/humanlike_v2/test_config.py::test_player_cognitive_parameters_are_independent|tests/humanlike_v2/test_config.py::test_unknown_version_fails,tests/spec_v3/test_heur_011.py,false,tests/spec_v3/vectors/heur_011.jsonl,false,E1,Not Evaluated,PARTIAL_CANDIDATE,存在复合旧实现候选，但未隔离为v3单元，schema/错误/参数/状态/审计绑定及生产trace未按锁定规格核验,无规格歧义；按锁定DAG实施,AU-022
HEUR-012,碰牌策略评价,启发式策略,P0,ADAPT,players/humanlike,NONE,players/humanlike/heuristics/heur_012.py,false,configs/humanlike_v2/default.json|engine/legal.py|engine/shanten.py|players/humanlike/candidates.py|players/humanlike/config.py|players/humanlike/hand_analyzer.py|players/humanlike/policy.py|players/humanlike/traceability.py,engine/legal.py::action_in_legal|engine/legal.py::legal_actions|engine/legal.py::legal_discards|players/humanlike/candidates.py::CandidateSet|players/humanlike/candidates.py::build_candidates|players/humanlike/candidates.py::stable_action_key|players/humanlike/config.py::HumanlikeConfig|players/humanlike/config.py::load_config,engine/blood_battle.py::action_in_legal|engine/legal.py::legal_discards|engine/orchestrator.py::action_in_legal|players/humanlike/attention.py::stable_action_key|players/humanlike/player.py::build_candidates|training/env.py::action_in_legal,tests/humanlike_v2/test_config.py,tests/humanlike_v2/test_config.py::test_default_has_all_gp_profiles_and_stable_hash|tests/humanlike_v2/test_config.py::test_hash_ignores_json_format_and_key_order|tests/humanlike_v2/test_config.py::test_invalid_range_fails|tests/humanlike_v2/test_config.py::test_missing_gp_fails|tests/humanlike_v2/test_config.py::test_missing_player_cognitive_gp_fails|tests/humanlike_v2/test_config.py::test_non_normalized_weights_fail|tests/humanlike_v2/test_config.py::test_player_cognitive_parameters_are_independent|tests/humanlike_v2/test_config.py::test_unknown_version_fails,tests/spec_v3/test_heur_012.py,false,tests/spec_v3/vectors/heur_012.jsonl,false,E1,Not Evaluated,PARTIAL_CANDIDATE,存在复合旧实现候选，但未隔离为v3单元，schema/错误/参数/状态/审计绑定及生产trace未按锁定规格核验,无规格歧义；按锁定DAG实施,AU-034
HEUR-013,杠牌策略评价,启发式策略,P0,ADAPT,players/humanlike,NONE,players/humanlike/heuristics/heur_013.py,false,engine/blood_battle.py|engine/legal.py|engine/session.py|players/analysis/danger.py|players/analysis/opponent_model.py|players/humanlike/belief.py|players/humanlike/candidates.py|players/humanlike/policy.py,engine/legal.py::action_in_legal|engine/legal.py::legal_actions|engine/legal.py::legal_discards|players/humanlike/belief.py::PublicBelief|players/humanlike/belief.py::build_public_belief|players/humanlike/candidates.py::CandidateSet|players/humanlike/candidates.py::build_candidates|players/humanlike/candidates.py::stable_action_key,engine/blood_battle.py::action_in_legal|engine/legal.py::legal_discards|engine/orchestrator.py::action_in_legal|players/humanlike/attention.py::stable_action_key|players/humanlike/player.py::build_candidates|training/env.py::action_in_legal,tests/humanlike_v2/test_deterministic_policy.py|tests/test_analysis.py,tests/humanlike_v2/test_deterministic_policy.py::test_evaluation_is_repeatable_and_rng_free|tests/humanlike_v2/test_deterministic_policy.py::test_mandatory_hu_survives_candidate_cap|tests/humanlike_v2/test_deterministic_policy.py::test_public_belief_uses_only_visible_counts|tests/humanlike_v2/test_deterministic_policy.py::test_stable_action_key_is_explicit|tests/test_analysis.py::test_an03_strategy_best_min_shanten,tests/spec_v3/test_heur_013.py,false,tests/spec_v3/vectors/heur_013.jsonl,false,E1,Not Evaluated,PARTIAL_CANDIDATE,存在复合旧实现候选，但未隔离为v3单元，schema/错误/参数/状态/审计绑定及生产trace未按锁定规格核验,无规格歧义；按锁定DAG实施,AU-033
HEUR-014,出牌牌效与结构保留策略,启发式策略,P3,ADAPT,players/humanlike,NONE,players/humanlike/heuristics/heur_014.py,false,engine/legal.py|engine/shanten.py|engine/win_check.py|players/humanlike/candidates.py|players/humanlike/hand_analyzer.py|players/humanlike/policy.py,engine/legal.py::action_in_legal|engine/legal.py::legal_actions|engine/legal.py::legal_discards|players/humanlike/candidates.py::CandidateSet|players/humanlike/candidates.py::build_candidates|players/humanlike/candidates.py::stable_action_key|players/humanlike/hand_analyzer.py::analyze_action|players/humanlike/hand_analyzer.py::visible_hand,engine/blood_battle.py::action_in_legal|engine/legal.py::legal_discards|engine/orchestrator.py::action_in_legal|players/humanlike/attention.py::stable_action_key|players/humanlike/player.py::build_candidates|training/env.py::action_in_legal,tests/humanlike_v2/test_deterministic_policy.py|tests/test_analysis.py,tests/humanlike_v2/test_deterministic_policy.py::test_evaluation_is_repeatable_and_rng_free|tests/humanlike_v2/test_deterministic_policy.py::test_mandatory_hu_survives_candidate_cap|tests/humanlike_v2/test_deterministic_policy.py::test_stable_action_key_is_explicit|tests/test_analysis.py::test_an03_strategy_best_min_shanten,tests/spec_v3/test_heur_014.py,false,tests/spec_v3/vectors/heur_014.jsonl,false,E1,Not Evaluated,PARTIAL_CANDIDATE,存在复合旧实现候选，但未隔离为v3单元，schema/错误/参数/状态/审计绑定及生产trace未按锁定规格核验,无规格歧义；按锁定DAG实施,AU-036
HEUR-015,防守偏好与安全牌选择,启发式策略,P2,ADAPT,players/humanlike,NONE,players/humanlike/heuristics/heur_015.py,false,players/analysis/danger.py|players/analysis/opponent_model.py|players/humanlike/belief.py|players/humanlike/policy.py|training/env.py,players/analysis/danger.py::danger_map_for_tiles|players/analysis/danger.py::rate_discard_danger|players/analysis/opponent_model.py::estimate_opponents|players/humanlike/belief.py::PublicBelief|players/humanlike/belief.py::build_public_belief|training/env.py::ChengduMahjongEnv|training/env.py::reset|training/env.py::step,players/analysis/danger.py::rate_discard_danger|players/analysis/discard_accuracy.py::estimate_opponents|players/analysis/pipeline.py::danger_map_for_tiles|players/analysis/pipeline.py::estimate_opponents|players/humanlike/belief.py::PublicBelief|players/humanlike/player.py::build_public_belief|training/env.py::ChengduMahjongEnv|training/spaces.py::ChengduMahjongEnv,tests/humanlike_v2/test_deterministic_policy.py|tests/humanlike_v2/test_training_contract_v2.py|tests/test_discard_recommend.py|tests/test_env.py|tests/test_f0011_integrated.py,tests/humanlike_v2/test_deterministic_policy.py::test_evaluation_is_repeatable_and_rng_free|tests/humanlike_v2/test_deterministic_policy.py::test_public_belief_uses_only_visible_counts|tests/humanlike_v2/test_training_contract_v2.py::test_illegal_raise_preserves_state_and_terminate_penalizes|tests/humanlike_v2/test_training_contract_v2.py::test_v1_integer_semantics_remain_legal_list_index|tests/humanlike_v2/test_training_contract_v2.py::test_v2_fixed_index_and_shaping_off|tests/humanlike_v2/test_training_contract_v2.py::test_v2_observation_shapes_and_no_hidden_fields|tests/humanlike_v2/test_training_contract_v2.py::test_v2_shaping_is_separate_from_true_score|tests/test_discard_recommend.py::test_strategy_ranks_include_ukeire_tiles|tests/test_env.py::test_e01_reset_returns_obs_with_legals|tests/test_env.py::test_e03_illegal_action_raises|tests/test_env.py::test_e04_same_game_id_dealt_hands|tests/test_f0011_integrated.py::test_build_f0010_context_and_rank|tests/test_f0011_integrated.py::test_fan_proxy_and_baseline_compat,tests/spec_v3/test_heur_015.py,false,tests/spec_v3/vectors/heur_015.jsonl,false,E1,Not Evaluated,PARTIAL_CANDIDATE,存在复合旧实现候选，但未隔离为v3单元，schema/错误/参数/状态/审计绑定及生产trace未按锁定规格核验,无规格歧义；按锁定DAG实施,AU-037|AU-075
HEUR-016,行为序列推断,启发式策略,P2,ADD,players/humanlike,NONE,players/humanlike/heuristics/heur_016.py,false,players/humanlike/policy.py,,,,,tests/spec_v3/test_heur_016.py,false,tests/spec_v3/vectors/heur_016.jsonl,false,E1,Not Evaluated,NOT_FOUND,未找到可核查的独立生产符号；需按锁定规格新增单元,无规格歧义；按锁定DAG实施,AU-028
HEUR-017,思考节奏生成,启发式策略,P2,ADAPT,players/humanlike,REPLAY_BREAK|RNG_BREAK,players/humanlike/heuristics/heur_017.py,false,players/humanlike/cognition.py|players/humanlike/plan.py|players/humanlike/policy.py,players/humanlike/cognition.py::CognitiveState|players/humanlike/cognition.py::begin_new_round|players/humanlike/cognition.py::update_memory|players/humanlike/plan.py::PlanSnapshot|players/humanlike/plan.py::choose_plan,players/humanlike/evaluator.py::choose_plan|players/humanlike/plan.py::PlanSnapshot|players/humanlike/player.py::begin_new_round|players/humanlike/player.py::update_memory,tests/humanlike_v2/test_cognition.py,tests/humanlike_v2/test_cognition.py::test_bounded_noise_is_reproducible_and_stays_in_near_pool|tests/humanlike_v2/test_cognition.py::test_round_reset_keeps_only_bounded_public_impressions,tests/spec_v3/test_heur_017.py,false,tests/spec_v3/vectors/heur_017.jsonl,false,E1,Not Evaluated,PARTIAL_CANDIDATE,存在复合旧实现候选，但未隔离为v3单元，schema/错误/参数/状态/审计绑定及生产trace未按锁定规格核验,无规格歧义；按锁定DAG实施,AU-038
HEUR-018,安全牌储备、扣牌与信息表达,启发式策略,P2,ADAPT,players/humanlike,NONE,players/humanlike/heuristics/heur_018.py,false,players/humanlike/cognition.py|players/humanlike/plan.py|players/humanlike/policy.py,players/humanlike/cognition.py::CognitiveState|players/humanlike/cognition.py::begin_new_round|players/humanlike/cognition.py::update_memory|players/humanlike/plan.py::PlanSnapshot|players/humanlike/plan.py::choose_plan,players/humanlike/evaluator.py::choose_plan|players/humanlike/plan.py::PlanSnapshot|players/humanlike/player.py::begin_new_round|players/humanlike/player.py::update_memory,tests/humanlike_v2/test_cognition.py,tests/humanlike_v2/test_cognition.py::test_bounded_noise_is_reproducible_and_stays_in_near_pool|tests/humanlike_v2/test_cognition.py::test_round_reset_keeps_only_bounded_public_impressions,tests/spec_v3/test_heur_018.py,false,tests/spec_v3/vectors/heur_018.jsonl,false,E1,Not Evaluated,PARTIAL_CANDIDATE,存在复合旧实现候选，但未隔离为v3单元，schema/错误/参数/状态/审计绑定及生产trace未按锁定规格核验,无规格歧义；按锁定DAG实施,AU-028|AU-038
HEUR-019,Top-K 有限注意分配,启发式策略,P2,ADAPT,players/humanlike,NONE,players/humanlike/heuristics/heur_019.py,false,engine/blood_battle.py|engine/legal.py|engine/orchestrator.py|engine/session.py|players/humanlike/candidates.py|players/humanlike/cognition.py|players/humanlike/player.py|players/humanlike/policy.py|players/humanlike/runtime.py|players/humanlike/view.py|protocols/player_view_builder.py|protocols/player_view_v2.py|training/observations_v2.py|training/oracle.py,engine/blood_battle.py::active_seats|engine/blood_battle.py::apply_action|engine/blood_battle.py::next_active|engine/legal.py::action_in_legal|engine/legal.py::legal_actions|engine/legal.py::legal_discards|engine/orchestrator.py::PlayerGameRunner|engine/orchestrator.py::run|engine/session.py::GameSession|engine/session.py::apply|engine/session.py::play_random_game|players/humanlike/candidates.py::CandidateSet|players/humanlike/candidates.py::build_candidates|players/humanlike/candidates.py::stable_action_key|players/humanlike/player.py::HumanlikeV2Player|players/humanlike/player.py::decide|players/humanlike/player.py::observe|players/humanlike/policy.py::CognitiveDecision|players/humanlike/policy.py::select_cognitively|players/humanlike/runtime.py::RoundRuntime|players/humanlike/runtime.py::apply_event|players/humanlike/runtime.py::create_round|protocols/player_view_builder.py::PlayerViewBuilder|protocols/player_view_builder.py::build|training/observations_v2.py::encode_observation_v2|training/observations_v2.py::flatten_observation_v2,engine/blood_battle.py::action_in_legal|engine/blood_battle.py::active_seats|engine/blood_battle.py::next_active|engine/legal.py::legal_discards|engine/orchestrator.py::action_in_legal|engine/orchestrator.py::next_active|engine/session.py::apply_action|main.py::GameSession|players/humanlike/attention.py::stable_action_key|players/humanlike/audit_replay.py::HumanlikeV2Player|players/humanlike/player.py::build_candidates|players/humanlike/player.py::select_cognitively|players/humanlike/policy.py::CognitiveDecision|training/env.py::action_in_legal|training/env.py::encode_observation_v2|training/env.py::next_active,tests/humanlike_v2/test_cognition.py|tests/humanlike_v2/test_deterministic_policy.py|tests/humanlike_v2/test_humanlike_player_integration.py|tests/humanlike_v2/test_player_view_v2.py|tests/humanlike_v2/test_runtime.py|tests/humanlike_v2/test_training_contract_v2.py|tests/test_analysis.py|tests/test_blood_battle.py,tests/humanlike_v2/test_cognition.py::test_bounded_noise_is_reproducible_and_stays_in_near_pool|tests/humanlike_v2/test_cognition.py::test_clear_score_gap_disables_noise_and_think_time_is_bounded|tests/humanlike_v2/test_cognition.py::test_mandatory_action_never_consumes_rng|tests/humanlike_v2/test_cognition.py::test_player_emits_trace_v2_and_cognitive_rp_slots|tests/humanlike_v2/test_deterministic_policy.py::test_evaluation_is_repeatable_and_rng_free|tests/humanlike_v2/test_deterministic_policy.py::test_hidden_opponent_hands_cannot_change_decision|tests/humanlike_v2/test_deterministic_policy.py::test_mandatory_hu_survives_candidate_cap|tests/humanlike_v2/test_deterministic_policy.py::test_player_dingque_and_trace_are_deterministic|tests/humanlike_v2/test_deterministic_policy.py::test_stable_action_key_is_explicit|tests/humanlike_v2/test_humanlike_player_integration.py::test_humanlike_self_play_has_no_policy_crash_or_full_state_channel|tests/humanlike_v2/test_humanlike_player_integration.py::test_registry_exposes_humanlike_without_changing_old_defaults|tests/humanlike_v2/test_humanlike_player_integration.py::test_same_game_produces_same_decision_histories|tests/humanlike_v2/test_player_view_v2.py::test_gp021_all_visibility_fields_have_hidden_partial_exact_contracts|tests/humanlike_v2/test_player_view_v2.py::test_gp021_wall_and_concealed_gang_visibility_modes|tests/humanlike_v2/test_player_view_v2.py::test_v2_whitelist_hides_opponents_wall_and_sentinel|tests/humanlike_v2/test_runtime.py::test_event_decision_and_finalize_lifecycle|tests/humanlike_v2/test_runtime.py::test_unknown_rp_and_invalid_transition_fail|tests/humanlike_v2/test_training_contract_v2.py::test_v2_observation_shapes_and_no_hidden_fields|tests/test_analysis.py::test_an03_strategy_best_min_shanten|tests/test_blood_battle.py::test_b02_discard_pass_cycle|tests/test_blood_battle.py::test_b10_random_games_terminate|tests/test_blood_battle.py::test_b11_more_random|tests/test_blood_battle.py::test_blood_battle_continues_after_first_hu|tests/test_blood_battle.py::test_force_complete_response_unblocks|tests/test_blood_battle.py::test_illegal_action,tests/spec_v3/test_heur_019.py,false,tests/spec_v3/vectors/heur_019.jsonl,false,E1,Not Evaluated,PARTIAL_CANDIDATE,存在复合旧实现候选，但未隔离为v3单元，schema/错误/参数/状态/审计绑定及生产trace未按锁定规格核验,无规格歧义；按锁定DAG实施,AU-026|AU-042|AU-059|AU-073|AU-076
HEUR-020,有界记忆衰减与强化,启发式策略,P0,ADAPT,players/humanlike,NONE,players/humanlike/heuristics/heur_020.py,false,configs/humanlike_v2/default.json|engine/fan.py|engine/score.py|players/humanlike/cognition.py|players/humanlike/config.py|players/humanlike/memory.py|players/humanlike/player.py|players/humanlike/policy.py|players/humanlike/runtime.py|players/humanlike/traceability.py|training/observations_v2.py,engine/fan.py::FanTable|engine/fan.py::apply_fan_cap|engine/fan.py::compute_fan|engine/score.py::ScoreService|engine/score.py::apply_hu_dianpao|engine/score.py::apply_hu_zimo|players/humanlike/cognition.py::CognitiveState|players/humanlike/cognition.py::begin_new_round|players/humanlike/cognition.py::update_memory|players/humanlike/config.py::HumanlikeConfig|players/humanlike/config.py::_validate_global_parameters|players/humanlike/config.py::load_config|players/humanlike/memory.py::MemoryStore|players/humanlike/memory.py::extract_visible_tokens|players/humanlike/memory.py::update|players/humanlike/player.py::HumanlikeV2Player|players/humanlike/player.py::decide|players/humanlike/player.py::observe|players/humanlike/policy.py::CognitiveDecision|players/humanlike/policy.py::select_cognitively|players/humanlike/runtime.py::RoundRuntime|players/humanlike/runtime.py::create_round|players/humanlike/traceability.py::ParameterTrace|players/humanlike/traceability.py::_gp_consumer|players/humanlike/traceability.py::_rp_consumer|training/observations_v2.py::encode_observation_v2|training/observations_v2.py::flatten_observation_v2,engine/blood_battle.py::ScoreService|engine/blood_battle.py::apply_hu_dianpao|engine/blood_battle.py::apply_hu_zimo|engine/blood_battle.py::compute_fan|engine/fan.py::apply_fan_cap|players/humanlike/audit_replay.py::HumanlikeV2Player|players/humanlike/cognition.py::MemoryStore|players/humanlike/cognition.py::extract_visible_tokens|players/humanlike/config.py::HumanlikeConfig|players/humanlike/config.py::_validate_global_parameters|players/humanlike/player.py::begin_new_round|players/humanlike/player.py::load_config|players/humanlike/player.py::select_cognitively|players/humanlike/player.py::update_memory|players/humanlike/policy.py::CognitiveDecision|players/humanlike/settings_service.py::load_config|players/humanlike/traceability.py::ParameterTrace|players/humanlike/traceability.py::_gp_consumer|training/env.py::encode_observation_v2,tests/humanlike_v2/test_cognition.py|tests/humanlike_v2/test_config.py|tests/humanlike_v2/test_deterministic_policy.py|tests/humanlike_v2/test_humanlike_player_integration.py|tests/humanlike_v2/test_training_contract_v2.py|tests/test_score.py|tests/test_score_ledger.py,tests/humanlike_v2/test_cognition.py::test_bounded_noise_is_reproducible_and_stays_in_near_pool|tests/humanlike_v2/test_cognition.py::test_clear_score_gap_disables_noise_and_think_time_is_bounded|tests/humanlike_v2/test_cognition.py::test_cumulative_visible_history_is_not_a_new_memory_prompt|tests/humanlike_v2/test_cognition.py::test_mandatory_action_never_consumes_rng|tests/humanlike_v2/test_cognition.py::test_memory_capacity_evicts_stably|tests/humanlike_v2/test_cognition.py::test_memory_decay_fuzziness_and_public_reinforcement|tests/humanlike_v2/test_cognition.py::test_player_emits_trace_v2_and_cognitive_rp_slots|tests/humanlike_v2/test_cognition.py::test_round_reset_keeps_only_bounded_public_impressions|tests/humanlike_v2/test_config.py::test_default_has_all_gp_profiles_and_stable_hash|tests/humanlike_v2/test_config.py::test_hash_ignores_json_format_and_key_order|tests/humanlike_v2/test_config.py::test_invalid_range_fails|tests/humanlike_v2/test_config.py::test_missing_gp_fails|tests/humanlike_v2/test_config.py::test_non_normalized_weights_fail|tests/humanlike_v2/test_config.py::test_unknown_version_fails|tests/humanlike_v2/test_deterministic_policy.py::test_hidden_opponent_hands_cannot_change_decision|tests/humanlike_v2/test_deterministic_policy.py::test_player_dingque_and_trace_are_deterministic|tests/humanlike_v2/test_humanlike_player_integration.py::test_registry_exposes_humanlike_without_changing_old_defaults|tests/humanlike_v2/test_training_contract_v2.py::test_v2_observation_shapes_and_no_hidden_fields|tests/test_score.py::test_sc01_dianpao_fan2|tests/test_score.py::test_sc02_multi_ron|tests/test_score.py::test_sc03_zimo|tests/test_score.py::test_sc04_an_gang|tests/test_score.py::test_sc05_hua_zhu|tests/test_score.py::test_score_events_written|tests/test_score_ledger.py::test_build_game_result_includes_score_events|tests/test_score_ledger.py::test_ledger_matches_balances,tests/spec_v3/test_heur_020.py,false,tests/spec_v3/vectors/heur_020.jsonl,false,E1,Not Evaluated,PARTIAL_CANDIDATE,存在复合旧实现候选，但未隔离为v3单元，schema/错误/参数/状态/审计绑定及生产trace未按锁定规格核验,无规格歧义；按锁定DAG实施,AU-003|AU-027|AU-039|AU-041|AU-059|AU-076
HEUR-021,有限推演与满意停止,启发式策略,P2,ADAPT,players/humanlike,NONE,players/humanlike/heuristics/heur_021.py,false,engine/legal.py|players/humanlike/candidates.py|players/humanlike/cognition.py|players/humanlike/player.py|players/humanlike/policy.py|players/humanlike/runtime.py|players/humanlike/view.py|protocols/player_view_builder.py|protocols/player_view_v2.py|training/oracle.py,engine/legal.py::action_in_legal|engine/legal.py::legal_actions|engine/legal.py::legal_discards|players/humanlike/candidates.py::CandidateSet|players/humanlike/candidates.py::build_candidates|players/humanlike/candidates.py::stable_action_key|players/humanlike/player.py::HumanlikeV2Player|players/humanlike/player.py::decide|players/humanlike/player.py::observe|players/humanlike/policy.py::CognitiveDecision|players/humanlike/policy.py::select_cognitively|players/humanlike/runtime.py::RoundRuntime|players/humanlike/runtime.py::apply_event|players/humanlike/runtime.py::create_round|protocols/player_view_builder.py::PlayerViewBuilder|protocols/player_view_builder.py::build,engine/blood_battle.py::action_in_legal|engine/legal.py::legal_discards|engine/orchestrator.py::action_in_legal|players/humanlike/attention.py::stable_action_key|players/humanlike/audit_replay.py::HumanlikeV2Player|players/humanlike/player.py::build_candidates|players/humanlike/player.py::select_cognitively|players/humanlike/policy.py::CognitiveDecision|training/env.py::action_in_legal,tests/humanlike_v2/test_cognition.py|tests/humanlike_v2/test_deterministic_policy.py|tests/humanlike_v2/test_humanlike_player_integration.py|tests/humanlike_v2/test_player_view_v2.py|tests/humanlike_v2/test_runtime.py|tests/test_analysis.py,tests/humanlike_v2/test_cognition.py::test_bounded_noise_is_reproducible_and_stays_in_near_pool|tests/humanlike_v2/test_cognition.py::test_clear_score_gap_disables_noise_and_think_time_is_bounded|tests/humanlike_v2/test_cognition.py::test_mandatory_action_never_consumes_rng|tests/humanlike_v2/test_cognition.py::test_player_emits_trace_v2_and_cognitive_rp_slots|tests/humanlike_v2/test_deterministic_policy.py::test_evaluation_is_repeatable_and_rng_free|tests/humanlike_v2/test_deterministic_policy.py::test_hidden_opponent_hands_cannot_change_decision|tests/humanlike_v2/test_deterministic_policy.py::test_mandatory_hu_survives_candidate_cap|tests/humanlike_v2/test_deterministic_policy.py::test_player_dingque_and_trace_are_deterministic|tests/humanlike_v2/test_deterministic_policy.py::test_stable_action_key_is_explicit|tests/humanlike_v2/test_humanlike_player_integration.py::test_registry_exposes_humanlike_without_changing_old_defaults|tests/humanlike_v2/test_player_view_v2.py::test_gp021_all_visibility_fields_have_hidden_partial_exact_contracts|tests/humanlike_v2/test_player_view_v2.py::test_gp021_wall_and_concealed_gang_visibility_modes|tests/humanlike_v2/test_player_view_v2.py::test_v2_whitelist_hides_opponents_wall_and_sentinel|tests/humanlike_v2/test_runtime.py::test_event_decision_and_finalize_lifecycle|tests/humanlike_v2/test_runtime.py::test_unknown_rp_and_invalid_transition_fail|tests/test_analysis.py::test_an03_strategy_best_min_shanten,tests/spec_v3/test_heur_021.py,false,tests/spec_v3/vectors/heur_021.jsonl,false,E1,Not Evaluated,PARTIAL_CANDIDATE,存在复合旧实现候选，但未隔离为v3单元，schema/错误/参数/状态/审计绑定及生产trace未按锁定规格核验,无规格歧义；按锁定DAG实施,AU-042|AU-059|AU-073
HEUR-022,人格、水平与情绪状态消费,启发式策略,P0,ADAPT,players/humanlike,NONE,players/humanlike/heuristics/heur_022.py,false,configs/humanlike_v2/default.json|players/analysis/opponent_model.py|players/humanlike/belief.py|players/humanlike/cognition.py|players/humanlike/config.py|players/humanlike/memory.py|players/humanlike/policy.py|players/humanlike/traceability.py,players/humanlike/cognition.py::CognitiveState|players/humanlike/cognition.py::begin_new_round|players/humanlike/config.py::HumanlikeConfig|players/humanlike/config.py::_validate_global_parameters|players/humanlike/config.py::load_config|players/humanlike/traceability.py::ParameterTrace|players/humanlike/traceability.py::_gp_consumer|players/humanlike/traceability.py::_rp_consumer,players/humanlike/config.py::HumanlikeConfig|players/humanlike/config.py::_validate_global_parameters|players/humanlike/player.py::load_config|players/humanlike/settings_service.py::load_config|players/humanlike/traceability.py::ParameterTrace|players/humanlike/traceability.py::_gp_consumer,tests/humanlike_v2/test_cognition.py|tests/humanlike_v2/test_config.py,tests/humanlike_v2/test_cognition.py::test_bounded_noise_is_reproducible_and_stays_in_near_pool|tests/humanlike_v2/test_cognition.py::test_round_reset_keeps_only_bounded_public_impressions|tests/humanlike_v2/test_config.py::test_default_has_all_gp_profiles_and_stable_hash|tests/humanlike_v2/test_config.py::test_hash_ignores_json_format_and_key_order|tests/humanlike_v2/test_config.py::test_invalid_range_fails|tests/humanlike_v2/test_config.py::test_missing_gp_fails|tests/humanlike_v2/test_config.py::test_non_normalized_weights_fail|tests/humanlike_v2/test_config.py::test_unknown_version_fails,tests/spec_v3/test_heur_022.py,false,tests/spec_v3/vectors/heur_022.jsonl,false,E1,Not Evaluated,PARTIAL_CANDIDATE,存在复合旧实现候选，但未隔离为v3单元，schema/错误/参数/状态/审计绑定及生产trace未按锁定规格核验,无规格歧义；按锁定DAG实施,AU-020|AU-041
HEUR-023,有界近似选择与人类失误,启发式策略,P2,ADAPT,players/humanlike,REPLAY_BREAK|RNG_BREAK,players/humanlike/heuristics/heur_023.py,false,engine/legal.py|players/humanlike/candidates.py|players/humanlike/cognition.py|players/humanlike/plan.py|players/humanlike/player.py|players/humanlike/policy.py|players/humanlike/runtime.py|players/humanlike/view.py|protocols/player_view_builder.py|protocols/player_view_v2.py|training/oracle.py,engine/legal.py::action_in_legal|engine/legal.py::legal_actions|engine/legal.py::legal_discards|players/humanlike/candidates.py::CandidateSet|players/humanlike/candidates.py::build_candidates|players/humanlike/candidates.py::stable_action_key|players/humanlike/cognition.py::CognitiveState|players/humanlike/cognition.py::begin_new_round|players/humanlike/cognition.py::update_memory|players/humanlike/plan.py::PlanSnapshot|players/humanlike/plan.py::choose_plan|players/humanlike/player.py::HumanlikeV2Player|players/humanlike/player.py::decide|players/humanlike/player.py::observe|players/humanlike/policy.py::CognitiveDecision|players/humanlike/policy.py::select_cognitively|players/humanlike/runtime.py::RoundRuntime|players/humanlike/runtime.py::apply_event|players/humanlike/runtime.py::create_round|protocols/player_view_builder.py::PlayerViewBuilder|protocols/player_view_builder.py::build,engine/blood_battle.py::action_in_legal|engine/legal.py::legal_discards|engine/orchestrator.py::action_in_legal|players/humanlike/attention.py::stable_action_key|players/humanlike/audit_replay.py::HumanlikeV2Player|players/humanlike/evaluator.py::choose_plan|players/humanlike/plan.py::PlanSnapshot|players/humanlike/player.py::begin_new_round|players/humanlike/player.py::build_candidates|players/humanlike/player.py::select_cognitively|players/humanlike/player.py::update_memory|players/humanlike/policy.py::CognitiveDecision|training/env.py::action_in_legal,tests/humanlike_v2/test_cognition.py|tests/humanlike_v2/test_deterministic_policy.py|tests/humanlike_v2/test_humanlike_player_integration.py|tests/humanlike_v2/test_player_view_v2.py|tests/humanlike_v2/test_runtime.py|tests/test_analysis.py,tests/humanlike_v2/test_cognition.py::test_bounded_noise_is_reproducible_and_stays_in_near_pool|tests/humanlike_v2/test_cognition.py::test_clear_score_gap_disables_noise_and_think_time_is_bounded|tests/humanlike_v2/test_cognition.py::test_mandatory_action_never_consumes_rng|tests/humanlike_v2/test_cognition.py::test_player_emits_trace_v2_and_cognitive_rp_slots|tests/humanlike_v2/test_cognition.py::test_round_reset_keeps_only_bounded_public_impressions|tests/humanlike_v2/test_deterministic_policy.py::test_evaluation_is_repeatable_and_rng_free|tests/humanlike_v2/test_deterministic_policy.py::test_hidden_opponent_hands_cannot_change_decision|tests/humanlike_v2/test_deterministic_policy.py::test_mandatory_hu_survives_candidate_cap|tests/humanlike_v2/test_deterministic_policy.py::test_player_dingque_and_trace_are_deterministic|tests/humanlike_v2/test_deterministic_policy.py::test_stable_action_key_is_explicit|tests/humanlike_v2/test_humanlike_player_integration.py::test_registry_exposes_humanlike_without_changing_old_defaults|tests/humanlike_v2/test_player_view_v2.py::test_gp021_all_visibility_fields_have_hidden_partial_exact_contracts|tests/humanlike_v2/test_player_view_v2.py::test_gp021_wall_and_concealed_gang_visibility_modes|tests/humanlike_v2/test_player_view_v2.py::test_v2_whitelist_hides_opponents_wall_and_sentinel|tests/humanlike_v2/test_runtime.py::test_event_decision_and_finalize_lifecycle|tests/humanlike_v2/test_runtime.py::test_unknown_rp_and_invalid_transition_fail|tests/test_analysis.py::test_an03_strategy_best_min_shanten,tests/spec_v3/test_heur_023.py,false,tests/spec_v3/vectors/heur_023.jsonl,false,E1,Not Evaluated,PARTIAL_CANDIDATE,存在复合旧实现候选，但未隔离为v3单元，schema/错误/参数/状态/审计绑定及生产trace未按锁定规格核验,无规格歧义；按锁定DAG实施,AU-038|AU-042|AU-059|AU-073
MODEL-001,逐对手归一化方向/牌型假设,概率模型,P2,ADAPT,ml/modeling,VISIBILITY,players/humanlike/models/model_001.py,false,engine/shanten.py|players/analysis/danger.py|players/analysis/opponent_model.py|players/humanlike/belief.py|players/humanlike/cognition.py|players/humanlike/hand_analyzer.py|players/humanlike/plan.py|players/humanlike/player.py|players/humanlike/policy.py|players/humanlike/view.py|protocols/player_view_builder.py|protocols/player_view_v2.py|training/env.py|training/oracle.py,players/analysis/danger.py::danger_map_for_tiles|players/analysis/danger.py::rate_discard_danger|players/analysis/opponent_model.py::estimate_opponents|players/humanlike/belief.py::PublicBelief|players/humanlike/belief.py::build_public_belief|players/humanlike/cognition.py::CognitiveState|players/humanlike/cognition.py::begin_new_round|players/humanlike/cognition.py::update_memory|players/humanlike/plan.py::PlanSnapshot|players/humanlike/plan.py::choose_plan|players/humanlike/player.py::HumanlikeV2Player|players/humanlike/player.py::decide|players/humanlike/player.py::observe|players/humanlike/policy.py::CognitiveDecision|players/humanlike/policy.py::select_cognitively|players/humanlike/view.py::DecisionContext|players/humanlike/view.py::build_decision_context|protocols/player_view_builder.py::PlayerViewBuilder|protocols/player_view_builder.py::build|protocols/player_view_builder.py::build_legacy_dict|protocols/player_view_v2.py::PlayerViewV2|protocols/player_view_v2.py::freeze_mapping|protocols/player_view_v2.py::thaw|training/env.py::ChengduMahjongEnv|training/env.py::reset|training/env.py::step,players/analysis/danger.py::rate_discard_danger|players/analysis/discard_accuracy.py::estimate_opponents|players/analysis/pipeline.py::danger_map_for_tiles|players/analysis/pipeline.py::estimate_opponents|players/humanlike/audit_replay.py::HumanlikeV2Player|players/humanlike/belief.py::PublicBelief|players/humanlike/evaluator.py::choose_plan|players/humanlike/plan.py::PlanSnapshot|players/humanlike/player.py::begin_new_round|players/humanlike/player.py::build_decision_context|players/humanlike/player.py::build_public_belief|players/humanlike/player.py::select_cognitively|players/humanlike/player.py::update_memory|players/humanlike/policy.py::CognitiveDecision|players/humanlike/view.py::PlayerViewV2|protocols/player_view_builder.py::PlayerViewV2|protocols/player_view_v2.py::freeze_mapping|protocols/view_filter.py::PlayerViewBuilder|protocols/view_filter.py::build_legacy_dict|training/env.py::ChengduMahjongEnv|training/spaces.py::ChengduMahjongEnv,tests/humanlike_v2/test_cognition.py|tests/humanlike_v2/test_deterministic_policy.py|tests/humanlike_v2/test_humanlike_player_integration.py|tests/humanlike_v2/test_player_view_v2.py|tests/humanlike_v2/test_training_contract_v2.py|tests/test_discard_recommend.py|tests/test_env.py|tests/test_f0011_integrated.py,tests/humanlike_v2/test_cognition.py::test_bounded_noise_is_reproducible_and_stays_in_near_pool|tests/humanlike_v2/test_cognition.py::test_clear_score_gap_disables_noise_and_think_time_is_bounded|tests/humanlike_v2/test_cognition.py::test_mandatory_action_never_consumes_rng|tests/humanlike_v2/test_cognition.py::test_player_emits_trace_v2_and_cognitive_rp_slots|tests/humanlike_v2/test_cognition.py::test_round_reset_keeps_only_bounded_public_impressions|tests/humanlike_v2/test_deterministic_policy.py::test_context_rejects_wrong_view_version_and_seat|tests/humanlike_v2/test_deterministic_policy.py::test_evaluation_is_repeatable_and_rng_free|tests/humanlike_v2/test_deterministic_policy.py::test_hidden_opponent_hands_cannot_change_decision|tests/humanlike_v2/test_deterministic_policy.py::test_player_dingque_and_trace_are_deterministic|tests/humanlike_v2/test_deterministic_policy.py::test_public_belief_uses_only_visible_counts|tests/humanlike_v2/test_humanlike_player_integration.py::test_registry_exposes_humanlike_without_changing_old_defaults|tests/humanlike_v2/test_player_view_v2.py::test_gp021_all_visibility_fields_have_hidden_partial_exact_contracts|tests/humanlike_v2/test_player_view_v2.py::test_gp021_wall_and_concealed_gang_visibility_modes|tests/humanlike_v2/test_player_view_v2.py::test_v2_whitelist_hides_opponents_wall_and_sentinel|tests/humanlike_v2/test_training_contract_v2.py::test_illegal_raise_preserves_state_and_terminate_penalizes|tests/humanlike_v2/test_training_contract_v2.py::test_v1_integer_semantics_remain_legal_list_index|tests/humanlike_v2/test_training_contract_v2.py::test_v2_fixed_index_and_shaping_off|tests/humanlike_v2/test_training_contract_v2.py::test_v2_observation_shapes_and_no_hidden_fields|tests/humanlike_v2/test_training_contract_v2.py::test_v2_shaping_is_separate_from_true_score|tests/test_discard_recommend.py::test_strategy_ranks_include_ukeire_tiles|tests/test_env.py::test_e01_reset_returns_obs_with_legals|tests/test_env.py::test_e03_illegal_action_raises|tests/test_env.py::test_e04_same_game_id_dealt_hands|tests/test_f0011_integrated.py::test_build_f0010_context_and_rank|tests/test_f0011_integrated.py::test_fan_proxy_and_baseline_compat,tests/spec_v3/test_model_001.py,false,tests/spec_v3/vectors/model_001.jsonl,false,E1,Not Evaluated,PARTIAL_CANDIDATE,存在复合旧实现候选，但未隔离为v3单元，schema/错误/参数/状态/审计绑定及生产trace未按锁定规格核验,无规格歧义；按锁定DAG实施,AU-007|AU-016|AU-050|AU-059|AU-075
MODEL-002,逐对手听牌/等待/损失风险模型,概率模型,P2,ADAPT,ml/modeling,VISIBILITY,players/humanlike/models/model_002.py,false,players/analysis/danger.py|players/analysis/opponent_model.py|players/humanlike/belief.py|players/humanlike/player.py|players/humanlike/policy.py|players/humanlike/view.py|protocols/player_view_builder.py|protocols/player_view_v2.py|training/env.py|training/oracle.py,players/analysis/danger.py::danger_map_for_tiles|players/analysis/danger.py::rate_discard_danger|players/analysis/opponent_model.py::estimate_opponents|players/humanlike/belief.py::PublicBelief|players/humanlike/belief.py::build_public_belief|players/humanlike/player.py::HumanlikeV2Player|players/humanlike/player.py::decide|players/humanlike/player.py::observe|players/humanlike/policy.py::CognitiveDecision|players/humanlike/policy.py::select_cognitively|players/humanlike/view.py::DecisionContext|players/humanlike/view.py::build_decision_context|protocols/player_view_builder.py::PlayerViewBuilder|protocols/player_view_builder.py::build|protocols/player_view_builder.py::build_legacy_dict|protocols/player_view_v2.py::PlayerViewV2|protocols/player_view_v2.py::freeze_mapping|protocols/player_view_v2.py::thaw|training/env.py::ChengduMahjongEnv|training/env.py::reset|training/env.py::step,players/analysis/danger.py::rate_discard_danger|players/analysis/discard_accuracy.py::estimate_opponents|players/analysis/pipeline.py::danger_map_for_tiles|players/analysis/pipeline.py::estimate_opponents|players/humanlike/audit_replay.py::HumanlikeV2Player|players/humanlike/belief.py::PublicBelief|players/humanlike/player.py::build_decision_context|players/humanlike/player.py::build_public_belief|players/humanlike/player.py::select_cognitively|players/humanlike/policy.py::CognitiveDecision|players/humanlike/view.py::PlayerViewV2|protocols/player_view_builder.py::PlayerViewV2|protocols/player_view_v2.py::freeze_mapping|protocols/view_filter.py::PlayerViewBuilder|protocols/view_filter.py::build_legacy_dict|training/env.py::ChengduMahjongEnv|training/spaces.py::ChengduMahjongEnv,tests/humanlike_v2/test_cognition.py|tests/humanlike_v2/test_deterministic_policy.py|tests/humanlike_v2/test_humanlike_player_integration.py|tests/humanlike_v2/test_player_view_v2.py|tests/humanlike_v2/test_training_contract_v2.py|tests/test_discard_recommend.py|tests/test_env.py|tests/test_f0011_integrated.py,tests/humanlike_v2/test_cognition.py::test_bounded_noise_is_reproducible_and_stays_in_near_pool|tests/humanlike_v2/test_cognition.py::test_clear_score_gap_disables_noise_and_think_time_is_bounded|tests/humanlike_v2/test_cognition.py::test_mandatory_action_never_consumes_rng|tests/humanlike_v2/test_cognition.py::test_player_emits_trace_v2_and_cognitive_rp_slots|tests/humanlike_v2/test_deterministic_policy.py::test_context_rejects_wrong_view_version_and_seat|tests/humanlike_v2/test_deterministic_policy.py::test_evaluation_is_repeatable_and_rng_free|tests/humanlike_v2/test_deterministic_policy.py::test_hidden_opponent_hands_cannot_change_decision|tests/humanlike_v2/test_deterministic_policy.py::test_player_dingque_and_trace_are_deterministic|tests/humanlike_v2/test_deterministic_policy.py::test_public_belief_uses_only_visible_counts|tests/humanlike_v2/test_humanlike_player_integration.py::test_registry_exposes_humanlike_without_changing_old_defaults|tests/humanlike_v2/test_player_view_v2.py::test_gp021_all_visibility_fields_have_hidden_partial_exact_contracts|tests/humanlike_v2/test_player_view_v2.py::test_gp021_wall_and_concealed_gang_visibility_modes|tests/humanlike_v2/test_player_view_v2.py::test_v2_whitelist_hides_opponents_wall_and_sentinel|tests/humanlike_v2/test_training_contract_v2.py::test_illegal_raise_preserves_state_and_terminate_penalizes|tests/humanlike_v2/test_training_contract_v2.py::test_v1_integer_semantics_remain_legal_list_index|tests/humanlike_v2/test_training_contract_v2.py::test_v2_fixed_index_and_shaping_off|tests/humanlike_v2/test_training_contract_v2.py::test_v2_observation_shapes_and_no_hidden_fields|tests/humanlike_v2/test_training_contract_v2.py::test_v2_shaping_is_separate_from_true_score|tests/test_discard_recommend.py::test_strategy_ranks_include_ukeire_tiles|tests/test_env.py::test_e01_reset_returns_obs_with_legals|tests/test_env.py::test_e03_illegal_action_raises|tests/test_env.py::test_e04_same_game_id_dealt_hands|tests/test_f0011_integrated.py::test_build_f0010_context_and_rank|tests/test_f0011_integrated.py::test_fan_proxy_and_baseline_compat,tests/spec_v3/test_model_002.py,false,tests/spec_v3/vectors/model_002.jsonl,false,E1,Not Evaluated,PARTIAL_CANDIDATE,存在复合旧实现候选，但未隔离为v3单元，schema/错误/参数/状态/审计绑定及生产trace未按锁定规格核验,无规格歧义；按锁定DAG实施,AU-037|AU-050|AU-059|AU-075
MODEL-003,仅公开信息的跨局对手画像学习,概率模型,P0,ADAPT,ml/modeling,VISIBILITY,players/humanlike/models/model_003.py,false,configs/humanlike_v2/default.json|engine/audit.py|players/analysis/opponent_model.py|players/humanlike/cognition.py|players/humanlike/config.py|players/humanlike/memory.py|players/humanlike/player.py|players/humanlike/policy.py|players/humanlike/runtime.py|players/humanlike/traceability.py,engine/audit.py::DecisionAuditWriter|engine/audit.py::record_decision|engine/audit.py::verify_audit|players/humanlike/cognition.py::CognitiveState|players/humanlike/cognition.py::begin_new_round|players/humanlike/cognition.py::update_memory|players/humanlike/config.py::HumanlikeConfig|players/humanlike/config.py::_validate_global_parameters|players/humanlike/config.py::load_config|players/humanlike/player.py::HumanlikeV2Player|players/humanlike/player.py::decide|players/humanlike/player.py::observe|players/humanlike/runtime.py::RoundRuntime|players/humanlike/runtime.py::create_round|players/humanlike/traceability.py::ParameterTrace|players/humanlike/traceability.py::_gp_consumer|players/humanlike/traceability.py::_rp_consumer,engine/orchestrator.py::DecisionAuditWriter|players/humanlike/audit_replay.py::HumanlikeV2Player|players/humanlike/audit_replay.py::verify_audit|players/humanlike/config.py::HumanlikeConfig|players/humanlike/config.py::_validate_global_parameters|players/humanlike/player.py::begin_new_round|players/humanlike/player.py::load_config|players/humanlike/player.py::update_memory|players/humanlike/settings_service.py::load_config|players/humanlike/traceability.py::ParameterTrace|players/humanlike/traceability.py::_gp_consumer,tests/humanlike_v2/test_audit_replay.py|tests/humanlike_v2/test_cognition.py|tests/humanlike_v2/test_config.py|tests/humanlike_v2/test_deterministic_policy.py|tests/humanlike_v2/test_humanlike_player_integration.py,tests/humanlike_v2/test_audit_replay.py::test_runner_audit_verifies_and_policy_replays|tests/humanlike_v2/test_audit_replay.py::test_tampering_and_truncation_are_detected|tests/humanlike_v2/test_audit_replay.py::test_writer_rejects_opponent_hand_leak_and_illegal_action|tests/humanlike_v2/test_audit_replay.py::test_writer_verifier_and_footer_contract|tests/humanlike_v2/test_cognition.py::test_bounded_noise_is_reproducible_and_stays_in_near_pool|tests/humanlike_v2/test_cognition.py::test_player_emits_trace_v2_and_cognitive_rp_slots|tests/humanlike_v2/test_cognition.py::test_round_reset_keeps_only_bounded_public_impressions|tests/humanlike_v2/test_config.py::test_default_has_all_gp_profiles_and_stable_hash|tests/humanlike_v2/test_config.py::test_hash_ignores_json_format_and_key_order|tests/humanlike_v2/test_config.py::test_invalid_range_fails|tests/humanlike_v2/test_config.py::test_missing_gp_fails|tests/humanlike_v2/test_config.py::test_non_normalized_weights_fail|tests/humanlike_v2/test_config.py::test_unknown_version_fails|tests/humanlike_v2/test_deterministic_policy.py::test_hidden_opponent_hands_cannot_change_decision|tests/humanlike_v2/test_deterministic_policy.py::test_player_dingque_and_trace_are_deterministic|tests/humanlike_v2/test_humanlike_player_integration.py::test_registry_exposes_humanlike_without_changing_old_defaults,tests/spec_v3/test_model_003.py,false,tests/spec_v3/vectors/model_003.jsonl,false,E1,Not Evaluated,PARTIAL_CANDIDATE,存在复合旧实现候选，但未隔离为v3单元，schema/错误/参数/状态/审计绑定及生产trace未按锁定规格核验,无规格歧义；按锁定DAG实施,AU-003|AU-041|AU-047
MODEL-004,可训练策略输入输出契约,可训练模型,P0,ADAPT,ml/modeling,REPLAY_BREAK|RNG_BREAK|VISIBILITY,players/humanlike/models/model_004.py,false,players/analysis/opponent_model.py|training/action_codec_v2.py,training/action_codec_v2.py::decode_action|training/action_codec_v2.py::encode_action|training/action_codec_v2.py::legal_action_mask,training/action_codec_v2.py::encode_action|training/env.py::decode_action|training/env.py::encode_action|training/env.py::legal_action_mask,tests/humanlike_v2/test_training_contract_v2.py,tests/humanlike_v2/test_training_contract_v2.py::test_codec_is_fixed_unique_and_roundtrips|tests/humanlike_v2/test_training_contract_v2.py::test_codec_rejects_mixed_exchange_and_mask_is_exact,tests/spec_v3/test_model_004.py,false,tests/spec_v3/vectors/model_004.jsonl,false,E1,Not Evaluated,PARTIAL_CANDIDATE,存在复合旧实现候选，但未隔离为v3单元，schema/错误/参数/状态/审计绑定及生产trace未按锁定规格核验,需要冻结数据/模型或独立评价资产；当前未找到,AU-077
MODEL-005,训练模型产物版本、冻结和评估生命周期,可训练模型,P1,ADAPT,ml/modeling,REPLAY_BREAK|RNG_BREAK|VISIBILITY,players/humanlike/models/model_005.py,false,players/analysis/opponent_model.py|training/action_codec_v2.py,training/action_codec_v2.py::decode_action|training/action_codec_v2.py::encode_action|training/action_codec_v2.py::legal_action_mask,training/action_codec_v2.py::encode_action|training/env.py::decode_action|training/env.py::encode_action|training/env.py::legal_action_mask,tests/humanlike_v2/test_training_contract_v2.py,tests/humanlike_v2/test_training_contract_v2.py::test_codec_is_fixed_unique_and_roundtrips|tests/humanlike_v2/test_training_contract_v2.py::test_codec_rejects_mixed_exchange_and_mask_is_exact,tests/spec_v3/test_model_005.py,false,tests/spec_v3/vectors/model_005.jsonl,false,E1,Not Evaluated,PARTIAL_CANDIDATE,存在复合旧实现候选，但未隔离为v3单元，schema/错误/参数/状态/审计绑定及生产trace未按锁定规格核验,需要冻结数据/模型或独立评价资产；当前未找到,AU-077
STATE-001,Match 配置冻结、玩家装配与整场控制,状态管理,P0,ADAPT,engine/state-runtime,DATA_MIGRATION|SCHEMA_BREAK,engine/state/state_001.py,false,engine/orchestrator.py|engine/session.py|engine/state.py|players/humanlike/cognition.py|players/humanlike/player.py|players/humanlike/runtime.py,engine/orchestrator.py::PlayerGameRunner|engine/orchestrator.py::_play_seat_action|engine/orchestrator.py::run|engine/session.py::GameSession|engine/session.py::apply|engine/session.py::play_random_game|players/humanlike/cognition.py::CognitiveState|players/humanlike/cognition.py::begin_new_round|players/humanlike/cognition.py::update_memory|players/humanlike/player.py::HumanlikeV2Player|players/humanlike/player.py::decide|players/humanlike/player.py::observe|players/humanlike/runtime.py::RoundRuntime|players/humanlike/runtime.py::create_round,display/app.py::PlayerGameRunner|engine/orchestrator.py::PlayerGameRunner|engine/orchestrator.py::_play_seat_action|main.py::GameSession|main.py::PlayerGameRunner|main.py::_play_seat_action|players/humanlike/audit_replay.py::HumanlikeV2Player|players/humanlike/player.py::begin_new_round|players/humanlike/player.py::update_memory,tests/humanlike_v2/test_cognition.py|tests/humanlike_v2/test_deterministic_policy.py|tests/humanlike_v2/test_humanlike_player_integration.py|tests/test_blood_battle.py|tests/test_session_scores.py,tests/humanlike_v2/test_cognition.py::test_bounded_noise_is_reproducible_and_stays_in_near_pool|tests/humanlike_v2/test_cognition.py::test_player_emits_trace_v2_and_cognitive_rp_slots|tests/humanlike_v2/test_cognition.py::test_round_reset_keeps_only_bounded_public_impressions|tests/humanlike_v2/test_deterministic_policy.py::test_hidden_opponent_hands_cannot_change_decision|tests/humanlike_v2/test_deterministic_policy.py::test_player_dingque_and_trace_are_deterministic|tests/humanlike_v2/test_humanlike_player_integration.py::test_humanlike_self_play_has_no_policy_crash_or_full_state_channel|tests/humanlike_v2/test_humanlike_player_integration.py::test_registry_exposes_humanlike_without_changing_old_defaults|tests/humanlike_v2/test_humanlike_player_integration.py::test_same_game_produces_same_decision_histories|tests/test_blood_battle.py::test_b10_random_games_terminate|tests/test_blood_battle.py::test_b11_more_random|tests/test_blood_battle.py::test_session_wrapper|tests/test_session_scores.py::test_second_hand_starts_from_previous_totals|tests/test_session_scores.py::test_starting_scores_applied_at_run_start,tests/spec_v3/test_state_001.py,false,tests/spec_v3/vectors/state_001.jsonl,false,E1,Not Evaluated,PARTIAL_CANDIDATE,存在复合旧实现候选，但未隔离为v3单元，schema/错误/参数/状态/审计绑定及生产trace未按锁定规格核验,无规格歧义；按锁定DAG实施,AU-003|AU-055
STATE-002,权威 RoundState 存储与授权访问,状态管理,P1,ADAPT,engine/state-runtime,DATA_MIGRATION|SCHEMA_BREAK,engine/state/state_002.py,false,engine/orchestrator.py|engine/session.py|engine/state.py|players/humanlike/runtime.py|protocols/player_view_v2.py|training/oracle.py,engine/state.py::GameState|engine/state.py::PlayerState|engine/state.py::from_dict|players/humanlike/runtime.py::RoundRuntime|players/humanlike/runtime.py::apply_event|players/humanlike/runtime.py::create_round|protocols/player_view_v2.py::PlayerViewV2|protocols/player_view_v2.py::freeze_mapping|protocols/player_view_v2.py::thaw|training/oracle.py::TrainingTruth|training/oracle.py::build_training_truth,engine/deal.py::GameState|engine/deal.py::PlayerState|players/humanlike/view.py::PlayerViewV2|protocols/player_view_builder.py::PlayerViewV2|protocols/player_view_v2.py::freeze_mapping|training/oracle.py::TrainingTruth,tests/humanlike_v2/test_player_view_v2.py|tests/humanlike_v2/test_runtime.py|tests/humanlike_v2/test_state_v5_migration.py|tests/test_exchange_dingque.py|tests/test_reward.py|tests/test_state_serde.py,tests/humanlike_v2/test_player_view_v2.py::test_oracle_is_separate_and_production_modules_do_not_import_it|tests/humanlike_v2/test_runtime.py::test_event_decision_and_finalize_lifecycle|tests/humanlike_v2/test_runtime.py::test_unknown_rp_and_invalid_transition_fail|tests/humanlike_v2/test_state_v5_migration.py::test_bad_legacy_state_fails_instead_of_guessing|tests/humanlike_v2/test_state_v5_migration.py::test_legacy_migration_is_deterministic_and_non_mutating|tests/test_exchange_dingque.py::test_t12_v1_dealt_readable|tests/test_reward.py::test_rw02_rank_bonus|tests/test_state_serde.py::test_strict_rejects_bad_hand_sizes|tests/test_state_serde.py::test_t08_dict_roundtrip|tests/test_state_serde.py::test_unsupported_schema_version,tests/spec_v3/test_state_002.py,false,tests/spec_v3/vectors/state_002.jsonl,false,E1,Not Evaluated,PARTIAL_CANDIDATE,存在复合旧实现候选，但未隔离为v3单元，schema/错误/参数/状态/审计绑定及生产trace未按锁定规格核验,无规格歧义；按锁定DAG实施,AU-057|AU-070
STATE-003,PlayerRoundState 手牌、副露、定缺与过胡状态,状态管理,P1,ADAPT,engine/state-runtime,DATA_MIGRATION|SCHEMA_BREAK,engine/state/state_003.py,false,engine/invariants.py|engine/orchestrator.py|engine/session.py|engine/shanten.py|engine/state.py|engine/win_check.py|players/humanlike/hand_analyzer.py|players/humanlike/runtime.py|protocols/player_view_v2.py,engine/invariants.py::assert_event_boundary|engine/invariants.py::ownership_regions|engine/shanten.py::shanten|engine/win_check.py::WinCheckResult|engine/win_check.py::WinForm|players/humanlike/hand_analyzer.py::HandFeatures|players/humanlike/hand_analyzer.py::analyze_action|players/humanlike/hand_analyzer.py::visible_hand|players/humanlike/runtime.py::RoundRuntime|players/humanlike/runtime.py::apply_event|players/humanlike/runtime.py::create_round|protocols/player_view_v2.py::PlayerViewV2|protocols/player_view_v2.py::freeze_mapping|protocols/player_view_v2.py::thaw,engine/score.py::shanten|players/humanlike/evaluator.py::analyze_action|players/humanlike/evaluator.py::visible_hand|players/humanlike/hand_analyzer.py::HandFeatures|players/humanlike/hand_analyzer.py::visible_hand|players/humanlike/player.py::analyze_action|players/humanlike/view.py::PlayerViewV2|protocols/player_view_builder.py::PlayerViewV2|protocols/player_view_v2.py::freeze_mapping,tests/humanlike_v2/test_invariants.py|tests/humanlike_v2/test_runtime.py|tests/test_shanten.py|tests/test_win_fan.py,tests/humanlike_v2/test_invariants.py::test_duplicate_ownership_reports_structured_failure|tests/humanlike_v2/test_invariants.py::test_ready_state_owns_every_physical_tile_once|tests/humanlike_v2/test_runtime.py::test_event_decision_and_finalize_lifecycle|tests/humanlike_v2/test_runtime.py::test_unknown_rp_and_invalid_transition_fail|tests/test_shanten.py::test_s01_tenpai_shanten_0|tests/test_shanten.py::test_s02_winning_standard_shanten_neg1|tests/test_shanten.py::test_s03_seven_pairs_tenpai|tests/test_shanten.py::test_s04_dingque_raises_shanten|tests/test_win_fan.py::test_w01_standard_win|tests/test_win_fan.py::test_w02_seven_pairs,tests/spec_v3/test_state_003.py,false,tests/spec_v3/vectors/state_003.jsonl,false,E1,Not Evaluated,PARTIAL_CANDIDATE,存在复合旧实现候选，但未隔离为v3单元，schema/错误/参数/状态/审计绑定及生产trace未按锁定规格核验,无规格歧义；按锁定DAG实施,AU-066|AU-070
STATE-004,CONFIGURED→SETTLED 状态机,状态管理,P0,REWRITE,engine/state-runtime,DATA_MIGRATION|RULE_DELTA|SCHEMA_BREAK,engine/state/state_004.py,false,engine/audit.py|engine/blood_battle.py|engine/orchestrator.py|engine/replay.py|engine/session.py|engine/state.py|players/humanlike/audit_replay.py|players/humanlike/runtime.py,engine/blood_battle.py::active_seats|engine/blood_battle.py::next_active|engine/orchestrator.py::PlayerGameRunner|engine/orchestrator.py::_play_seat_action|engine/orchestrator.py::run|engine/session.py::GameSession|engine/session.py::apply|engine/session.py::play_random_game|players/humanlike/runtime.py::RoundRuntime|players/humanlike/runtime.py::apply_event|players/humanlike/runtime.py::create_round,display/app.py::PlayerGameRunner|engine/orchestrator.py::PlayerGameRunner|engine/orchestrator.py::_play_seat_action|main.py::GameSession|main.py::PlayerGameRunner|main.py::_play_seat_action,tests/humanlike_v2/test_humanlike_player_integration.py|tests/humanlike_v2/test_runtime.py|tests/test_blood_battle.py|tests/test_session_scores.py,tests/humanlike_v2/test_humanlike_player_integration.py::test_humanlike_self_play_has_no_policy_crash_or_full_state_channel|tests/humanlike_v2/test_humanlike_player_integration.py::test_same_game_produces_same_decision_histories|tests/humanlike_v2/test_runtime.py::test_event_decision_and_finalize_lifecycle|tests/humanlike_v2/test_runtime.py::test_unknown_rp_and_invalid_transition_fail|tests/test_blood_battle.py::test_b10_random_games_terminate|tests/test_blood_battle.py::test_b11_more_random|tests/test_blood_battle.py::test_session_wrapper|tests/test_session_scores.py::test_second_hand_starts_from_previous_totals|tests/test_session_scores.py::test_starting_scores_applied_at_run_start,tests/spec_v3/test_state_004.py,false,tests/spec_v3/vectors/state_004.jsonl,false,E1,Not Evaluated,PARTIAL_CANDIDATE,规范RoundPhase与原有小写phase/编排耦合不等价，需单一权威状态机,无规格歧义；按锁定DAG实施,AU-043|AU-071
STATE-005,不可变 PlayerView 状态载体,状态管理,P1,ADAPT,engine/state-runtime,DATA_MIGRATION|SCHEMA_BREAK,engine/state/state_005.py,false,configs/humanlike_v2/default.json|engine/orchestrator.py|engine/session.py|engine/state.py|players/humanlike/config.py|players/humanlike/runtime.py|players/humanlike/traceability.py|players/humanlike/view.py|protocols/player_view_builder.py|protocols/player_view_v2.py|training/oracle.py,players/humanlike/runtime.py::RoundRuntime|players/humanlike/runtime.py::apply_event|players/humanlike/runtime.py::create_round|players/humanlike/view.py::DecisionContext|players/humanlike/view.py::build_decision_context|protocols/player_view_builder.py::PlayerViewBuilder|protocols/player_view_builder.py::build|protocols/player_view_builder.py::build_legacy_dict|protocols/player_view_v2.py::PlayerViewV2|protocols/player_view_v2.py::freeze_mapping|protocols/player_view_v2.py::thaw,players/humanlike/player.py::build_decision_context|players/humanlike/view.py::PlayerViewV2|protocols/player_view_builder.py::PlayerViewV2|protocols/player_view_v2.py::freeze_mapping|protocols/view_filter.py::PlayerViewBuilder|protocols/view_filter.py::build_legacy_dict,tests/humanlike_v2/test_deterministic_policy.py|tests/humanlike_v2/test_player_view_v2.py|tests/humanlike_v2/test_runtime.py,tests/humanlike_v2/test_deterministic_policy.py::test_context_rejects_wrong_view_version_and_seat|tests/humanlike_v2/test_player_view_v2.py::test_gp021_all_visibility_fields_have_hidden_partial_exact_contracts|tests/humanlike_v2/test_player_view_v2.py::test_gp021_wall_and_concealed_gang_visibility_modes|tests/humanlike_v2/test_player_view_v2.py::test_v2_whitelist_hides_opponents_wall_and_sentinel|tests/humanlike_v2/test_runtime.py::test_event_decision_and_finalize_lifecycle|tests/humanlike_v2/test_runtime.py::test_unknown_rp_and_invalid_transition_fail,tests/spec_v3/test_state_005.py,false,tests/spec_v3/vectors/state_005.jsonl,false,E1,Not Evaluated,PARTIAL_CANDIDATE,存在复合旧实现候选，但未隔离为v3单元，schema/错误/参数/状态/审计绑定及生产trace未按锁定规格核验,无规格歧义；按锁定DAG实施,AU-002|AU-058|AU-070
STATE-006,策略侧认知运行态初始化与归档,状态管理,P0,ADAPT,engine/state-runtime,DATA_MIGRATION|SCHEMA_BREAK,engine/state/state_006.py,false,engine/orchestrator.py|engine/session.py|engine/state.py|players/humanlike/cognition.py|players/humanlike/player.py|players/humanlike/runtime.py|protocols/player_view_v2.py,players/humanlike/cognition.py::CognitiveState|players/humanlike/cognition.py::begin_new_round|players/humanlike/cognition.py::update_memory|players/humanlike/player.py::HumanlikeV2Player|players/humanlike/player.py::decide|players/humanlike/player.py::observe|players/humanlike/runtime.py::RoundRuntime|players/humanlike/runtime.py::apply_event|players/humanlike/runtime.py::create_round|protocols/player_view_v2.py::PlayerViewV2|protocols/player_view_v2.py::freeze_mapping|protocols/player_view_v2.py::thaw,players/humanlike/audit_replay.py::HumanlikeV2Player|players/humanlike/player.py::begin_new_round|players/humanlike/player.py::update_memory|players/humanlike/view.py::PlayerViewV2|protocols/player_view_builder.py::PlayerViewV2|protocols/player_view_v2.py::freeze_mapping,tests/humanlike_v2/test_cognition.py|tests/humanlike_v2/test_deterministic_policy.py|tests/humanlike_v2/test_humanlike_player_integration.py|tests/humanlike_v2/test_runtime.py,tests/humanlike_v2/test_cognition.py::test_bounded_noise_is_reproducible_and_stays_in_near_pool|tests/humanlike_v2/test_cognition.py::test_player_emits_trace_v2_and_cognitive_rp_slots|tests/humanlike_v2/test_cognition.py::test_round_reset_keeps_only_bounded_public_impressions|tests/humanlike_v2/test_deterministic_policy.py::test_hidden_opponent_hands_cannot_change_decision|tests/humanlike_v2/test_deterministic_policy.py::test_player_dingque_and_trace_are_deterministic|tests/humanlike_v2/test_humanlike_player_integration.py::test_registry_exposes_humanlike_without_changing_old_defaults|tests/humanlike_v2/test_runtime.py::test_event_decision_and_finalize_lifecycle|tests/humanlike_v2/test_runtime.py::test_unknown_rp_and_invalid_transition_fail,tests/spec_v3/test_state_006.py,false,tests/spec_v3/vectors/state_006.jsonl,false,E1,Not Evaluated,PARTIAL_CANDIDATE,存在复合旧实现候选，但未隔离为v3单元，schema/错误/参数/状态/审计绑定及生产trace未按锁定规格核验,无规格歧义；按锁定DAG实施,AU-003|AU-070
STATE-007,存档 schema 持久化与迁移,状态管理,P0,ADAPT,engine/state-runtime,DATA_MIGRATION|SCHEMA_BREAK,engine/state/state_007.py,false,engine/orchestrator.py|engine/persistence.py|engine/session.py|engine/state.py|players/humanlike/config.py|players/humanlike/runtime.py,engine/persistence.py::load_game|engine/persistence.py::save_game|players/humanlike/config.py::HumanlikeConfig|players/humanlike/config.py::_validate_global_parameters|players/humanlike/config.py::load_config,engine/orchestrator.py::save_game|main.py::load_game|players/humanlike/config.py::HumanlikeConfig|players/humanlike/config.py::_validate_global_parameters|players/humanlike/player.py::load_config|players/humanlike/settings_service.py::load_config,tests/humanlike_v2/test_config.py,tests/humanlike_v2/test_config.py::test_default_has_all_gp_profiles_and_stable_hash|tests/humanlike_v2/test_config.py::test_hash_ignores_json_format_and_key_order|tests/humanlike_v2/test_config.py::test_invalid_range_fails|tests/humanlike_v2/test_config.py::test_missing_gp_fails|tests/humanlike_v2/test_config.py::test_missing_player_cognitive_gp_fails|tests/humanlike_v2/test_config.py::test_non_normalized_weights_fail|tests/humanlike_v2/test_config.py::test_player_cognitive_parameters_are_independent|tests/humanlike_v2/test_config.py::test_unknown_version_fails,tests/spec_v3/test_state_007.py,false,tests/spec_v3/vectors/state_007.jsonl,false,E1,Not Evaluated,PARTIAL_CANDIDATE,存在复合旧实现候选，但未隔离为v3单元，schema/错误/参数/状态/审计绑定及生产trace未按锁定规格核验,无规格歧义；按锁定DAG实施,AU-095
STATE-008,跨局比分、认知和 episode 状态继承,状态管理,P0,ADAPT,engine/state-runtime,DATA_MIGRATION|SCHEMA_BREAK,engine/state/state_008.py,false,engine/audit.py|engine/orchestrator.py|engine/session.py|engine/state.py|players/humanlike/runtime.py,engine/audit.py::DecisionAuditWriter|engine/audit.py::record_decision|engine/audit.py::verify_audit|engine/orchestrator.py::PlayerGameRunner|engine/orchestrator.py::_play_seat_action|engine/orchestrator.py::run|engine/session.py::GameSession|engine/session.py::apply|engine/session.py::play_random_game,display/app.py::PlayerGameRunner|engine/orchestrator.py::DecisionAuditWriter|engine/orchestrator.py::PlayerGameRunner|engine/orchestrator.py::_play_seat_action|main.py::GameSession|main.py::PlayerGameRunner|main.py::_play_seat_action|players/humanlike/audit_replay.py::verify_audit,tests/humanlike_v2/test_audit_replay.py|tests/humanlike_v2/test_humanlike_player_integration.py|tests/test_blood_battle.py|tests/test_session_scores.py,tests/humanlike_v2/test_audit_replay.py::test_runner_audit_verifies_and_policy_replays|tests/humanlike_v2/test_audit_replay.py::test_tampering_and_truncation_are_detected|tests/humanlike_v2/test_audit_replay.py::test_writer_rejects_opponent_hand_leak_and_illegal_action|tests/humanlike_v2/test_audit_replay.py::test_writer_verifier_and_footer_contract|tests/humanlike_v2/test_humanlike_player_integration.py::test_humanlike_self_play_has_no_policy_crash_or_full_state_channel|tests/humanlike_v2/test_humanlike_player_integration.py::test_same_game_produces_same_decision_histories|tests/test_blood_battle.py::test_b10_random_games_terminate|tests/test_blood_battle.py::test_b11_more_random|tests/test_blood_battle.py::test_session_wrapper|tests/test_session_scores.py::test_second_hand_starts_from_previous_totals|tests/test_session_scores.py::test_starting_scores_applied_at_run_start,tests/spec_v3/test_state_008.py,false,tests/spec_v3/vectors/state_008.jsonl,false,E1,Not Evaluated,PARTIAL_CANDIDATE,存在复合旧实现候选，但未隔离为v3单元，schema/错误/参数/状态/审计绑定及生产trace未按锁定规格核验,无规格歧义；按锁定DAG实施,AU-055|AU-081
STATE-009,决策请求上下文与生命周期,状态管理,P3,ADAPT,engine/state-runtime,DATA_MIGRATION|SCHEMA_BREAK,engine/state/state_009.py,false,engine/legal.py|engine/orchestrator.py|engine/session.py|engine/state.py|players/humanlike/candidates.py|players/humanlike/cognition.py|players/humanlike/runtime.py|players/humanlike/view.py|protocols/player_view_builder.py|protocols/player_view_v2.py|training/oracle.py,engine/legal.py::action_in_legal|engine/legal.py::legal_actions|engine/legal.py::legal_discards|players/humanlike/candidates.py::CandidateSet|players/humanlike/candidates.py::build_candidates|players/humanlike/candidates.py::stable_action_key|protocols/player_view_builder.py::PlayerViewBuilder|protocols/player_view_builder.py::build,engine/blood_battle.py::action_in_legal|engine/legal.py::legal_discards|engine/orchestrator.py::action_in_legal|players/humanlike/attention.py::stable_action_key|players/humanlike/player.py::build_candidates|training/env.py::action_in_legal,tests/humanlike_v2/test_deterministic_policy.py|tests/humanlike_v2/test_player_view_v2.py|tests/test_analysis.py,tests/humanlike_v2/test_deterministic_policy.py::test_evaluation_is_repeatable_and_rng_free|tests/humanlike_v2/test_deterministic_policy.py::test_mandatory_hu_survives_candidate_cap|tests/humanlike_v2/test_deterministic_policy.py::test_stable_action_key_is_explicit|tests/humanlike_v2/test_player_view_v2.py::test_gp021_all_visibility_fields_have_hidden_partial_exact_contracts|tests/humanlike_v2/test_player_view_v2.py::test_gp021_wall_and_concealed_gang_visibility_modes|tests/humanlike_v2/test_player_view_v2.py::test_v2_whitelist_hides_opponents_wall_and_sentinel|tests/test_analysis.py::test_an03_strategy_best_min_shanten,tests/spec_v3/test_state_009.py,false,tests/spec_v3/vectors/state_009.jsonl,false,E1,Not Evaluated,PARTIAL_CANDIDATE,存在复合旧实现候选，但未隔离为v3单元，schema/错误/参数/状态/审计绑定及生产trace未按锁定规格核验,无规格歧义；按锁定DAG实施,AU-073
STATE-010,GP/RP/Profile 注册与生命周期,状态管理,P0,ADAPT,engine/state-runtime,DATA_MIGRATION|SCHEMA_BREAK,engine/state/state_010.py,false,configs/humanlike_v2/default.json|engine/exchange.py|engine/opening.py|engine/orchestrator.py|engine/session.py|engine/state.py|players/humanlike/cognition.py|players/humanlike/config.py|players/humanlike/policy.py|players/humanlike/runtime.py|players/humanlike/traceability.py|protocols/player_view_v2.py,players/humanlike/cognition.py::CognitiveState|players/humanlike/cognition.py::begin_new_round|players/humanlike/config.py::HumanlikeConfig|players/humanlike/config.py::_validate_global_parameters|players/humanlike/config.py::load_config|players/humanlike/runtime.py::RoundRuntime|players/humanlike/runtime.py::apply_event|players/humanlike/runtime.py::create_round|players/humanlike/traceability.py::ParameterTrace|players/humanlike/traceability.py::_gp_consumer|players/humanlike/traceability.py::_rp_consumer|protocols/player_view_v2.py::PlayerViewV2|protocols/player_view_v2.py::freeze_mapping|protocols/player_view_v2.py::thaw,players/humanlike/config.py::HumanlikeConfig|players/humanlike/config.py::_validate_global_parameters|players/humanlike/player.py::load_config|players/humanlike/settings_service.py::load_config|players/humanlike/traceability.py::ParameterTrace|players/humanlike/traceability.py::_gp_consumer|players/humanlike/view.py::PlayerViewV2|protocols/player_view_builder.py::PlayerViewV2|protocols/player_view_v2.py::freeze_mapping,tests/humanlike_v2/test_cognition.py|tests/humanlike_v2/test_config.py|tests/humanlike_v2/test_runtime.py,tests/humanlike_v2/test_cognition.py::test_bounded_noise_is_reproducible_and_stays_in_near_pool|tests/humanlike_v2/test_cognition.py::test_round_reset_keeps_only_bounded_public_impressions|tests/humanlike_v2/test_config.py::test_default_has_all_gp_profiles_and_stable_hash|tests/humanlike_v2/test_config.py::test_hash_ignores_json_format_and_key_order|tests/humanlike_v2/test_config.py::test_invalid_range_fails|tests/humanlike_v2/test_config.py::test_missing_gp_fails|tests/humanlike_v2/test_config.py::test_missing_player_cognitive_gp_fails|tests/humanlike_v2/test_config.py::test_non_normalized_weights_fail|tests/humanlike_v2/test_config.py::test_player_cognitive_parameters_are_independent|tests/humanlike_v2/test_config.py::test_unknown_version_fails|tests/humanlike_v2/test_runtime.py::test_event_decision_and_finalize_lifecycle|tests/humanlike_v2/test_runtime.py::test_unknown_rp_and_invalid_transition_fail,tests/spec_v3/test_state_010.py,false,tests/spec_v3/vectors/state_010.jsonl,false,E1,Not Evaluated,PARTIAL_CANDIDATE,存在复合旧实现候选，但未隔离为v3单元，schema/错误/参数/状态/审计绑定及生产trace未按锁定规格核验,无规格歧义；按锁定DAG实施,AU-004|AU-045|AU-046|AU-069|AU-070
STATE-011,牌墙构建、洗牌与初始发牌,状态管理,P0,ADAPT,engine/state-runtime,DATA_MIGRATION|REPLAY_BREAK|RNG_BREAK|SCHEMA_BREAK,engine/state/state_011.py,false,engine/deal.py|engine/deck.py|engine/dice.py|engine/orchestrator.py|engine/session.py|training/env.py,engine/deal.py::create_dealt_game|engine/deck.py::Deck|engine/deck.py::build_full_wall|engine/deck.py::deal_hands|engine/deck.py::shuffle_wall|engine/dice.py::DiceResult|engine/dice.py::roll_dice,engine/orchestrator.py::create_dealt_game|engine/session.py::create_dealt_game|training/env.py::create_dealt_game,tests/test_game_id_repro.py|tests/test_tile_deck.py,tests/test_game_id_repro.py::test_t06_deal_reproducible|tests/test_tile_deck.py,tests/spec_v3/test_state_011.py,false,tests/spec_v3/vectors/state_011.jsonl,false,E1,Not Evaluated,PARTIAL_CANDIDATE,牌墙、洗牌和发牌已有复合实现，但未隔离为STATE-011门面，命名随机域、事件/状态提交和v3 golden尚未核验,无规格歧义；按锁定DAG实施,
STATE-012,策略超时、崩溃与合法默认动作回退,状态管理,P0,ADAPT,engine/state-runtime,DATA_MIGRATION|SCHEMA_BREAK,engine/state/state_012.py,false,engine/orchestrator.py|engine/session.py|engine/state.py|players/humanlike/runtime.py,players/humanlike/runtime.py::RoundRuntime|players/humanlike/runtime.py::apply_event|players/humanlike/runtime.py::create_round,,tests/humanlike_v2/test_runtime.py,tests/humanlike_v2/test_runtime.py::test_event_decision_and_finalize_lifecycle|tests/humanlike_v2/test_runtime.py::test_unknown_rp_and_invalid_transition_fail,tests/spec_v3/test_state_012.py,false,tests/spec_v3/vectors/state_012.jsonl,false,E1,Not Evaluated,PARTIAL_CANDIDATE,存在复合旧实现候选，但未隔离为v3单元，schema/错误/参数/状态/审计绑定及生产trace未按锁定规格核验,无规格歧义；按锁定DAG实施,AU-042
SCORE-001,分数账本分层与守恒,计分,P0,REWRITE,engine/scoring,RULE_DELTA|SCORE,engine/scoring/score_001.py,false,engine/fan.py|engine/legal.py|engine/reward.py|engine/score.py|players/humanlike/candidates.py|players/humanlike/view.py|protocols/player_view_builder.py|protocols/player_view_v2.py|training/oracle.py|training/reward_v2.py,engine/legal.py::action_in_legal|engine/legal.py::legal_actions|engine/legal.py::legal_discards|engine/reward.py::RewardConfig|engine/reward.py::load|engine/score.py::ScoreService|engine/score.py::apply_hu_dianpao|engine/score.py::apply_hu_zimo|players/humanlike/candidates.py::CandidateSet|players/humanlike/candidates.py::build_candidates|players/humanlike/candidates.py::stable_action_key|protocols/player_view_builder.py::PlayerViewBuilder|protocols/player_view_builder.py::build|training/reward_v2.py::TrainingContractConfig|training/reward_v2.py::shaping_delta|training/reward_v2.py::visible_potential,engine/blood_battle.py::ScoreService|engine/blood_battle.py::action_in_legal|engine/blood_battle.py::apply_hu_dianpao|engine/blood_battle.py::apply_hu_zimo|engine/legal.py::legal_discards|engine/orchestrator.py::action_in_legal|players/humanlike/attention.py::stable_action_key|players/humanlike/player.py::build_candidates|training/env.py::TrainingContractConfig|training/env.py::action_in_legal|training/env.py::shaping_delta|training/env.py::visible_potential,tests/humanlike_v2/test_deterministic_policy.py|tests/humanlike_v2/test_player_view_v2.py|tests/humanlike_v2/test_training_contract_v2.py|tests/test_analysis.py|tests/test_episode_log.py|tests/test_reward.py|tests/test_score.py,tests/humanlike_v2/test_deterministic_policy.py::test_evaluation_is_repeatable_and_rng_free|tests/humanlike_v2/test_deterministic_policy.py::test_mandatory_hu_survives_candidate_cap|tests/humanlike_v2/test_deterministic_policy.py::test_stable_action_key_is_explicit|tests/humanlike_v2/test_player_view_v2.py::test_gp021_all_visibility_fields_have_hidden_partial_exact_contracts|tests/humanlike_v2/test_player_view_v2.py::test_gp021_wall_and_concealed_gang_visibility_modes|tests/humanlike_v2/test_player_view_v2.py::test_v2_whitelist_hides_opponents_wall_and_sentinel|tests/humanlike_v2/test_training_contract_v2.py::test_illegal_raise_preserves_state_and_terminate_penalizes|tests/humanlike_v2/test_training_contract_v2.py::test_v2_shaping_is_separate_from_true_score|tests/test_analysis.py::test_an03_strategy_best_min_shanten|tests/test_episode_log.py::test_lg01_jsonl_parseable|tests/test_reward.py::test_rw01_deal_in_penalty|tests/test_reward.py::test_rw02_rank_bonus|tests/test_reward.py::test_rw03_engine_score_mode|tests/test_score.py::test_sc01_dianpao_fan2|tests/test_score.py::test_sc02_multi_ron,tests/spec_v3/test_score_001.py,false,tests/spec_v3/vectors/score_001.jsonl,false,E1,Not Evaluated,PARTIAL_CANDIDATE,规范要求原子ScoreTransfer、分层账本与幂等守恒，旧服务直接改分,无规格歧义；按锁定DAG实施,AU-068|AU-087
SCORE-002,自摸、点炮与抢杠胡计分,计分,P0,ADAPT,engine/scoring,SCORE,engine/scoring/score_002.py,false,configs/fan_table.json|engine/blood_battle.py|engine/fan.py|engine/legal.py|engine/orchestrator.py|engine/score.py|engine/session.py|training/env.py,engine/blood_battle.py::active_seats|engine/blood_battle.py::apply_action|engine/blood_battle.py::next_active|engine/orchestrator.py::PlayerGameRunner|engine/orchestrator.py::run|engine/session.py::GameSession|engine/session.py::apply|engine/session.py::play_random_game|training/env.py::ChengduMahjongEnv|training/env.py::reset|training/env.py::step,engine/blood_battle.py::active_seats|engine/blood_battle.py::next_active|engine/orchestrator.py::next_active|engine/session.py::apply_action|main.py::GameSession|training/env.py::ChengduMahjongEnv|training/env.py::next_active|training/spaces.py::ChengduMahjongEnv,tests/humanlike_v2/test_humanlike_player_integration.py|tests/humanlike_v2/test_training_contract_v2.py|tests/test_blood_battle.py|tests/test_env.py,tests/humanlike_v2/test_humanlike_player_integration.py::test_humanlike_self_play_has_no_policy_crash_or_full_state_channel|tests/humanlike_v2/test_humanlike_player_integration.py::test_same_game_produces_same_decision_histories|tests/humanlike_v2/test_training_contract_v2.py::test_illegal_raise_preserves_state_and_terminate_penalizes|tests/humanlike_v2/test_training_contract_v2.py::test_v1_integer_semantics_remain_legal_list_index|tests/humanlike_v2/test_training_contract_v2.py::test_v2_fixed_index_and_shaping_off|tests/humanlike_v2/test_training_contract_v2.py::test_v2_observation_shapes_and_no_hidden_fields|tests/humanlike_v2/test_training_contract_v2.py::test_v2_shaping_is_separate_from_true_score|tests/test_blood_battle.py::test_b02_discard_pass_cycle|tests/test_blood_battle.py::test_b10_random_games_terminate|tests/test_blood_battle.py::test_b11_more_random|tests/test_blood_battle.py::test_blood_battle_continues_after_first_hu|tests/test_blood_battle.py::test_force_complete_response_unblocks|tests/test_blood_battle.py::test_illegal_action|tests/test_env.py::test_e01_reset_returns_obs_with_legals|tests/test_env.py::test_e03_illegal_action_raises|tests/test_env.py::test_e04_same_game_id_dealt_hands,tests/spec_v3/test_score_002.py,false,tests/spec_v3/vectors/score_002.jsonl,false,E1,Not Evaluated,PARTIAL_CANDIDATE,存在复合旧实现候选，但未隔离为v3单元，schema/错误/参数/状态/审计绑定及生产trace未按锁定规格核验,无规格歧义；按锁定DAG实施,AU-040|AU-061
SCORE-003,明/暗/补杠与呼叫转移计分,计分,P0,REWRITE,engine/scoring,RULE_DELTA|SCORE,engine/scoring/score_003.py,false,configs/fan_table.json|engine/blood_battle.py|engine/fan.py|engine/legal.py|engine/orchestrator.py|engine/score.py|engine/session.py|players/analysis/danger.py|players/analysis/opponent_model.py|players/humanlike/belief.py|players/humanlike/candidates.py|training/env.py,engine/blood_battle.py::active_seats|engine/blood_battle.py::apply_action|engine/blood_battle.py::next_active|engine/legal.py::action_in_legal|engine/legal.py::legal_actions|engine/legal.py::legal_discards|engine/orchestrator.py::PlayerGameRunner|engine/orchestrator.py::run|engine/session.py::GameSession|engine/session.py::apply|engine/session.py::play_random_game|players/humanlike/belief.py::PublicBelief|players/humanlike/belief.py::build_public_belief|players/humanlike/candidates.py::CandidateSet|players/humanlike/candidates.py::build_candidates|players/humanlike/candidates.py::stable_action_key|training/env.py::ChengduMahjongEnv|training/env.py::reset|training/env.py::step,engine/blood_battle.py::action_in_legal|engine/blood_battle.py::active_seats|engine/blood_battle.py::next_active|engine/legal.py::legal_discards|engine/orchestrator.py::action_in_legal|engine/orchestrator.py::next_active|engine/session.py::apply_action|main.py::GameSession|players/humanlike/attention.py::stable_action_key|players/humanlike/player.py::build_candidates|training/env.py::ChengduMahjongEnv|training/env.py::action_in_legal|training/env.py::next_active|training/spaces.py::ChengduMahjongEnv,tests/humanlike_v2/test_deterministic_policy.py|tests/humanlike_v2/test_humanlike_player_integration.py|tests/humanlike_v2/test_training_contract_v2.py|tests/test_analysis.py|tests/test_blood_battle.py|tests/test_env.py,tests/humanlike_v2/test_deterministic_policy.py::test_evaluation_is_repeatable_and_rng_free|tests/humanlike_v2/test_deterministic_policy.py::test_mandatory_hu_survives_candidate_cap|tests/humanlike_v2/test_deterministic_policy.py::test_public_belief_uses_only_visible_counts|tests/humanlike_v2/test_deterministic_policy.py::test_stable_action_key_is_explicit|tests/humanlike_v2/test_humanlike_player_integration.py::test_humanlike_self_play_has_no_policy_crash_or_full_state_channel|tests/humanlike_v2/test_humanlike_player_integration.py::test_same_game_produces_same_decision_histories|tests/humanlike_v2/test_training_contract_v2.py::test_illegal_raise_preserves_state_and_terminate_penalizes|tests/humanlike_v2/test_training_contract_v2.py::test_v1_integer_semantics_remain_legal_list_index|tests/humanlike_v2/test_training_contract_v2.py::test_v2_fixed_index_and_shaping_off|tests/humanlike_v2/test_training_contract_v2.py::test_v2_observation_shapes_and_no_hidden_fields|tests/humanlike_v2/test_training_contract_v2.py::test_v2_shaping_is_separate_from_true_score|tests/test_analysis.py::test_an03_strategy_best_min_shanten|tests/test_blood_battle.py::test_b02_discard_pass_cycle|tests/test_blood_battle.py::test_b10_random_games_terminate|tests/test_blood_battle.py::test_b11_more_random|tests/test_blood_battle.py::test_blood_battle_continues_after_first_hu|tests/test_blood_battle.py::test_force_complete_response_unblocks|tests/test_blood_battle.py::test_illegal_action|tests/test_env.py::test_e01_reset_returns_obs_with_legals|tests/test_env.py::test_e03_illegal_action_raises|tests/test_env.py::test_e04_same_game_id_dealt_hands,tests/spec_v3/test_score_003.py,false,tests/spec_v3/vectors/score_003.jsonl,false,E1,Not Evaluated,PARTIAL_CANDIDATE,呼叫转移与抢杠关联账本在旧实现中不完整,无规格歧义；按锁定DAG实施,AU-033|AU-040|AU-061
SCORE-004,花猪、查大叫与退税终局调整,计分,P0,REWRITE,engine/scoring,RULE_DELTA|SCORE,engine/scoring/score_004.py,false,configs/fan_table.json|engine/blood_battle.py|engine/fan.py|engine/legal.py|engine/orchestrator.py|engine/score.py|engine/session.py|training/env.py,engine/blood_battle.py::active_seats|engine/blood_battle.py::apply_action|engine/blood_battle.py::next_active|engine/orchestrator.py::PlayerGameRunner|engine/orchestrator.py::run|engine/session.py::GameSession|engine/session.py::apply|engine/session.py::play_random_game|training/env.py::ChengduMahjongEnv|training/env.py::reset|training/env.py::step,engine/blood_battle.py::active_seats|engine/blood_battle.py::next_active|engine/orchestrator.py::next_active|engine/session.py::apply_action|main.py::GameSession|training/env.py::ChengduMahjongEnv|training/env.py::next_active|training/spaces.py::ChengduMahjongEnv,tests/humanlike_v2/test_humanlike_player_integration.py|tests/humanlike_v2/test_training_contract_v2.py|tests/test_blood_battle.py|tests/test_env.py,tests/humanlike_v2/test_humanlike_player_integration.py::test_humanlike_self_play_has_no_policy_crash_or_full_state_channel|tests/humanlike_v2/test_humanlike_player_integration.py::test_same_game_produces_same_decision_histories|tests/humanlike_v2/test_training_contract_v2.py::test_illegal_raise_preserves_state_and_terminate_penalizes|tests/humanlike_v2/test_training_contract_v2.py::test_v1_integer_semantics_remain_legal_list_index|tests/humanlike_v2/test_training_contract_v2.py::test_v2_fixed_index_and_shaping_off|tests/humanlike_v2/test_training_contract_v2.py::test_v2_observation_shapes_and_no_hidden_fields|tests/humanlike_v2/test_training_contract_v2.py::test_v2_shaping_is_separate_from_true_score|tests/test_blood_battle.py::test_b02_discard_pass_cycle|tests/test_blood_battle.py::test_b10_random_games_terminate|tests/test_blood_battle.py::test_b11_more_random|tests/test_blood_battle.py::test_blood_battle_continues_after_first_hu|tests/test_blood_battle.py::test_force_complete_response_unblocks|tests/test_blood_battle.py::test_illegal_action|tests/test_env.py::test_e01_reset_returns_obs_with_legals|tests/test_env.py::test_e03_illegal_action_raises|tests/test_env.py::test_e04_same_game_id_dealt_hands,tests/spec_v3/test_score_004.py,false,tests/spec_v3/vectors/score_004.jsonl,false,E1,Not Evaluated,PARTIAL_CANDIDATE,查大叫最大番、死叫与退税在旧实现中缺失或简化,无规格歧义；按锁定DAG实施,AU-040|AU-061
SCORE-005,封顶、互斥和转移结算顺序,计分,P0,REWRITE,engine/scoring,RULE_DELTA|SCORE,engine/scoring/score_005.py,false,configs/fan_table.json|engine/blood_battle.py|engine/fan.py|engine/legal.py|engine/orchestrator.py|engine/score.py|engine/session.py|training/env.py,engine/blood_battle.py::active_seats|engine/blood_battle.py::apply_action|engine/blood_battle.py::next_active|engine/orchestrator.py::PlayerGameRunner|engine/orchestrator.py::run|engine/session.py::GameSession|engine/session.py::apply|engine/session.py::play_random_game|training/env.py::ChengduMahjongEnv|training/env.py::reset|training/env.py::step,engine/blood_battle.py::active_seats|engine/blood_battle.py::next_active|engine/orchestrator.py::next_active|engine/session.py::apply_action|main.py::GameSession|training/env.py::ChengduMahjongEnv|training/env.py::next_active|training/spaces.py::ChengduMahjongEnv,tests/humanlike_v2/test_humanlike_player_integration.py|tests/humanlike_v2/test_training_contract_v2.py|tests/test_blood_battle.py|tests/test_env.py,tests/humanlike_v2/test_humanlike_player_integration.py::test_humanlike_self_play_has_no_policy_crash_or_full_state_channel|tests/humanlike_v2/test_humanlike_player_integration.py::test_same_game_produces_same_decision_histories|tests/humanlike_v2/test_training_contract_v2.py::test_illegal_raise_preserves_state_and_terminate_penalizes|tests/humanlike_v2/test_training_contract_v2.py::test_v1_integer_semantics_remain_legal_list_index|tests/humanlike_v2/test_training_contract_v2.py::test_v2_fixed_index_and_shaping_off|tests/humanlike_v2/test_training_contract_v2.py::test_v2_observation_shapes_and_no_hidden_fields|tests/humanlike_v2/test_training_contract_v2.py::test_v2_shaping_is_separate_from_true_score|tests/test_blood_battle.py::test_b02_discard_pass_cycle|tests/test_blood_battle.py::test_b10_random_games_terminate|tests/test_blood_battle.py::test_b11_more_random|tests/test_blood_battle.py::test_blood_battle_continues_after_first_hu|tests/test_blood_battle.py::test_force_complete_response_unblocks|tests/test_blood_battle.py::test_illegal_action|tests/test_env.py::test_e01_reset_returns_obs_with_legals|tests/test_env.py::test_e03_illegal_action_raises|tests/test_env.py::test_e04_same_game_id_dealt_hands,tests/spec_v3/test_score_005.py,false,tests/spec_v3/vectors/score_005.jsonl,false,E1,Not Evaluated,PARTIAL_CANDIDATE,规范封顶/互斥/转移顺序需独立结算层，旧路径耦合,无规格歧义；按锁定DAG实施,AU-040|AU-061
SCORE-006,单局总分、整场累计与排名,计分,P0,ADAPT,engine/scoring,SCORE,engine/scoring/score_006.py,false,configs/fan_table.json|engine/blood_battle.py|engine/fan.py|engine/legal.py|engine/orchestrator.py|engine/score.py|engine/session.py,engine/blood_battle.py::active_seats|engine/blood_battle.py::apply_action|engine/blood_battle.py::next_active|engine/fan.py::FanTable|engine/fan.py::apply_fan_cap|engine/fan.py::compute_fan|engine/orchestrator.py::PlayerGameRunner|engine/orchestrator.py::_play_seat_action|engine/orchestrator.py::run|engine/score.py::ScoreService|engine/score.py::apply_hu_dianpao|engine/score.py::apply_hu_zimo|engine/session.py::GameSession|engine/session.py::apply|engine/session.py::play_random_game,display/app.py::PlayerGameRunner|engine/blood_battle.py::ScoreService|engine/blood_battle.py::active_seats|engine/blood_battle.py::apply_hu_dianpao|engine/blood_battle.py::apply_hu_zimo|engine/blood_battle.py::compute_fan|engine/blood_battle.py::next_active|engine/fan.py::apply_fan_cap|engine/orchestrator.py::PlayerGameRunner|engine/orchestrator.py::_play_seat_action|engine/orchestrator.py::next_active|engine/session.py::apply_action|main.py::GameSession|main.py::PlayerGameRunner|main.py::_play_seat_action|training/env.py::next_active,tests/humanlike_v2/test_humanlike_player_integration.py|tests/test_blood_battle.py|tests/test_score.py|tests/test_score_ledger.py|tests/test_session_scores.py,tests/humanlike_v2/test_humanlike_player_integration.py::test_humanlike_self_play_has_no_policy_crash_or_full_state_channel|tests/humanlike_v2/test_humanlike_player_integration.py::test_same_game_produces_same_decision_histories|tests/test_blood_battle.py::test_b02_discard_pass_cycle|tests/test_blood_battle.py::test_b10_random_games_terminate|tests/test_blood_battle.py::test_b11_more_random|tests/test_blood_battle.py::test_blood_battle_continues_after_first_hu|tests/test_blood_battle.py::test_force_complete_response_unblocks|tests/test_blood_battle.py::test_illegal_action|tests/test_blood_battle.py::test_session_wrapper|tests/test_score.py::test_sc01_dianpao_fan2|tests/test_score.py::test_sc02_multi_ron|tests/test_score.py::test_sc03_zimo|tests/test_score.py::test_sc04_an_gang|tests/test_score.py::test_sc05_hua_zhu|tests/test_score.py::test_score_events_written|tests/test_score_ledger.py::test_build_game_result_includes_score_events|tests/test_score_ledger.py::test_ledger_matches_balances|tests/test_session_scores.py::test_second_hand_starts_from_previous_totals|tests/test_session_scores.py::test_starting_scores_applied_at_run_start,tests/spec_v3/test_score_006.py,false,tests/spec_v3/vectors/score_006.jsonl,false,E1,Not Evaluated,PARTIAL_CANDIDATE,存在复合旧实现候选，但未隔离为v3单元，schema/错误/参数/状态/审计绑定及生产trace未按锁定规格核验,无规格歧义；按锁定DAG实施,AU-039|AU-040|AU-055
TRAIN-001,复用生产规则的训练包装,训练接口,P0,REWRITE,training/platform,RULE_DELTA|VISIBILITY,training/train_001.py,false,engine/blood_battle.py|engine/orchestrator.py|engine/session.py|engine/state.py|training/action_codec_v2.py|training/env.py|training/observations_v2.py,engine/blood_battle.py::active_seats|engine/blood_battle.py::next_active|engine/orchestrator.py::PlayerGameRunner|engine/orchestrator.py::_play_seat_action|engine/orchestrator.py::run|engine/session.py::GameSession|engine/session.py::apply|engine/session.py::play_random_game|training/action_codec_v2.py::decode_action|training/action_codec_v2.py::encode_action|training/action_codec_v2.py::legal_action_mask,display/app.py::PlayerGameRunner|engine/orchestrator.py::PlayerGameRunner|engine/orchestrator.py::_play_seat_action|main.py::GameSession|main.py::PlayerGameRunner|main.py::_play_seat_action|training/action_codec_v2.py::encode_action|training/env.py::decode_action|training/env.py::encode_action|training/env.py::legal_action_mask,tests/humanlike_v2/test_humanlike_player_integration.py|tests/humanlike_v2/test_training_contract_v2.py|tests/test_blood_battle.py|tests/test_session_scores.py,tests/humanlike_v2/test_humanlike_player_integration.py::test_humanlike_self_play_has_no_policy_crash_or_full_state_channel|tests/humanlike_v2/test_humanlike_player_integration.py::test_same_game_produces_same_decision_histories|tests/humanlike_v2/test_training_contract_v2.py::test_codec_is_fixed_unique_and_roundtrips|tests/humanlike_v2/test_training_contract_v2.py::test_codec_rejects_mixed_exchange_and_mask_is_exact|tests/test_blood_battle.py::test_b10_random_games_terminate|tests/test_blood_battle.py::test_b11_more_random|tests/test_blood_battle.py::test_session_wrapper|tests/test_session_scores.py::test_second_hand_starts_from_previous_totals|tests/test_session_scores.py::test_starting_scores_applied_at_run_start,tests/spec_v3/test_train_001.py,false,tests/spec_v3/vectors/train_001.jsonl,false,E1,Not Evaluated,PARTIAL_CANDIDATE,训练必须包装同一生产规则引擎，旧env仍含独立流程职责,无规格歧义；按锁定DAG实施,AU-063|AU-077
TRAIN-002,Observation v2 编码,训练接口,P1,ADAPT,training/platform,VISIBILITY,training/train_002.py,false,training/env.py|training/reward_v2.py,training/env.py::ChengduMahjongEnv|training/env.py::reset|training/env.py::step|training/reward_v2.py::TrainingContractConfig|training/reward_v2.py::shaping_delta|training/reward_v2.py::visible_potential,training/env.py::ChengduMahjongEnv|training/env.py::TrainingContractConfig|training/env.py::shaping_delta|training/env.py::visible_potential|training/spaces.py::ChengduMahjongEnv,tests/humanlike_v2/test_training_contract_v2.py|tests/test_env.py,tests/humanlike_v2/test_training_contract_v2.py::test_illegal_raise_preserves_state_and_terminate_penalizes|tests/humanlike_v2/test_training_contract_v2.py::test_v1_integer_semantics_remain_legal_list_index|tests/humanlike_v2/test_training_contract_v2.py::test_v2_fixed_index_and_shaping_off|tests/humanlike_v2/test_training_contract_v2.py::test_v2_observation_shapes_and_no_hidden_fields|tests/humanlike_v2/test_training_contract_v2.py::test_v2_shaping_is_separate_from_true_score|tests/test_env.py::test_e01_reset_returns_obs_with_legals|tests/test_env.py::test_e03_illegal_action_raises|tests/test_env.py::test_e04_same_game_id_dealt_hands,tests/spec_v3/test_train_002.py,false,tests/spec_v3/vectors/train_002.jsonl,false,E1,Not Evaluated,PARTIAL_CANDIDATE,存在复合旧实现候选，但未隔离为v3单元，schema/错误/参数/状态/审计绑定及生产trace未按锁定规格核验,无规格歧义；按锁定DAG实施,AU-078
TRAIN-003,固定动作 codec 与 legal mask,训练接口,P3,ADAPT,training/platform,VISIBILITY,training/train_003.py,false,training/env.py,training/env.py::ChengduMahjongEnv|training/env.py::reset|training/env.py::step,training/env.py::ChengduMahjongEnv|training/spaces.py::ChengduMahjongEnv,tests/humanlike_v2/test_training_contract_v2.py|tests/test_env.py,tests/humanlike_v2/test_training_contract_v2.py::test_illegal_raise_preserves_state_and_terminate_penalizes|tests/humanlike_v2/test_training_contract_v2.py::test_v1_integer_semantics_remain_legal_list_index|tests/humanlike_v2/test_training_contract_v2.py::test_v2_fixed_index_and_shaping_off|tests/humanlike_v2/test_training_contract_v2.py::test_v2_observation_shapes_and_no_hidden_fields|tests/humanlike_v2/test_training_contract_v2.py::test_v2_shaping_is_separate_from_true_score|tests/test_env.py::test_e01_reset_returns_obs_with_legals|tests/test_env.py::test_e03_illegal_action_raises|tests/test_env.py::test_e04_same_game_id_dealt_hands,tests/spec_v3/test_train_003.py,false,tests/spec_v3/vectors/train_003.jsonl,false,E1,Not Evaluated,PARTIAL_CANDIDATE,存在复合旧实现候选，但未隔离为v3单元，schema/错误/参数/状态/审计绑定及生产trace未按锁定规格核验,无规格歧义；按锁定DAG实施,AU-079
TRAIN-004,非法训练动作处理契约,训练接口,P3,ADAPT,training/platform,VISIBILITY,training/train_004.py,false,training/env.py,training/env.py::ChengduMahjongEnv|training/env.py::reset|training/env.py::step,training/env.py::ChengduMahjongEnv|training/spaces.py::ChengduMahjongEnv,tests/humanlike_v2/test_training_contract_v2.py|tests/test_env.py,tests/humanlike_v2/test_training_contract_v2.py::test_illegal_raise_preserves_state_and_terminate_penalizes|tests/humanlike_v2/test_training_contract_v2.py::test_v1_integer_semantics_remain_legal_list_index|tests/humanlike_v2/test_training_contract_v2.py::test_v2_fixed_index_and_shaping_off|tests/humanlike_v2/test_training_contract_v2.py::test_v2_observation_shapes_and_no_hidden_fields|tests/humanlike_v2/test_training_contract_v2.py::test_v2_shaping_is_separate_from_true_score|tests/test_env.py::test_e01_reset_returns_obs_with_legals|tests/test_env.py::test_e03_illegal_action_raises|tests/test_env.py::test_e04_same_game_id_dealt_hands,tests/spec_v3/test_train_004.py,false,tests/spec_v3/vectors/train_004.jsonl,false,E1,Not Evaluated,PARTIAL_CANDIDATE,存在复合旧实现候选，但未隔离为v3单元，schema/错误/参数/状态/审计绑定及生产trace未按锁定规格核验,无规格歧义；按锁定DAG实施,AU-079
TRAIN-005,真实得分与可见势能奖励契约,训练接口,P3,ADAPT,training/platform,VISIBILITY,training/train_005.py,false,engine/audit.py|engine/replay.py|training/env.py,engine/audit.py::DecisionAuditWriter|engine/audit.py::record_decision|engine/audit.py::verify_audit|engine/replay.py::ReplaySession|engine/replay.py::StepRecorder,engine/orchestrator.py::DecisionAuditWriter|engine/orchestrator.py::StepRecorder|main.py::ReplaySession|players/humanlike/audit_replay.py::verify_audit,tests/humanlike_v2/test_audit_replay.py|tests/test_persistence.py,tests/humanlike_v2/test_audit_replay.py::test_runner_audit_verifies_and_policy_replays|tests/humanlike_v2/test_audit_replay.py::test_tampering_and_truncation_are_detected|tests/humanlike_v2/test_audit_replay.py::test_writer_rejects_opponent_hand_leak_and_illegal_action|tests/humanlike_v2/test_audit_replay.py::test_writer_verifier_and_footer_contract|tests/test_persistence.py::test_s03_steps_replay,tests/spec_v3/test_train_005.py,false,tests/spec_v3/vectors/train_005.jsonl,false,E1,Not Evaluated,PARTIAL_CANDIDATE,存在复合旧实现候选，但未隔离为v3单元，schema/错误/参数/状态/审计绑定及生产trace未按锁定规格核验,无规格歧义；按锁定DAG实施,AU-080
TRAIN-006,单 learner reset/step/mask/clone/restore,训练接口,P0,ADAPT,training/platform,VISIBILITY,training/train_006.py,false,engine/audit.py|engine/invariants.py|engine/state.py|training/env.py,engine/audit.py::DecisionAuditWriter|engine/audit.py::record_decision|engine/audit.py::verify_audit|engine/invariants.py::assert_event_boundary|engine/invariants.py::ownership_regions|engine/state.py::GameState|engine/state.py::PlayerState|engine/state.py::from_dict,engine/deal.py::GameState|engine/deal.py::PlayerState|engine/invariants.py::ownership_regions|engine/orchestrator.py::DecisionAuditWriter|engine/state.py::assert_event_boundary|players/humanlike/audit_replay.py::verify_audit,tests/humanlike_v2/test_audit_replay.py|tests/humanlike_v2/test_invariants.py|tests/humanlike_v2/test_state_v5_migration.py|tests/test_exchange_dingque.py|tests/test_reward.py|tests/test_state_serde.py,tests/humanlike_v2/test_audit_replay.py::test_runner_audit_verifies_and_policy_replays|tests/humanlike_v2/test_audit_replay.py::test_tampering_and_truncation_are_detected|tests/humanlike_v2/test_audit_replay.py::test_writer_rejects_opponent_hand_leak_and_illegal_action|tests/humanlike_v2/test_audit_replay.py::test_writer_verifier_and_footer_contract|tests/humanlike_v2/test_invariants.py::test_duplicate_ownership_reports_structured_failure|tests/humanlike_v2/test_invariants.py::test_ready_state_owns_every_physical_tile_once|tests/humanlike_v2/test_state_v5_migration.py::test_bad_legacy_state_fails_instead_of_guessing|tests/humanlike_v2/test_state_v5_migration.py::test_legacy_migration_is_deterministic_and_non_mutating|tests/test_exchange_dingque.py::test_t12_v1_dealt_readable|tests/test_reward.py::test_rw02_rank_bonus|tests/test_state_serde.py::test_strict_rejects_bad_hand_sizes|tests/test_state_serde.py::test_t08_dict_roundtrip,tests/spec_v3/test_train_006.py,false,tests/spec_v3/vectors/train_006.jsonl,false,E1,Not Evaluated,PARTIAL_CANDIDATE,存在复合旧实现候选，但未隔离为v3单元，schema/错误/参数/状态/审计绑定及生产trace未按锁定规格核验,无规格歧义；按锁定DAG实施,AU-081|AU-086
TRAIN-007,多玩家 ActionMap 与自博弈调度,训练接口,P0,ADAPT,training/platform,REPLAY_BREAK|RNG_BREAK|VISIBILITY,training/train_007.py,false,engine/blood_battle.py|engine/invariants.py|engine/orchestrator.py|engine/session.py|engine/state.py|training/action_codec_v2.py|training/env.py|training/observations_v2.py,engine/blood_battle.py::active_seats|engine/blood_battle.py::next_active|engine/invariants.py::assert_event_boundary|engine/invariants.py::ownership_regions|engine/orchestrator.py::PlayerGameRunner|engine/orchestrator.py::_play_seat_action|engine/orchestrator.py::run|engine/session.py::GameSession|engine/session.py::apply|engine/session.py::play_random_game|engine/state.py::GameState|engine/state.py::PlayerState|engine/state.py::from_dict|training/action_codec_v2.py::decode_action|training/action_codec_v2.py::encode_action|training/action_codec_v2.py::legal_action_mask,display/app.py::PlayerGameRunner|engine/deal.py::GameState|engine/deal.py::PlayerState|engine/invariants.py::ownership_regions|engine/orchestrator.py::PlayerGameRunner|engine/orchestrator.py::_play_seat_action|engine/state.py::assert_event_boundary|main.py::GameSession|main.py::PlayerGameRunner|main.py::_play_seat_action|training/action_codec_v2.py::encode_action|training/env.py::decode_action|training/env.py::encode_action|training/env.py::legal_action_mask,tests/humanlike_v2/test_humanlike_player_integration.py|tests/humanlike_v2/test_invariants.py|tests/humanlike_v2/test_state_v5_migration.py|tests/humanlike_v2/test_training_contract_v2.py|tests/test_blood_battle.py|tests/test_exchange_dingque.py|tests/test_reward.py|tests/test_session_scores.py|tests/test_state_serde.py,tests/humanlike_v2/test_humanlike_player_integration.py::test_humanlike_self_play_has_no_policy_crash_or_full_state_channel|tests/humanlike_v2/test_humanlike_player_integration.py::test_same_game_produces_same_decision_histories|tests/humanlike_v2/test_invariants.py::test_duplicate_ownership_reports_structured_failure|tests/humanlike_v2/test_invariants.py::test_ready_state_owns_every_physical_tile_once|tests/humanlike_v2/test_state_v5_migration.py::test_bad_legacy_state_fails_instead_of_guessing|tests/humanlike_v2/test_state_v5_migration.py::test_legacy_migration_is_deterministic_and_non_mutating|tests/humanlike_v2/test_training_contract_v2.py::test_codec_is_fixed_unique_and_roundtrips|tests/humanlike_v2/test_training_contract_v2.py::test_codec_rejects_mixed_exchange_and_mask_is_exact|tests/test_blood_battle.py::test_b10_random_games_terminate|tests/test_blood_battle.py::test_b11_more_random|tests/test_blood_battle.py::test_session_wrapper|tests/test_exchange_dingque.py::test_t12_v1_dealt_readable|tests/test_reward.py::test_rw02_rank_bonus|tests/test_session_scores.py::test_second_hand_starts_from_previous_totals|tests/test_session_scores.py::test_starting_scores_applied_at_run_start|tests/test_state_serde.py::test_strict_rejects_bad_hand_sizes|tests/test_state_serde.py::test_t08_dict_roundtrip,tests/spec_v3/test_train_007.py,false,tests/spec_v3/vectors/train_007.jsonl,false,E1,Not Evaluated,PARTIAL_CANDIDATE,存在复合旧实现候选，但未隔离为v3单元，schema/错误/参数/状态/审计绑定及生产trace未按锁定规格核验,需要冻结数据/模型或独立评价资产；当前未找到,AU-063|AU-077|AU-086
TRAIN-008,离线 BC 与回放 RL 数据消费,训练接口,P0,ADAPT,training/platform,VISIBILITY,training/train_008.py,false,training/action_codec_v2.py|training/env.py,training/action_codec_v2.py::decode_action|training/action_codec_v2.py::encode_action|training/action_codec_v2.py::legal_action_mask,training/action_codec_v2.py::encode_action|training/env.py::decode_action|training/env.py::encode_action|training/env.py::legal_action_mask,tests/humanlike_v2/test_training_contract_v2.py,tests/humanlike_v2/test_training_contract_v2.py::test_codec_is_fixed_unique_and_roundtrips|tests/humanlike_v2/test_training_contract_v2.py::test_codec_rejects_mixed_exchange_and_mask_is_exact,tests/spec_v3/test_train_008.py,false,tests/spec_v3/vectors/train_008.jsonl,false,E1,Not Evaluated,PARTIAL_CANDIDATE,存在复合旧实现候选，但未隔离为v3单元，schema/错误/参数/状态/审计绑定及生产trace未按锁定规格核验,需要冻结数据/模型或独立评价资产；当前未找到,AU-077
TRAIN-009,房规、profile 与行为域随机化,训练接口,P0,ADAPT,training/platform,REPLAY_BREAK|RNG_BREAK|VISIBILITY,training/train_009.py,false,training/action_codec_v2.py|training/env.py,training/action_codec_v2.py::decode_action|training/action_codec_v2.py::encode_action|training/action_codec_v2.py::legal_action_mask,training/action_codec_v2.py::encode_action|training/env.py::decode_action|training/env.py::encode_action|training/env.py::legal_action_mask,tests/humanlike_v2/test_training_contract_v2.py,tests/humanlike_v2/test_training_contract_v2.py::test_codec_is_fixed_unique_and_roundtrips|tests/humanlike_v2/test_training_contract_v2.py::test_codec_rejects_mixed_exchange_and_mask_is_exact,tests/spec_v3/test_train_009.py,false,tests/spec_v3/vectors/train_009.jsonl,false,E1,Not Evaluated,PARTIAL_CANDIDATE,存在复合旧实现候选，但未隔离为v3单元，schema/错误/参数/状态/审计绑定及生产trace未按锁定规格核验,无规格歧义；按锁定DAG实施,AU-077
AUDIT-001,全原子规则事件日志,日志审计,P0,REWRITE,audit/release,REPLAY_BREAK|RULE_DELTA,engine/audit/audit_001.py,false,engine/audit.py|engine/blood_battle.py|engine/invariants.py|engine/orchestrator.py|engine/physical_tile.py|engine/replay.py|engine/session.py|engine/state.py|players/humanlike/audit_replay.py|protocols/player_view_builder.py,engine/audit.py::DecisionAuditWriter|engine/audit.py::record_decision|engine/audit.py::verify_audit|engine/blood_battle.py::active_seats|engine/blood_battle.py::next_active|engine/orchestrator.py::PlayerGameRunner|engine/orchestrator.py::_play_seat_action|engine/orchestrator.py::run|engine/physical_tile.py::PhysicalTile|engine/physical_tile.py::id|engine/session.py::GameSession|engine/session.py::apply|engine/session.py::play_random_game|engine/state.py::GameState|engine/state.py::PlayerState|engine/state.py::from_dict|protocols/player_view_builder.py::PlayerViewBuilder|protocols/player_view_builder.py::build|protocols/player_view_builder.py::build_legacy_dict,display/app.py::PlayerGameRunner|engine/blood_battle.py::PhysicalTile|engine/deal.py::GameState|engine/deal.py::PlayerState|engine/orchestrator.py::DecisionAuditWriter|engine/orchestrator.py::PlayerGameRunner|engine/orchestrator.py::_play_seat_action|engine/physical_tile.py::PhysicalTile|main.py::GameSession|main.py::PlayerGameRunner|main.py::_play_seat_action|players/humanlike/audit_replay.py::verify_audit|protocols/view_filter.py::PlayerViewBuilder|protocols/view_filter.py::build_legacy_dict,tests/humanlike_v2/test_audit_replay.py|tests/humanlike_v2/test_humanlike_player_integration.py|tests/humanlike_v2/test_player_view_v2.py|tests/humanlike_v2/test_state_v5_migration.py|tests/test_blood_battle.py|tests/test_exchange_dingque.py|tests/test_reward.py|tests/test_session_scores.py|tests/test_state_serde.py,tests/humanlike_v2/test_audit_replay.py::test_runner_audit_verifies_and_policy_replays|tests/humanlike_v2/test_audit_replay.py::test_tampering_and_truncation_are_detected|tests/humanlike_v2/test_audit_replay.py::test_writer_rejects_opponent_hand_leak_and_illegal_action|tests/humanlike_v2/test_audit_replay.py::test_writer_verifier_and_footer_contract|tests/humanlike_v2/test_humanlike_player_integration.py::test_humanlike_self_play_has_no_policy_crash_or_full_state_channel|tests/humanlike_v2/test_humanlike_player_integration.py::test_same_game_produces_same_decision_histories|tests/humanlike_v2/test_player_view_v2.py::test_gp021_all_visibility_fields_have_hidden_partial_exact_contracts|tests/humanlike_v2/test_player_view_v2.py::test_gp021_wall_and_concealed_gang_visibility_modes|tests/humanlike_v2/test_player_view_v2.py::test_v2_whitelist_hides_opponents_wall_and_sentinel|tests/humanlike_v2/test_state_v5_migration.py::test_bad_legacy_state_fails_instead_of_guessing|tests/humanlike_v2/test_state_v5_migration.py::test_legacy_migration_is_deterministic_and_non_mutating|tests/test_blood_battle.py::test_b10_random_games_terminate|tests/test_blood_battle.py::test_b11_more_random|tests/test_blood_battle.py::test_session_wrapper|tests/test_exchange_dingque.py::test_human_face_exchange_resolves_to_physical_tiles|tests/test_exchange_dingque.py::test_t12_v1_dealt_readable|tests/test_reward.py::test_rw02_rank_bonus|tests/test_session_scores.py::test_second_hand_starts_from_previous_totals|tests/test_session_scores.py::test_starting_scores_applied_at_run_start|tests/test_state_serde.py::test_strict_rejects_bad_hand_sizes|tests/test_state_serde.py::test_t08_dict_roundtrip|tests/test_state_serde.py::test_unsupported_schema_version,tests/spec_v3/test_audit_001.py,false,tests/spec_v3/vectors/audit_001.jsonl,false,E1,Not Evaluated,PARTIAL_CANDIDATE,旧审计主要记录决策，未覆盖全部原子规则事件,无规格歧义；按锁定DAG实施,AU-029|AU-062|AU-071|AU-082
AUDIT-002,AI 决策解释日志,日志审计,P0,ADAPT,audit/release,REPLAY_BREAK,engine/audit/audit_002.py,false,configs/humanlike_v2/default.json|engine/audit.py|engine/invariants.py|engine/physical_tile.py|engine/replay.py|engine/state.py|players/humanlike/audit_replay.py|players/humanlike/cognition.py|players/humanlike/config.py|players/humanlike/memory.py|players/humanlike/plan.py|players/humanlike/policy.py|players/humanlike/traceability.py|protocols/player_view_builder.py,engine/audit.py::DecisionAuditWriter|engine/audit.py::record_decision|engine/audit.py::verify_audit|engine/physical_tile.py::PhysicalTile|engine/physical_tile.py::id|engine/state.py::GameState|engine/state.py::PlayerState|engine/state.py::from_dict|players/humanlike/audit_replay.py::replay_humanlike_audit|players/humanlike/cognition.py::CognitiveState|players/humanlike/cognition.py::begin_new_round|players/humanlike/cognition.py::update_memory|players/humanlike/config.py::HumanlikeConfig|players/humanlike/config.py::_validate_global_parameters|players/humanlike/config.py::load_config|players/humanlike/plan.py::PlanSnapshot|players/humanlike/plan.py::choose_plan|players/humanlike/traceability.py::ParameterTrace|players/humanlike/traceability.py::_gp_consumer|players/humanlike/traceability.py::_rp_consumer|protocols/player_view_builder.py::PlayerViewBuilder|protocols/player_view_builder.py::build|protocols/player_view_builder.py::build_legacy_dict,engine/blood_battle.py::PhysicalTile|engine/deal.py::GameState|engine/deal.py::PlayerState|engine/orchestrator.py::DecisionAuditWriter|engine/physical_tile.py::PhysicalTile|players/humanlike/audit_replay.py::verify_audit|players/humanlike/config.py::HumanlikeConfig|players/humanlike/config.py::_validate_global_parameters|players/humanlike/evaluator.py::choose_plan|players/humanlike/plan.py::PlanSnapshot|players/humanlike/player.py::begin_new_round|players/humanlike/player.py::load_config|players/humanlike/player.py::update_memory|players/humanlike/settings_service.py::load_config|players/humanlike/traceability.py::ParameterTrace|players/humanlike/traceability.py::_gp_consumer|protocols/view_filter.py::PlayerViewBuilder|protocols/view_filter.py::build_legacy_dict,tests/humanlike_v2/test_audit_replay.py|tests/humanlike_v2/test_cognition.py|tests/humanlike_v2/test_config.py|tests/humanlike_v2/test_player_view_v2.py|tests/humanlike_v2/test_state_v5_migration.py|tests/test_exchange_dingque.py|tests/test_reward.py|tests/test_state_serde.py,tests/humanlike_v2/test_audit_replay.py::test_runner_audit_verifies_and_policy_replays|tests/humanlike_v2/test_audit_replay.py::test_tampering_and_truncation_are_detected|tests/humanlike_v2/test_audit_replay.py::test_writer_rejects_opponent_hand_leak_and_illegal_action|tests/humanlike_v2/test_audit_replay.py::test_writer_verifier_and_footer_contract|tests/humanlike_v2/test_cognition.py::test_bounded_noise_is_reproducible_and_stays_in_near_pool|tests/humanlike_v2/test_cognition.py::test_round_reset_keeps_only_bounded_public_impressions|tests/humanlike_v2/test_config.py::test_default_has_all_gp_profiles_and_stable_hash|tests/humanlike_v2/test_config.py::test_hash_ignores_json_format_and_key_order|tests/humanlike_v2/test_config.py::test_invalid_range_fails|tests/humanlike_v2/test_config.py::test_missing_gp_fails|tests/humanlike_v2/test_config.py::test_non_normalized_weights_fail|tests/humanlike_v2/test_config.py::test_unknown_version_fails|tests/humanlike_v2/test_player_view_v2.py::test_gp021_all_visibility_fields_have_hidden_partial_exact_contracts|tests/humanlike_v2/test_player_view_v2.py::test_gp021_wall_and_concealed_gang_visibility_modes|tests/humanlike_v2/test_player_view_v2.py::test_v2_whitelist_hides_opponents_wall_and_sentinel|tests/humanlike_v2/test_state_v5_migration.py::test_bad_legacy_state_fails_instead_of_guessing|tests/humanlike_v2/test_state_v5_migration.py::test_legacy_migration_is_deterministic_and_non_mutating|tests/test_exchange_dingque.py::test_human_face_exchange_resolves_to_physical_tiles|tests/test_exchange_dingque.py::test_t12_v1_dealt_readable|tests/test_reward.py::test_rw02_rank_bonus|tests/test_state_serde.py::test_strict_rejects_bad_hand_sizes|tests/test_state_serde.py::test_t08_dict_roundtrip|tests/test_state_serde.py::test_unsupported_schema_version,tests/spec_v3/test_audit_002.py,false,tests/spec_v3/vectors/audit_002.jsonl,false,E1,Not Evaluated,PARTIAL_CANDIDATE,存在复合旧实现候选，但未隔离为v3单元，schema/错误/参数/状态/审计绑定及生产trace未按锁定规格核验,无规格歧义；按锁定DAG实施,AU-029|AU-038|AU-041|AU-062|AU-083
AUDIT-003,canonical hash 链与篡改检测,日志审计,P0,ADAPT,audit/release,REPLAY_BREAK,engine/audit/audit_003.py,false,engine/audit.py|engine/invariants.py|engine/physical_tile.py|engine/replay.py|engine/state.py|players/humanlike/audit_replay.py,engine/audit.py::DecisionAuditWriter|engine/audit.py::record_decision|engine/audit.py::verify_audit|engine/physical_tile.py::PhysicalTile|engine/physical_tile.py::id|engine/state.py::GameState|engine/state.py::PlayerState|engine/state.py::from_dict|players/humanlike/audit_replay.py::replay_humanlike_audit,engine/blood_battle.py::PhysicalTile|engine/deal.py::GameState|engine/deal.py::PlayerState|engine/orchestrator.py::DecisionAuditWriter|engine/physical_tile.py::PhysicalTile|players/humanlike/audit_replay.py::verify_audit,tests/humanlike_v2/test_audit_replay.py|tests/humanlike_v2/test_state_v5_migration.py|tests/test_exchange_dingque.py|tests/test_reward.py|tests/test_state_serde.py,tests/humanlike_v2/test_audit_replay.py::test_runner_audit_verifies_and_policy_replays|tests/humanlike_v2/test_audit_replay.py::test_tampering_and_truncation_are_detected|tests/humanlike_v2/test_audit_replay.py::test_writer_rejects_opponent_hand_leak_and_illegal_action|tests/humanlike_v2/test_audit_replay.py::test_writer_verifier_and_footer_contract|tests/humanlike_v2/test_state_v5_migration.py::test_bad_legacy_state_fails_instead_of_guessing|tests/humanlike_v2/test_state_v5_migration.py::test_legacy_migration_is_deterministic_and_non_mutating|tests/test_exchange_dingque.py::test_human_face_exchange_resolves_to_physical_tiles|tests/test_exchange_dingque.py::test_t12_v1_dealt_readable|tests/test_reward.py::test_rw02_rank_bonus|tests/test_state_serde.py::test_strict_rejects_bad_hand_sizes|tests/test_state_serde.py::test_t08_dict_roundtrip|tests/test_state_serde.py::test_unsupported_schema_version,tests/spec_v3/test_audit_003.py,false,tests/spec_v3/vectors/audit_003.jsonl,false,E1,Not Evaluated,PARTIAL_CANDIDATE,存在复合旧实现候选，但未隔离为v3单元，schema/错误/参数/状态/审计绑定及生产trace未按锁定规格核验,无规格歧义；按锁定DAG实施,AU-062|AU-082|AU-083
AUDIT-004,同配置/seed/事件的确定性回放,日志审计,P0,ADAPT,audit/release,REPLAY_BREAK,engine/audit/audit_004.py,false,engine/audit.py|engine/invariants.py|engine/physical_tile.py|engine/replay.py|engine/session.py|engine/state.py|players/base_player.py,engine/physical_tile.py::PhysicalTile|engine/physical_tile.py::id|engine/session.py::GameSession|engine/session.py::apply|engine/session.py::play_random_game|engine/state.py::GameState|engine/state.py::PlayerState|engine/state.py::from_dict|players/base_player.py::BasePlayer|players/base_player.py::observe,engine/blood_battle.py::PhysicalTile|engine/deal.py::GameState|engine/deal.py::PlayerState|engine/orchestrator.py::GameSession|engine/physical_tile.py::PhysicalTile|engine/session.py::GameSession|main.py::GameSession|players/analysis/predict_eval.py::GameSession|training/env.py::GameSession,tests/humanlike_v2/test_state_v5_migration.py|tests/test_blood_battle.py|tests/test_exchange_dingque.py|tests/test_reward.py|tests/test_state_serde.py,tests/humanlike_v2/test_state_v5_migration.py::test_bad_legacy_state_fails_instead_of_guessing|tests/humanlike_v2/test_state_v5_migration.py::test_legacy_migration_is_deterministic_and_non_mutating|tests/test_blood_battle.py::test_b10_random_games_terminate|tests/test_blood_battle.py::test_b11_more_random|tests/test_blood_battle.py::test_session_wrapper|tests/test_exchange_dingque.py::test_human_face_exchange_resolves_to_physical_tiles|tests/test_exchange_dingque.py::test_t12_v1_dealt_readable|tests/test_reward.py::test_rw02_rank_bonus|tests/test_state_serde.py::test_strict_rejects_bad_hand_sizes|tests/test_state_serde.py::test_t08_dict_roundtrip|tests/test_state_serde.py::test_unsupported_schema_version,tests/spec_v3/test_audit_004.py,false,tests/spec_v3/vectors/audit_004.jsonl,false,E1,Not Evaluated,PARTIAL_CANDIDATE,存在复合旧实现候选，但未隔离为v3单元，schema/错误/参数/状态/审计绑定及生产trace未按锁定规格核验,无规格歧义；按锁定DAG实施,AU-062|AU-084
AUDIT-005,每事件强制不变量执行,日志审计,P0,REWRITE,audit/release,REPLAY_BREAK|RULE_DELTA,engine/audit/audit_005.py,false,engine/audit.py|engine/blood_battle.py|engine/invariants.py|engine/legal.py|engine/orchestrator.py|engine/replay.py|engine/score.py|engine/session.py|engine/state.py|players/humanlike/attention.py|players/humanlike/audit_replay.py|players/humanlike/belief.py|players/humanlike/candidates.py|players/humanlike/view.py|protocols/player_view_builder.py|protocols/player_view_v2.py|training/oracle.py,engine/blood_battle.py::active_seats|engine/blood_battle.py::next_active|engine/legal.py::action_in_legal|engine/legal.py::legal_actions|engine/legal.py::legal_discards|engine/orchestrator.py::PlayerGameRunner|engine/orchestrator.py::_play_seat_action|engine/orchestrator.py::run|engine/session.py::GameSession|engine/session.py::apply|engine/session.py::play_random_game|players/humanlike/candidates.py::CandidateSet|players/humanlike/candidates.py::build_candidates|players/humanlike/candidates.py::stable_action_key|players/humanlike/view.py::DecisionContext|players/humanlike/view.py::build_decision_context|protocols/player_view_builder.py::PlayerViewBuilder|protocols/player_view_builder.py::build|protocols/player_view_builder.py::build_legacy_dict|protocols/player_view_v2.py::PlayerViewV2|protocols/player_view_v2.py::freeze_mapping|protocols/player_view_v2.py::thaw,display/app.py::PlayerGameRunner|engine/blood_battle.py::action_in_legal|engine/legal.py::legal_discards|engine/orchestrator.py::PlayerGameRunner|engine/orchestrator.py::_play_seat_action|engine/orchestrator.py::action_in_legal|main.py::GameSession|main.py::PlayerGameRunner|main.py::_play_seat_action|players/humanlike/attention.py::stable_action_key|players/humanlike/player.py::build_candidates|players/humanlike/player.py::build_decision_context|players/humanlike/view.py::PlayerViewV2|protocols/player_view_builder.py::PlayerViewV2|protocols/player_view_v2.py::freeze_mapping|protocols/view_filter.py::PlayerViewBuilder|protocols/view_filter.py::build_legacy_dict|training/env.py::action_in_legal,tests/humanlike_v2/test_deterministic_policy.py|tests/humanlike_v2/test_humanlike_player_integration.py|tests/humanlike_v2/test_player_view_v2.py|tests/test_analysis.py|tests/test_blood_battle.py|tests/test_session_scores.py,tests/humanlike_v2/test_deterministic_policy.py::test_context_rejects_wrong_view_version_and_seat|tests/humanlike_v2/test_deterministic_policy.py::test_evaluation_is_repeatable_and_rng_free|tests/humanlike_v2/test_deterministic_policy.py::test_mandatory_hu_survives_candidate_cap|tests/humanlike_v2/test_deterministic_policy.py::test_stable_action_key_is_explicit|tests/humanlike_v2/test_humanlike_player_integration.py::test_humanlike_self_play_has_no_policy_crash_or_full_state_channel|tests/humanlike_v2/test_humanlike_player_integration.py::test_same_game_produces_same_decision_histories|tests/humanlike_v2/test_player_view_v2.py::test_gp021_all_visibility_fields_have_hidden_partial_exact_contracts|tests/humanlike_v2/test_player_view_v2.py::test_gp021_wall_and_concealed_gang_visibility_modes|tests/humanlike_v2/test_player_view_v2.py::test_v2_whitelist_hides_opponents_wall_and_sentinel|tests/test_analysis.py::test_an03_strategy_best_min_shanten|tests/test_blood_battle.py::test_b10_random_games_terminate|tests/test_blood_battle.py::test_b11_more_random|tests/test_blood_battle.py::test_session_wrapper|tests/test_session_scores.py::test_second_hand_starts_from_previous_totals|tests/test_session_scores.py::test_starting_scores_applied_at_run_start,tests/spec_v3/test_audit_005.py,false,tests/spec_v3/vectors/audit_005.jsonl,false,E1,Not Evaluated,PARTIAL_CANDIDATE,旧不变量未证明在每个原子事件边界统一执行,无规格歧义；按锁定DAG实施,AU-053|AU-071|AU-087
AUDIT-006,直接规则与接口测试证据门禁,日志审计,P1,ADAPT,audit/release,REPLAY_BREAK,engine/audit/audit_006.py,false,engine/audit.py|engine/blood_battle.py|engine/exchange.py|engine/invariants.py|engine/legal.py|engine/opening.py|engine/orchestrator.py|engine/replay.py|engine/session.py|players/humanlike/evaluator.py,engine/exchange.py::resolve_exchange_direction|engine/exchange.py::resolve_exchange_tiles|engine/exchange.py::validate_exchange_tiles|engine/legal.py::legal_actions|engine/legal.py::legal_discards|engine/opening.py::begin_opening|engine/opening.py::submit_dingque|engine/opening.py::submit_exchange,engine/exchange.py::validate_exchange_tiles|engine/opening.py::resolve_exchange_direction|engine/opening.py::resolve_exchange_tiles|engine/opening.py::validate_exchange_tiles|engine/orchestrator.py::validate_exchange_tiles|training/env.py::validate_exchange_tiles,tests/test_analysis.py|tests/test_exchange_dingque.py,tests/test_analysis.py::test_an03_strategy_best_min_shanten|tests/test_exchange_dingque.py::test_human_face_exchange_resolves_to_physical_tiles|tests/test_exchange_dingque.py::test_t02_auto_dice_mapping|tests/test_exchange_dingque.py::test_t03_full_exchange_to_dingque|tests/test_exchange_dingque.py::test_t04_multiset_transfer|tests/test_exchange_dingque.py::test_t05_illegal_exchange|tests/test_exchange_dingque.py::test_t06_overwrite_pending|tests/test_exchange_dingque.py::test_t07_fixed_clockwise,tests/spec_v3/test_audit_006.py,false,tests/spec_v3/vectors/audit_006.jsonl,false,E1,Not Evaluated,PARTIAL_CANDIDATE,存在复合旧实现候选，但未隔离为v3单元，schema/错误/参数/状态/审计绑定及生产trace未按锁定规格核验,无规格歧义；按锁定DAG实施,AU-088
AUDIT-007,属性式生成、缩减与不变量证据,日志审计,P0,ADAPT,audit/release,REPLAY_BREAK|RNG_BREAK,engine/audit/audit_007.py,false,engine/audit.py|engine/invariants.py|engine/legal.py|engine/replay.py|players/humanlike/candidates.py|players/humanlike/config.py|players/humanlike/view.py|protocols/player_view_builder.py|protocols/player_view_v2.py|training/oracle.py,engine/legal.py::action_in_legal|engine/legal.py::legal_actions|engine/legal.py::legal_discards|players/humanlike/candidates.py::CandidateSet|players/humanlike/candidates.py::build_candidates|players/humanlike/candidates.py::stable_action_key|protocols/player_view_builder.py::PlayerViewBuilder|protocols/player_view_builder.py::build,engine/blood_battle.py::action_in_legal|engine/legal.py::legal_discards|engine/orchestrator.py::action_in_legal|players/humanlike/attention.py::stable_action_key|players/humanlike/player.py::build_candidates|training/env.py::action_in_legal,tests/humanlike_v2/test_deterministic_policy.py|tests/humanlike_v2/test_player_view_v2.py|tests/test_analysis.py,tests/humanlike_v2/test_deterministic_policy.py::test_evaluation_is_repeatable_and_rng_free|tests/humanlike_v2/test_deterministic_policy.py::test_mandatory_hu_survives_candidate_cap|tests/humanlike_v2/test_deterministic_policy.py::test_stable_action_key_is_explicit|tests/humanlike_v2/test_player_view_v2.py::test_gp021_all_visibility_fields_have_hidden_partial_exact_contracts|tests/humanlike_v2/test_player_view_v2.py::test_gp021_wall_and_concealed_gang_visibility_modes|tests/humanlike_v2/test_player_view_v2.py::test_v2_whitelist_hides_opponents_wall_and_sentinel|tests/test_analysis.py::test_an03_strategy_best_min_shanten,tests/spec_v3/test_audit_007.py,false,tests/spec_v3/vectors/audit_007.jsonl,false,E1,Not Evaluated,PARTIAL_CANDIDATE,存在复合旧实现候选，但未隔离为v3单元，schema/错误/参数/状态/审计绑定及生产trace未按锁定规格核验,无规格歧义；按锁定DAG实施,AU-089
AUDIT-008,锁定来源逐章 golden-case 对照,日志审计,P1,ADAPT,audit/release,REPLAY_BREAK,engine/audit/audit_008.py,false,configs/humanlike_v2/default.json|engine/audit.py|engine/invariants.py|engine/replay.py|players/humanlike/config.py|players/humanlike/runtime.py|players/humanlike/traceability.py,players/humanlike/config.py::HumanlikeConfig|players/humanlike/config.py::_validate_global_parameters|players/humanlike/config.py::load_config|players/humanlike/runtime.py::RoundRuntime|players/humanlike/runtime.py::apply_event|players/humanlike/runtime.py::create_round|players/humanlike/traceability.py::ParameterTrace|players/humanlike/traceability.py::_gp_consumer|players/humanlike/traceability.py::_rp_consumer,players/humanlike/config.py::HumanlikeConfig|players/humanlike/config.py::_validate_global_parameters|players/humanlike/player.py::load_config|players/humanlike/settings_service.py::load_config|players/humanlike/traceability.py::ParameterTrace|players/humanlike/traceability.py::_gp_consumer,tests/humanlike_v2/test_config.py|tests/humanlike_v2/test_runtime.py,tests/humanlike_v2/test_config.py::test_default_has_all_gp_profiles_and_stable_hash|tests/humanlike_v2/test_config.py::test_hash_ignores_json_format_and_key_order|tests/humanlike_v2/test_config.py::test_invalid_range_fails|tests/humanlike_v2/test_config.py::test_missing_gp_fails|tests/humanlike_v2/test_config.py::test_missing_player_cognitive_gp_fails|tests/humanlike_v2/test_config.py::test_non_normalized_weights_fail|tests/humanlike_v2/test_config.py::test_player_cognitive_parameters_are_independent|tests/humanlike_v2/test_config.py::test_unknown_version_fails|tests/humanlike_v2/test_runtime.py::test_event_decision_and_finalize_lifecycle|tests/humanlike_v2/test_runtime.py::test_unknown_rp_and_invalid_transition_fail,tests/spec_v3/test_audit_008.py,false,tests/spec_v3/vectors/audit_008.jsonl,false,E1,Not Evaluated,PARTIAL_CANDIDATE,存在复合旧实现候选，但未隔离为v3单元，schema/错误/参数/状态/审计绑定及生产trace未按锁定规格核验,无规格歧义；按锁定DAG实施,AU-043|AU-090
AUDIT-009,工程与行为回归指标,日志审计,P2,ADAPT,audit/release,REPLAY_BREAK,engine/audit/audit_009.py,false,engine/audit.py|engine/invariants.py|engine/physical_tile.py|engine/replay.py|players/humanlike/cognition.py|players/humanlike/policy.py|players/humanlike/view.py|protocols/player_view_builder.py|protocols/player_view_v2.py|training/oracle.py,players/humanlike/view.py::DecisionContext|players/humanlike/view.py::build_decision_context|protocols/player_view_builder.py::PlayerViewBuilder|protocols/player_view_builder.py::build|protocols/player_view_builder.py::build_legacy_dict|protocols/player_view_v2.py::PlayerViewV2|protocols/player_view_v2.py::freeze_mapping|protocols/player_view_v2.py::thaw,players/humanlike/player.py::build_decision_context|players/humanlike/view.py::PlayerViewV2|protocols/player_view_builder.py::PlayerViewV2|protocols/player_view_v2.py::freeze_mapping|protocols/view_filter.py::PlayerViewBuilder|protocols/view_filter.py::build_legacy_dict,tests/humanlike_v2/test_deterministic_policy.py|tests/humanlike_v2/test_player_view_v2.py,tests/humanlike_v2/test_deterministic_policy.py::test_context_rejects_wrong_view_version_and_seat|tests/humanlike_v2/test_player_view_v2.py::test_gp021_all_visibility_fields_have_hidden_partial_exact_contracts|tests/humanlike_v2/test_player_view_v2.py::test_gp021_wall_and_concealed_gang_visibility_modes|tests/humanlike_v2/test_player_view_v2.py::test_v2_whitelist_hides_opponents_wall_and_sentinel,tests/spec_v3/test_audit_009.py,false,tests/spec_v3/vectors/audit_009.jsonl,false,E1,Not Evaluated,PARTIAL_CANDIDATE,存在复合旧实现候选，但未隔离为v3单元，schema/错误/参数/状态/审计绑定及生产trace未按锁定规格核验,无规格歧义；按锁定DAG实施,AU-091
AUDIT-010,来源→参数→实现→测试全链追踪,日志审计,P0,ADAPT,audit/release,REPLAY_BREAK,engine/audit/audit_010.py,false,engine/audit.py|engine/invariants.py|engine/replay.py|players/humanlike/traceability.py,players/humanlike/traceability.py::ParameterTrace|players/humanlike/traceability.py::_gp_consumer|players/humanlike/traceability.py::_rp_consumer,players/humanlike/traceability.py::ParameterTrace|players/humanlike/traceability.py::_gp_consumer|players/humanlike/traceability.py::_rp_consumer,,,tests/spec_v3/test_audit_010.py,false,tests/spec_v3/vectors/audit_010.jsonl,false,E1,Not Evaluated,PARTIAL_CANDIDATE,存在复合旧实现候选，但未隔离为v3单元，schema/错误/参数/状态/审计绑定及生产trace未按锁定规格核验,无规格歧义；按锁定DAG实施,AU-092
AUDIT-011,版本、迁移与发布物完整性,日志审计,P0,ADAPT,audit/release,REPLAY_BREAK,engine/audit/audit_011.py,false,configs/humanlike_v2/default.json|engine/audit.py|engine/invariants.py|engine/persistence.py|engine/replay.py|players/humanlike/config.py|players/humanlike/traceability.py,engine/persistence.py::load_game|engine/persistence.py::save_game|players/humanlike/config.py::HumanlikeConfig|players/humanlike/config.py::_validate_global_parameters|players/humanlike/config.py::load_config|players/humanlike/traceability.py::ParameterTrace|players/humanlike/traceability.py::_gp_consumer|players/humanlike/traceability.py::_rp_consumer,engine/orchestrator.py::save_game|main.py::load_game|players/humanlike/config.py::HumanlikeConfig|players/humanlike/config.py::_validate_global_parameters|players/humanlike/player.py::load_config|players/humanlike/settings_service.py::load_config|players/humanlike/traceability.py::ParameterTrace|players/humanlike/traceability.py::_gp_consumer,tests/humanlike_v2/test_config.py,tests/humanlike_v2/test_config.py::test_default_has_all_gp_profiles_and_stable_hash|tests/humanlike_v2/test_config.py::test_hash_ignores_json_format_and_key_order|tests/humanlike_v2/test_config.py::test_invalid_range_fails|tests/humanlike_v2/test_config.py::test_missing_gp_fails|tests/humanlike_v2/test_config.py::test_missing_player_cognitive_gp_fails|tests/humanlike_v2/test_config.py::test_non_normalized_weights_fail|tests/humanlike_v2/test_config.py::test_player_cognitive_parameters_are_independent|tests/humanlike_v2/test_config.py::test_unknown_version_fails,tests/spec_v3/test_audit_011.py,false,tests/spec_v3/vectors/audit_011.jsonl,false,E1,Not Evaluated,PARTIAL_CANDIDATE,存在复合旧实现候选，但未隔离为v3单元，schema/错误/参数/状态/审计绑定及生产trace未按锁定规格核验,无规格歧义；按锁定DAG实施,AU-048|AU-051|AU-095
AUDIT-012,强度、真人相似和学习效果外部评价,日志审计,P2,ADAPT,audit/release,REPLAY_BREAK,engine/audit/audit_012.py,false,engine/audit.py|engine/invariants.py|engine/physical_tile.py|engine/replay.py|players/humanlike/cognition.py|players/humanlike/policy.py|players/humanlike/view.py|protocols/player_view_builder.py|protocols/player_view_v2.py|training/oracle.py,players/humanlike/view.py::DecisionContext|players/humanlike/view.py::build_decision_context|protocols/player_view_builder.py::PlayerViewBuilder|protocols/player_view_builder.py::build|protocols/player_view_builder.py::build_legacy_dict|protocols/player_view_v2.py::PlayerViewV2|protocols/player_view_v2.py::freeze_mapping|protocols/player_view_v2.py::thaw,players/humanlike/player.py::build_decision_context|players/humanlike/view.py::PlayerViewV2|protocols/player_view_builder.py::PlayerViewV2|protocols/player_view_v2.py::freeze_mapping|protocols/view_filter.py::PlayerViewBuilder|protocols/view_filter.py::build_legacy_dict,tests/humanlike_v2/test_deterministic_policy.py|tests/humanlike_v2/test_player_view_v2.py,tests/humanlike_v2/test_deterministic_policy.py::test_context_rejects_wrong_view_version_and_seat|tests/humanlike_v2/test_player_view_v2.py::test_gp021_all_visibility_fields_have_hidden_partial_exact_contracts|tests/humanlike_v2/test_player_view_v2.py::test_gp021_wall_and_concealed_gang_visibility_modes|tests/humanlike_v2/test_player_view_v2.py::test_v2_whitelist_hides_opponents_wall_and_sentinel,tests/spec_v3/test_audit_012.py,false,tests/spec_v3/vectors/audit_012.jsonl,false,E1,Not Evaluated,PARTIAL_CANDIDATE,存在复合旧实现候选，但未隔离为v3单元，schema/错误/参数/状态/审计绑定及生产trace未按锁定规格核验,需要冻结数据/模型或独立评价资产；当前未找到,AU-091
AUDIT-013,模块依赖、接口与信息流架构契约,日志审计,P1,ADAPT,audit/release,REPLAY_BREAK,engine/audit/audit_013.py,false,engine/audit.py|engine/invariants.py|engine/orchestrator.py|engine/replay.py|engine/shanten.py|engine/state.py|engine/win_check.py|players/humanlike/audit_replay.py|players/humanlike/hand_analyzer.py|training/env.py,engine/audit.py::DecisionAuditWriter|engine/audit.py::record_decision|engine/orchestrator.py::PlayerGameRunner|engine/orchestrator.py::_play_seat_action|engine/orchestrator.py::run|engine/shanten.py::shanten|engine/state.py::GameState|engine/state.py::PlayerState|engine/state.py::from_dict|engine/win_check.py::WinCheckResult|engine/win_check.py::WinForm|players/humanlike/hand_analyzer.py::HandFeatures|players/humanlike/hand_analyzer.py::analyze_action|players/humanlike/hand_analyzer.py::visible_hand|training/env.py::ChengduMahjongEnv|training/env.py::reset|training/env.py::step,display/app.py::PlayerGameRunner|engine/deal.py::GameState|engine/orchestrator.py::PlayerGameRunner|engine/orchestrator.py::_play_seat_action|engine/score.py::shanten|main.py::PlayerGameRunner|main.py::_play_seat_action|players/humanlike/evaluator.py::analyze_action|players/humanlike/evaluator.py::visible_hand|players/humanlike/hand_analyzer.py::HandFeatures|players/humanlike/hand_analyzer.py::visible_hand|players/humanlike/player.py::analyze_action|training/env.py::ChengduMahjongEnv|training/spaces.py::ChengduMahjongEnv,tests/humanlike_v2/test_audit_replay.py|tests/humanlike_v2/test_humanlike_player_integration.py|tests/humanlike_v2/test_state_v5_migration.py|tests/humanlike_v2/test_training_contract_v2.py|tests/test_env.py|tests/test_exchange_dingque.py|tests/test_reward.py|tests/test_session_scores.py|tests/test_shanten.py|tests/test_win_fan.py,tests/humanlike_v2/test_audit_replay.py::test_writer_rejects_opponent_hand_leak_and_illegal_action|tests/humanlike_v2/test_humanlike_player_integration.py::test_humanlike_self_play_has_no_policy_crash_or_full_state_channel|tests/humanlike_v2/test_humanlike_player_integration.py::test_same_game_produces_same_decision_histories|tests/humanlike_v2/test_state_v5_migration.py::test_bad_legacy_state_fails_instead_of_guessing|tests/humanlike_v2/test_state_v5_migration.py::test_legacy_migration_is_deterministic_and_non_mutating|tests/humanlike_v2/test_training_contract_v2.py::test_illegal_raise_preserves_state_and_terminate_penalizes|tests/humanlike_v2/test_training_contract_v2.py::test_v1_integer_semantics_remain_legal_list_index|tests/humanlike_v2/test_training_contract_v2.py::test_v2_fixed_index_and_shaping_off|tests/humanlike_v2/test_training_contract_v2.py::test_v2_observation_shapes_and_no_hidden_fields|tests/humanlike_v2/test_training_contract_v2.py::test_v2_shaping_is_separate_from_true_score|tests/test_env.py::test_e01_reset_returns_obs_with_legals|tests/test_env.py::test_e03_illegal_action_raises|tests/test_env.py::test_e04_same_game_id_dealt_hands|tests/test_exchange_dingque.py::test_t12_v1_dealt_readable|tests/test_reward.py::test_rw02_rank_bonus|tests/test_session_scores.py::test_second_hand_starts_from_previous_totals|tests/test_session_scores.py::test_starting_scores_applied_at_run_start|tests/test_shanten.py::test_s01_tenpai_shanten_0|tests/test_shanten.py::test_s02_winning_standard_shanten_neg1|tests/test_shanten.py::test_s03_seven_pairs_tenpai|tests/test_shanten.py::test_s04_dingque_raises_shanten|tests/test_win_fan.py::test_w01_standard_win|tests/test_win_fan.py::test_w02_seven_pairs,tests/spec_v3/test_audit_013.py,false,tests/spec_v3/vectors/audit_013.jsonl,false,E1,Not Evaluated,PARTIAL_CANDIDATE,存在复合旧实现候选，但未隔离为v3单元，schema/错误/参数/状态/审计绑定及生产trace未按锁定规格核验,无规格歧义；按锁定DAG实施,AU-054|AU-085|AU-093
AUDIT-014,证据数据保留、脱敏与新鲜度管理,日志审计,P2,ADAPT,audit/release,REPLAY_BREAK,engine/audit/audit_014.py,false,engine/audit.py|engine/invariants.py|engine/replay.py|players/humanlike/audit_replay.py,engine/audit.py::DecisionAuditWriter|engine/audit.py::record_decision|engine/audit.py::verify_audit|players/humanlike/audit_replay.py::replay_humanlike_audit,engine/orchestrator.py::DecisionAuditWriter|players/humanlike/audit_replay.py::verify_audit,tests/humanlike_v2/test_audit_replay.py,tests/humanlike_v2/test_audit_replay.py::test_runner_audit_verifies_and_policy_replays|tests/humanlike_v2/test_audit_replay.py::test_tampering_and_truncation_are_detected|tests/humanlike_v2/test_audit_replay.py::test_writer_rejects_opponent_hand_leak_and_illegal_action|tests/humanlike_v2/test_audit_replay.py::test_writer_verifier_and_footer_contract,tests/spec_v3/test_audit_014.py,false,tests/spec_v3/vectors/audit_014.jsonl,false,E1,Not Evaluated,PARTIAL_CANDIDATE,存在复合旧实现候选，但未隔离为v3单元，schema/错误/参数/状态/审计绑定及生产trace未按锁定规格核验,无规格歧义；按锁定DAG实施,AU-083
